case,Unnamed: 0,collection_id,priority,alloc_collection_id,instance_index,machine_id,vertical_scaling,assigned_memory,page_cache_memory,cycles_per_instruction,memory_accesses_per_instruction,sample_rate,req_cpu,req_memory,avg_cpu,avg_memory,max_cpu,max_memory,sample_cpu,cpu_mean,tail_cpu_mean,scheduling_class_1,scheduling_class_2,scheduling_class_3,collection_type_1,scheduler_1.0,failure_probability,raw_isolation_forest_score,calibrated_anomaly_signal,risk_score,risk_band,confidence,action
0,0,94591244395,200.0,0,144,168846390496,1.0,0.014434814453125,0.0004148483276367,0.0,0.0,1.0,0.020660400390625,0.014434814453125,0.00466156005859375,0.00592041015625,0.01190185546875,0.0059356689453125,0.0043487548828125,0.005053779090909091,0.006783377777777778,False,False,True,True,False,0.99,0.05578327776684383,0.860175,0.9510525,Restart Task,0.870175,Restart Task
1,0,94591244395,0.0,0,144,168846390496,1.0,0.0,0.0,0.0,0.0,0.9833333492279052,0.0,0.0001792716979980469,0.0,0.0,0.0,0.0,0.0,0.0,0.0,False,False,True,True,False,0.33,0.012175864550206139,0.9411625,0.51334875,Migrate VM,0.38883749999999995,Migrate VM
2,0,94591244395,360.0,0,144,168846390496,1.0,0.1875,0.0024795532226562,4.69735862255098,0.03168676316738151,1.0,0.12548828125,0.1041259765625,0.074462890625,0.129638671875,0.23779296875,0.129638671875,0.07325073242187519,0.07608867366363649,0.0978352871333337,False,False,True,True,False,0.26,-0.18527109976491563,0.999725,0.4819175,Scale Resources,0.26027500000000003,Scale Resources
3,0,94591244395,278.6241774801468,0,144,168846390496,1.0,0.0822897074535098,0.0021289392392821785,3.2757877243933855,0.002984175318248048,0.9995937062480849,0.0955141129939066,0.08188806604314133,0.009539711417490599,0.058387434819957555,0.08817316298889993,0.12014458229458193,0.04716359162680729,0.06260283989513127,0.04338155546126906,False,False,True,True,False,0.33,-0.11443891388057437,0.9936875,0.5291062499999999,Migrate VM,0.3363125,Migrate VM
4,0,94591244395,81.80593984251968,0,144,168846390496,1.0,0.10398464756546902,0.00015823828303418398,3.8876804220513286,0.020015400216247217,0.9959681328465146,0.044488854399109455,0.10108013275233017,0.06650438037189216,0.10090860277006043,0.0462837161737833,0.060505091059339634,0.003208657926750786,0.011739682811655877,0.06682629046659858,False,False,True,True,False,0.315,-0.12319098070741685,0.99415,0.518745,Migrate VM,0.3208500000000001,Migrate VM
5,0,94591244395,268.1143761268142,0,144,168846390496,1.0,0.18140807483141438,0.0008079013167945652,1.7401820944505928,0.014878703785764214,0.9864912022010771,0.016303626401961042,0.049627231266994865,0.016896326040165933,0.08683379667392896,0.10395165258341067,0.1079472954362089,0.05129493161114389,0.02376756343952429,0.08142437663903078,False,False,True,True,False,0.28,-0.13580939473318177,0.9951625,0.49454875,Scale Resources,0.2848375000000001,Scale Resources
6,0,94591244395,289.7151686988487,0,144,168846390496,1.0,0.0726521960681577,0.0007149248792825886,3.2059261404491277,0.004428303850181566,0.986665149425035,0.0009238785771525473,0.08197746771689475,0.04950671661635005,0.09141670313734959,0.1856518740760246,0.059493231643276,0.0416607091620427,0.010636968169691329,0.011205082629793785,False,False,True,True,False,0.35,-0.12464890586727606,0.9941875,0.54325625,Migrate VM,0.3558125,Migrate VM
7,0,94591244395,240.62506624456978,0,144,168846390496,1.0,0.08833053865183735,0.0014015330093870748,3.5934739791248154,0.020112169083856993,0.9925596637732975,0.07017394546463442,0.031773882834848825,0.002294785044731816,0.056615462324800886,0.051026726398003285,0.05296111079535688,0.06251240016797238,0.017800145197046813,0.0057040654738103585,False,False,True,True,False,0.4,-0.10867138306140833,0.9933,0.57799,Migrate VM,0.40670000000000006,Migrate VM
8,0,94591244395,101.29820112791876,0,144,168846390496,1.0,0.05504882958125318,0.0016412572272204327,2.616579783838435,0.024839196899289432,0.9944052310077157,0.05099678876469635,0.0847940083765667,0.012433286272424241,0.0029443629966015416,0.02141274814342653,0.0936457068278113,0.03383284540490121,0.01227095576604182,0.04901985943889418,False,False,True,True,False,0.43,-0.11074910585674691,0.9934625,0.5990387500000001,Migrate VM,0.4365375,Migrate VM
9,0,94591244395,54.83235697674063,0,144,168846390496,1.0,0.1305600703270755,0.0011062682309078756,1.7897933417792584,0.009553942160931184,0.9938380490951481,0.045403242632920573,0.009290191992546206,0.008787060582704388,0.12469913571186333,0.21605409979228743,0.09070910352868848,0.019475169405885537,0.07374334509851638,0.07618931829483669,False,False,True,True,False,0.33,-0.13018580808116986,0.994275,0.5292825,Migrate VM,0.33572500000000005,Migrate VM
10,0,94591244395,258.0804680972384,0,144,168846390496,1.0,0.08425528165196038,0.0006750374420141212,0.45278291720772507,0.028600548373595682,0.990929613480763,0.02539423083612021,0.03198245460992528,0.04313036340998005,0.022916588803889658,0.20369685368798188,0.09833346443908607,0.05270118847381344,0.032877386295776564,0.061372940551402216,False,False,True,True,False,0.285,-0.12534590395910983,0.9941875,0.49775625,Scale Resources,0.2908124999999999,Scale Resources
11,0,94591244395,210.2752688085848,0,144,168846390496,1.0,0.12184623779152876,0.00020938418861742708,1.9531964859066362,0.001318618471568025,0.9915665216968745,0.04139371658668253,0.015202084903838562,0.007699683875824768,0.07618146187167117,0.04056580843626149,0.11993134347121077,0.042563154064943466,0.026392863361020594,0.05781238678061941,False,False,True,True,False,0.38,-0.10632735935209925,0.9931625,0.56394875,Migrate VM,0.38683750000000006,Migrate VM
12,0,94591244395,8.209393570691098,0,144,168846390496,1.0,0.179729852482771,0.0011958970413699296,3.676788068898533,0.0026214459143798015,0.9914443136733154,0.061577977318902286,0.09766324142740472,0.04257252343132397,0.06138253709991271,0.06348493551062118,0.04298416445041387,0.03813963483289752,0.033396190870380836,0.0021144240406406715,False,False,True,True,False,0.38,-0.1370678865341718,0.9955125,0.56465375,Migrate VM,0.3844875,Migrate VM
13,0,94591244395,297.4650927099688,0,144,168846390496,1.0,0.16803014471995625,0.0003477550806011016,2.602506456058046,0.003440413795081722,0.9945373400936003,0.035291544163391184,0.06872408168728944,0.0541341204486082,0.09964643999225485,0.02562003939478595,0.11875055902540767,0.016863343446812926,0.002846671777811811,0.054284150659555025,False,False,True,True,False,0.38,-0.12791936494994716,0.9942,0.56426,Migrate VM,0.38580000000000003,Migrate VM
14,0,94591244395,133.53202219047796,0,144,168846390496,1.0,0.15558557683732746,0.002004102542273657,1.4897151127470531,0.03019429745391612,0.9881819752395593,0.06463363389284699,0.026785999422844164,0.06970050997679048,0.021339538851575107,0.010679429513703232,0.05640540499551102,0.07269223690466158,0.06784654052535365,0.07324028053388688,False,False,True,True,False,0.265,-0.15908124576376514,0.999175,0.4852525,Scale Resources,0.265825,Scale Resources
15,0,94591244395,320.68529671626897,0,144,168846390496,1.0,0.16752124494334936,0.0012865369195983317,1.484032055731731,0.024462575098575075,0.9943610264305454,0.046889666172140375,0.009998770562521247,0.05560811314976878,0.03402503270386747,0.22276758022946802,0.031239105304692042,0.008992108459736402,0.06323826088702489,0.014996615129994211,False,False,True,True,False,0.355,-0.10879304262409983,0.9933,0.5464899999999999,Migrate VM,0.3617,Migrate VM
16,0,94591244395,64.53659093678607,0,144,168846390496,1.0,0.11238427341015816,0.002168523126771318,0.92272407076227,0.00983315272841727,0.9962900841754078,0.121952827879721,0.05222966799367355,0.010715023993684444,0.0018066818293591357,0.054610589164766854,0.01708925723746159,0.049638994174178275,0.009270073686303787,0.049536934244305844,False,False,True,True,False,0.4,-0.07586498573816514,0.9861875,0.57585625,Migrate VM,0.4138125,Migrate VM
17,0,94591244395,249.93447683143913,0,144,168846390496,1.0,0.10895936422891919,0.0004953543608819383,3.777261276666973,0.022668936284392115,0.9956497375473299,0.01644621198741675,0.013043071801899942,0.06906898878344356,0.05154150901392663,0.07156348286001839,0.06333938673868755,0.04855528908118212,0.0727121061508283,0.028024548855265903,False,False,True,True,False,0.39,-0.11242609368443313,0.9935875,0.57107625,Migrate VM,0.39641250000000006,Migrate VM
18,0,94591244395,332.9310345523298,0,144,168846390496,1.0,0.004661154634923059,0.0013766430950638915,2.978008457337866,0.003355545952690698,0.985672340281666,0.052593935578266644,0.10061589510020874,0.044383051449336845,0.1209558912767852,0.19127137007007655,0.060590730084438424,0.05748449743563981,0.0013571772352338,0.010678134262455322,False,False,True,True,False,0.235,-0.11307743787392865,0.9936375,0.46259124999999995,Scale Resources,0.24136250000000004,Scale Resources
19,0,94591244395,298.59430135778507,0,144,168846390496,1.0,0.14940320406096783,0.0005768451014640002,2.4932151129883175,0.019202679786207585,0.9977956513318329,0.07568288058401,0.04306472684477372,0.027862825497849297,0.05521078805281586,0.15502461399289424,0.11246033336437611,0.03324827905609447,0.01885778362634418,0.0231539302375216,False,False,True,True,False,0.395,-0.0982159444116304,0.9920875,0.57412625,Migrate VM,0.4029125,Migrate VM
20,0,94591244395,268.5651408876407,0,144,168846390496,1.0,0.1531066431419832,0.0002610426021773523,0.3126508206255434,0.018835678722169583,0.985769567641089,0.10348569186878892,0.03243753845760527,0.010713120008837526,0.11939338888936428,0.039362279771523664,0.03691073333043061,0.011252293707629256,0.008787485765625797,0.0020690222505760423,False,False,True,True,False,0.39,-0.12731155673568595,0.9941875,0.57125625,Migrate VM,0.3958125,Migrate VM
21,0,94591244395,19.94234729913364,0,144,168846390496,1.0,0.03274527580047238,0.0001323633430773289,2.7768145017765615,0.021569639995292135,0.9898938505851848,0.0399041562093148,0.05262311155414556,0.0651553973099501,0.11033957369203891,0.010338064062612147,0.023529212767518137,0.017341735205519442,0.018975569873262564,0.05588671050318978,False,False,True,True,False,0.315,-0.10370032245514782,0.99295,0.518385,Migrate VM,0.32204999999999995,Migrate VM
22,0,94591244395,149.85447325314922,0,144,168846390496,1.0,0.009235147486423873,0.0009263961410473505,2.4602554297452945,0.0032216535080870565,0.9972243118769143,0.006520605313247946,0.09631353650315291,0.007380251020962409,0.10935993635215008,0.2146445708460691,0.12699024203893572,0.058748983151339904,0.05930941222788355,0.06285753578538929,False,False,True,True,False,0.32,-0.10654190717843104,0.9931875,0.5219562499999999,Migrate VM,0.32681249999999995,Migrate VM
23,0,94591244395,280.43868764812646,0,144,168846390496,1.0,0.025228539077465077,0.0013292092260969437,2.4154892332018565,0.027173685429755047,0.9910466646317994,0.04832421899306193,0.06665976629545733,0.01984162886664015,0.01811939116615017,0.11363585568826377,0.05404498406344823,0.017035918483051953,0.027963486187382314,0.03584611053223648,False,False,True,True,False,0.365,-0.08836145518734961,0.9890625,0.55221875,Migrate VM,0.37593750000000004,Migrate VM
24,0,94591244395,117.89840318851637,0,144,168846390496,1.0,0.07114951494879918,0.0017003371221403333,1.3945352676599638,0.030066236403321633,0.9986058016552487,0.06034862308257822,0.03431133696357266,0.039870022191931385,0.11000625477021353,0.15518068108045396,0.10428028824216262,0.039022296899263856,0.048157862949306456,0.028191787252623265,False,False,True,True,False,0.36,-0.12603569700739692,0.9941875,0.55025625,Migrate VM,0.3658125,Migrate VM
25,0,94591244395,264.56153843170466,0,144,168846390496,1.0,0.03795086121107219,0.001722788939407405,4.043106137194685,0.0041859113193131545,0.9935730018049675,0.011933401999557223,0.07561501992548467,0.006291609311809978,0.12133399556983214,0.03267463961348128,0.12430796156682658,0.058665352483323385,0.045172476297814,0.07656825399389991,False,False,True,True,False,0.325,-0.11789886104327085,0.993975,0.5256925,Migrate VM,0.3310249999999999,Migrate VM
26,0,94591244395,286.24134203391094,0,144,168846390496,1.0,0.17738007427824942,0.0006282775115793929,2.7717980950208436,0.0030118014124728373,0.9936027677679505,0.02149505134367516,0.058904026171743874,0.042624830756915075,0.06040969634595501,0.12427816146234902,0.0990340136947017,0.05854526086882288,0.037447285412428165,0.058661396514628504,False,False,True,True,False,0.365,-0.13078598787253803,0.9943375,0.55380125,Migrate VM,0.3706625,Migrate VM
27,0,94591244395,335.24504484843663,0,144,168846390496,1.0,0.022450047843960527,0.0002903645242121517,0.4120006833744746,0.020845558109594802,0.9903101475874785,0.09716826364670592,0.06995156531296885,0.024843631906765782,0.11646304605687878,0.18132478301924204,0.03507179043537678,0.026677332044003542,0.023925321040562476,0.01541998089878494,False,False,True,True,False,0.41,-0.09957285883238232,0.992275,0.5846825,Migrate VM,0.4177249999999999,Migrate VM
28,0,94591244395,53.202014115188994,0,144,168846390496,1.0,0.17552389938295201,0.0010858063666503292,1.8005906747181797,0.023121378237483014,0.9925498915258655,0.11747459795775625,0.0812890407907276,0.03569524342235957,0.04879074228962859,0.23461404412995354,0.0930494837201989,0.06967570552105791,0.009014877797999418,0.08321220672020094,False,False,True,True,False,0.32,-0.15128202673446478,0.99895,0.523685,Migrate VM,0.32105000000000006,Migrate VM
29,0,94591244395,229.34659823683472,0,144,168846390496,1.0,0.02286031468783361,0.001458617019576972,3.2228406765289654,0.00038983229407484467,0.9909053080374115,0.10357796600461647,0.03088086913450711,0.03414481566126906,0.05734101598463166,0.07179621075805342,0.11906558752899397,0.05723036033220104,0.008414525515263161,0.09754517203142407,False,False,True,True,False,0.25,-0.09845161665483804,0.992125,0.4726375,Scale Resources,0.25787499999999997,Scale Resources
30,0,94591244395,316.5120087507883,0,144,168846390496,1.0,0.053232832099507306,0.0020751296111282307,0.49989070564387916,0.031658394973947734,0.9944280842489069,0.08158307080010294,0.00958028725354869,0.0667956998690114,0.0037594570804622227,0.05726721887990167,0.018541165945674606,0.056898820577536716,0.015081096763155446,0.08909255242594011,False,False,True,True,False,0.34,-0.09879955693540687,0.99215,0.5356449999999999,Migrate VM,0.34785,Migrate VM
31,0,94591244395,236.25685415789644,0,144,168846390496,1.0,0.00678050821775554,1.346356271230785e-05,0.24265576191060975,0.019199807601277118,0.9966913666696852,0.029935583447870527,0.0884725220026208,0.004261655699888774,0.10383589020598878,0.22062322973334988,0.10009510740342434,0.051137858745368886,0.06376080339385219,0.003928213919963734,False,False,True,True,False,0.35,-0.10515914300895346,0.9930125,0.5429037499999999,Migrate VM,0.3569875,Migrate VM
32,0,94591244395,72.64155985885994,0,144,168846390496,1.0,0.023423189869808077,0.0012510114426629434,3.500415880028124,0.019963036111737515,0.9975188540289064,0.019477411649101738,0.07654071352862044,0.014374427420658142,0.03510080491937303,0.1688103454960913,0.12707244647978516,0.04479601704573499,0.004146856681938086,0.0602967650357093,False,False,True,True,False,0.4,-0.08718495971407525,0.98845,0.576535,Migrate VM,0.41154999999999997,Migrate VM
33,0,94591244395,15.246198568860155,0,144,168846390496,1.0,0.16577732088127822,0.001759437123548104,0.8132435821964273,0.0029063417890253843,0.9863922334587284,0.12298192634054075,0.0478451394621071,0.05838493389749254,0.08250313224102283,0.1361158222802033,0.018814493463657565,0.06929698411213471,0.022928761226353508,0.056550480276541,False,False,True,True,False,0.46,-0.1270039697350669,0.9941875,0.62025625,Migrate VM,0.46581249999999996,Migrate VM
34,0,94591244395,251.9193400520638,0,144,168846390496,1.0,0.12173121660849542,0.0023322538997729288,0.6972711692237424,0.01610805282865809,0.9900672493182976,0.05950261888526995,0.012571540708351037,0.009985072268357771,0.036049344435997964,0.0724566123200805,0.055472804312694544,0.04475528532107794,0.048288087812679854,0.040289637312084854,False,False,True,True,False,0.3,-0.1078814558678095,0.99325,0.507975,Migrate VM,0.3067500000000001,Migrate VM
35,0,94591244395,147.16191939433097,0,144,168846390496,1.0,0.04080534875568037,0.0014587366541513355,1.4892548584774479,0.0011426194286018494,0.9903066766468966,0.059498094481530164,0.023628906988757654,0.042626872461485665,0.07334591775618897,0.16693118271521037,0.08399918067598694,0.047791199246408254,0.02406031540596322,0.07703865753603475,False,False,True,True,False,0.29,-0.10252569710263026,0.9927875,0.50083625,Migrate VM,0.2972124999999999,Migrate VM
36,0,94591244395,197.6919780958846,0,144,168846390496,1.0,0.0808909115962294,0.0015522312645404011,1.6941368397661545,0.016247047010476447,0.995611765659654,0.11123317474999653,0.09592013234856668,0.03750196342305792,0.0674477748845806,0.19020355959081464,0.04076497004789328,0.06133887135893635,0.03759858248547625,0.011334875891668473,False,False,True,True,False,0.35,-0.11364566904145967,0.99365,0.543095,Migrate VM,0.35634999999999994,Migrate VM
37,0,94591244395,25.94129294625973,0,144,168846390496,1.0,0.15787372706989933,0.00013778360744274104,1.3181325491088423,0.010587499460480074,0.9862165872314258,0.03938993947222228,0.07737971673642995,0.0010933269740775351,0.10723366416515735,0.20368109740273918,0.048259495938650414,0.011252257365639081,0.04571714972405948,0.011708198865021856,False,False,True,True,False,0.315,-0.13000361932361926,0.9942625,0.51877875,Migrate VM,0.3207374999999999,Migrate VM
38,0,94591244395,131.3709699881709,0,144,168846390496,1.0,0.17970547141893234,0.002468307141034512,3.6268535689182504,0.009853363719030676,0.9947944224505318,0.08852023238739808,0.04049413791932208,0.04772242029999478,0.0013907176469931848,0.04971244127895097,0.06807175021377336,0.011994902971957502,0.012623633528413624,0.08182007039682146,False,False,True,True,False,0.355,-0.11753253902077931,0.9939625,0.54668875,Migrate VM,0.3610375,Migrate VM
39,0,94591244395,356.087880966098,0,144,168846390496,1.0,0.10424426775533407,0.002080518055241023,4.651896009022054,0.004486715386553707,0.990804102324139,0.049263275376647174,0.008500130959782843,0.05624406804257741,0.05623453698933029,0.1116026449954714,0.019533044212605113,0.013253009790548989,0.06902031148534686,0.004368256440040338,False,False,True,True,False,0.385,-0.10843174688247736,0.993275,0.5674824999999999,Migrate VM,0.391725,Migrate VM
40,0,94591244395,83.82682257973426,0,144,168846390496,1.0,0.054761124433974066,0.0012154708960000029,2.754743290114453,0.01563076263762342,0.9847352701335427,0.030577410006014834,0.08786750455603183,0.04747669766746338,0.08415482070832513,0.15936962175591302,0.09890173415771239,0.004256488846019164,0.027894745763490374,0.052784821545137445,False,False,True,True,False,0.305,-0.1319873926177213,0.99475,0.511925,Migrate VM,0.3102499999999999,Migrate VM
41,0,94591244395,121.84433398703737,0,144,168846390496,1.0,0.15833978874134746,0.0011965642188329114,3.6105194348775895,0.026997613898347747,0.9917465325861856,0.11413814779049655,0.061208870663878964,0.06331388211530399,0.044153738393334814,0.11861516543204752,0.06889142157554462,0.007689841078827543,0.03032533162023782,0.08974799459231728,False,False,True,True,False,0.365,-0.14404329070156607,0.9988875,0.5551662500000001,Migrate VM,0.36611249999999995,Migrate VM
42,0,94591244395,227.09960653130727,0,144,168846390496,1.0,0.033282484206931404,0.0008402105832910111,0.9000280495458018,0.0007865646983740651,0.9987910087947187,0.05624476726660936,0.032146529106404746,0.044564341656520914,0.0009482363993142829,0.06611170210673649,0.0911403247768828,0.04642410006416914,0.07470431234358138,0.060692874649772,False,False,True,True,False,0.335,-0.0550965009651363,0.9732375,0.52647125,Migrate VM,0.3617625,Migrate VM
43,0,94591244395,171.9021145059838,0,144,168846390496,1.0,0.14276860559700144,0.002239849536043635,3.3853673195549905,0.03052104592077296,0.9963667563105708,0.10877342267251713,0.012040013909161705,0.05453762656569953,0.057052514513924006,0.13152419520229053,0.08479696763553014,0.07103966761248932,0.0749152403344202,0.028198893157246205,False,False,True,True,False,0.33,-0.14519858770978378,0.9989,0.53067,Migrate VM,0.33109999999999995,Migrate VM
44,0,94591244395,264.1512590776498,0,144,168846390496,1.0,0.14062191336286287,0.000859147490896138,0.5818607550318973,0.0012974766329977784,0.996289055664522,0.061451578929172274,0.10262292482859837,0.034623267612076215,0.12677585837114483,0.09786987942798202,0.10289189988948863,0.006213073820332177,0.04226434479531776,0.07846974955784879,False,False,True,True,False,0.265,-0.12440570280257168,0.9941625,0.48374874999999995,Scale Resources,0.27083750000000006,Scale Resources
45,0,94591244395,332.8926001991599,0,144,168846390496,1.0,0.15423432949076843,9.167088577561478e-05,1.750716556582126,0.0015430969588222908,0.9851547190094859,0.0847429426599333,0.07432011092219713,0.05761347857403468,0.11219663745545824,0.17583160407620133,0.10382392954312052,0.0035866276066473697,0.01784546852457986,0.06084354722574806,False,False,True,True,False,0.35,-0.1416597976388263,0.99855,0.544565,Migrate VM,0.35144999999999993,Migrate VM
46,0,94591244395,308.9251096649363,0,144,168846390496,1.0,0.0008437734261860855,0.0012760508437180353,3.18146180534948,0.0009381591586465562,0.9900226021410868,0.11239168189238774,0.06999121012335716,0.017696728717036665,0.11055341304554336,0.08275942539083665,0.1106264698187245,0.021897841397329358,0.044916684926483944,0.03883474550283428,False,False,True,True,False,0.275,-0.1073916343977126,0.993225,0.4904675,Scale Resources,0.281775,Scale Resources
47,0,94591244395,98.93701827182413,0,144,168846390496,1.0,0.16622954290722547,0.00046514851860300795,0.3983904593835809,0.010834557922244152,0.995293990282031,0.10132320446089083,0.10399535402170611,0.022067975436622388,0.052885052746755576,0.03253513789083399,0.07452563345454855,0.07307346837895022,0.053329106456110685,0.05823281914728935,False,False,True,True,False,0.29,-0.1303157474788036,0.994275,0.5012825,Migrate VM,0.295725,Migrate VM
48,0,94591244395,141.25287345184583,0,144,168846390496,1.0,0.17161851755354152,0.0012321311473263575,0.6311695788366695,0.011577660829852763,0.9844527926411158,0.02534600228809417,0.0020158832619114405,0.0337525328448608,0.0822609571995616,0.08163253377857817,0.05449773453840384,0.0702627817817195,0.057215876564603155,0.052914864373478525,False,False,True,True,False,0.325,-0.13720267446636814,0.9957375,0.52622125,Migrate VM,0.3292625,Migrate VM
49,0,94591244395,102.43471504025709,0,144,168846390496,1.0,0.16818689976993662,0.0005829358137986205,1.5282514804767928,0.028805321478419594,0.9921590417324788,0.09315220361348633,0.061585246467180006,0.04865697235056055,0.038811652293547945,0.05739657910751213,0.04180747957679718,0.011386208417912543,0.06652542042004171,0.027711545044161113,False,False,True,True,False,0.395,-0.1272996026422185,0.9941875,0.57475625,Migrate VM,0.4008125,Migrate VM
50,0,94591244395,202.13618198917845,0,144,168846390496,1.0,0.14849520471400762,0.0019435335963981764,2.059257471768322,0.01509105254392211,0.9999116958997972,0.08465407792168417,0.08485825351604996,0.06720677749313128,0.1021021003510203,0.044034346187689165,0.07287906728873311,0.007463821652800183,0.04967997861589563,0.09346688561942065,False,False,True,True,False,0.235,-0.1335242808725654,0.994925,0.46297749999999993,Scale Resources,0.24007500000000004,Scale Resources
51,0,94591244395,184.58354314804006,0,144,168846390496,1.0,0.08118234241270635,8.887400978777159e-05,4.508405128167912,0.0032638216576369476,0.9840180001300514,0.030878476150766204,0.006990944372154893,0.03388939012099305,0.06690493712586101,0.07432693612154315,0.006606449279117309,0.00817480871280684,0.029256428139115172,0.005921818366350032,False,False,True,True,False,0.38,-0.08264221165019925,0.987325,0.5621974999999999,Migrate VM,0.392675,Migrate VM
52,0,94591244395,251.34830121956884,0,144,168846390496,1.0,0.038816351535902245,0.0007490025318502849,1.8513501177971425,0.013201010776311802,0.9833610276627556,0.0140635182356764,0.08986080517272188,9.181739895800314e-05,0.06587814109781169,0.11640013533643083,0.04318188464273649,0.03159502013907235,0.059393383441250426,0.08229940613516475,False,False,True,True,False,0.37,-0.12990312497481904,0.9942375,0.55727125,Migrate VM,0.3757625,Migrate VM
53,0,94591244395,93.72547562949002,0,144,168846390496,1.0,0.06046695768144934,0.0006012491396652722,2.2540904822251804,0.021650245761268855,0.9871375601909804,0.04150345981840856,0.09688968695300998,0.003616609717607962,0.05973355966362541,0.1692034991492338,0.01950465823657684,0.003470181663170113,0.010515863421165767,0.089893330963841,False,False,True,True,False,0.37,-0.11842198520929559,0.993975,0.5571925,Migrate VM,0.37602499999999994,Migrate VM
54,0,94591244395,3.333521455604429,0,144,168846390496,1.0,0.03531037027712847,7.756913523127956e-05,0.5196662833615394,0.019650523573811418,0.9873606605328096,0.07142944187533395,0.06152813696278033,0.06325141030087465,0.000614667879932874,0.20292525717760382,0.08026177609685625,0.011921079554077412,0.05881178068824916,0.0836972606312203,False,False,True,True,False,0.275,-0.1371796712404295,0.9957375,0.49122125,Scale Resources,0.27926249999999997,Scale Resources
55,0,94591244395,91.53485415149663,0,144,168846390496,1.0,0.17227381516925266,0.0011268513858570925,2.8345010636207477,0.031200356574614934,0.9893589447920973,0.10204196868934033,0.03327581082803073,0.05951174909268915,0.07787834739161699,0.051447863073618406,0.05367379292043079,0.02326704286041784,0.00594316403148285,0.002918893299260902,False,False,True,True,False,0.31,-0.14224982168746303,0.99865,0.516595,Migrate VM,0.31135,Migrate VM
56,0,94591244395,124.73231594658513,0,144,168846390496,1.0,0.0035689027157787337,0.0004103357026220383,3.4064461251289826,0.022437119286004375,0.9956430105961092,0.03979900633808815,0.0926938615306754,0.0442183391476261,0.01633788756529753,0.034175287172287655,0.08985197062980262,0.01266827001230445,0.038599228822620624,0.09703054062399696,False,False,True,True,False,0.405,-0.08012928359969473,0.9870375,0.5796112499999999,Migrate VM,0.4179625,Migrate VM
57,0,94591244395,1.4427377040022193,0,144,168846390496,1.0,0.003108712855791923,0.0024624060754959726,2.7462582685982744,0.004021366337833311,0.9982883716282391,0.11047741070938324,0.0559155377879102,0.04630043191101825,0.0354156246794349,0.01201322858064771,0.07707895515650609,0.021591033787253716,0.050494045255660404,0.0818142869902613,False,False,True,True,False,0.31,-0.10588779846287733,0.9930875,0.51492625,Migrate VM,0.31691249999999993,Migrate VM
58,0,94591244395,6.537795809171061,0,144,168846390496,1.0,0.11169633275357388,0.0005734724075181996,4.104967670776546,0.008037807143395352,0.9935128417405658,0.06946288862452644,0.041359473956859495,0.050457600805160444,0.09408781153171274,0.13481382144557685,0.09832085154909775,0.07203602109266156,0.03190187989915797,0.050344380635168065,False,False,True,True,False,0.375,-0.14012593051114142,0.9980125,0.5619037499999999,Migrate VM,0.37698750000000003,Migrate VM
59,0,94591244395,4.489156058836765,0,144,168846390496,1.0,0.14925535430819595,0.0012899381392665451,1.9163411425724322,0.00298083601510434,0.9981609421151205,0.049568779633995606,0.07113137963299193,0.011122831467843259,0.12465401691559772,0.04243219629259358,0.02586835894278061,0.06292112367369002,0.06943721061008128,0.02075550252963455,False,False,True,True,False,0.41,-0.1127079781178758,0.9936125,0.5850837499999999,Migrate VM,0.4163874999999999,Migrate VM
60,0,94591244395,169.12831974293803,0,144,168846390496,1.0,0.1375302946055306,0.002177954585941351,1.7805464454346727,0.016382674032718984,0.9956952776139694,0.09174899707019943,0.08156539725449156,0.04243891960099257,0.013562162207845615,0.21495849250859642,0.1122116744090493,0.05846122171771342,0.007598403435925098,0.019997275097709034,False,False,True,True,False,0.3,-0.11244470524375938,0.9935875,0.50807625,Migrate VM,0.3064125,Migrate VM
61,0,94591244395,267.6961314387547,0,144,168846390496,1.0,0.004338767734114957,0.0024280395962132223,1.77158381621799,0.02279268589839026,0.9981261865951435,0.04952142639383356,0.03335204230314157,0.04532862410008917,0.07531869078618529,0.09729060991370908,0.07801328011859208,0.06851737041452245,0.03558212687844032,0.019248327744976253,False,False,True,True,False,0.265,-0.09331309472733806,0.9907625,0.48272875,Scale Resources,0.2742375,Scale Resources
62,0,94591244395,135.7941538378814,0,144,168846390496,1.0,0.07389505923620973,0.00032509098231140593,0.7650658474977552,0.021691556292997093,0.9889913064022,0.1198285579623743,0.02550035069374245,0.0073662046037526385,0.0976833307991057,0.20950417836132945,0.03605424621551759,0.014803101459277622,0.014134698813961235,0.051071223391325055,False,False,True,True,False,0.345,-0.11689120516344886,0.993925,0.5396774999999999,Migrate VM,0.351075,Migrate VM
63,0,94591244395,168.62999084883754,0,144,168846390496,1.0,0.04864496997272517,0.00011200914780855774,2.261737499165283,0.030398136898337633,0.9942086588689363,0.06218026613943112,0.011685348047994155,0.018797135892974638,0.03821410332619194,0.18186490728502105,0.11365562337585763,0.06604592615595875,0.07491451953265238,0.09611012651175256,False,False,True,True,False,0.42,-0.14112548390941937,0.9984625,0.59353875,Migrate VM,0.4215374999999999,Migrate VM
64,0,94591244395,343.0796877964733,0,144,168846390496,1.0,0.013466651344290821,0.00034166640607098225,1.4301884634203395,0.01751955603219932,0.9849496458315745,0.10613760652106964,0.064289044217905,0.04038602116752259,0.021430740407234278,0.06022237110981255,0.020782638004291754,0.06240472778294996,0.04445312298940272,0.07192159862154655,False,False,True,True,False,0.365,-0.08110070237919742,0.9871375,0.55164125,Migrate VM,0.3778625,Migrate VM
65,0,94591244395,106.57183064760926,0,144,168846390496,1.0,0.06960986945405197,0.001003859431752173,3.5700628807896817,0.02447336620206357,0.9867802380659265,0.11815209286215403,0.012720996449583808,0.06672784061015802,0.013015158164074399,0.06290570704623462,0.10973635318654423,0.013147925763271114,0.03146783536318953,0.04401211377963408,False,False,True,True,False,0.305,-0.1185310169899223,0.993975,0.5116925,Migrate VM,0.3110249999999999,Migrate VM
66,0,94591244395,88.29323028835547,0,144,168846390496,1.0,0.13317097525049748,0.002110929573484121,4.108193074269299,0.01075202046940212,0.9921808473617291,0.03117209267259396,0.02562506139649361,0.012007443644979701,0.12186281609833748,0.21115749977095577,0.10077575116626089,0.03791908558094829,0.03732970558017976,0.05182781935860383,False,False,True,True,False,0.335,-0.1352004908648673,0.9950875,0.53302625,Migrate VM,0.33991250000000006,Migrate VM
67,0,94591244395,193.16448488775214,0,144,168846390496,1.0,0.08148057838081693,0.00032669312049805497,0.5902881828149952,0.030173711222208507,0.9913671875593385,0.11961612299835624,0.017182549127987577,0.04128345907523919,0.026928188850016438,0.06020551913264402,0.0038962356743618004,0.00871341713572739,0.06976177928712264,0.031457272544513665,False,False,True,True,False,0.37,-0.09065873845446748,0.9900875,0.5560262499999999,Migrate VM,0.3799125,Migrate VM
68,0,94591244395,218.92651628925296,0,144,168846390496,1.0,0.0871901497479887,0.0009929401756646181,2.4984597173993914,0.00593299609373679,0.9998100651564624,0.10268804797699843,0.07726766904973688,0.034905172263001834,0.01981878707253037,0.21892786766563846,0.0442569660106683,0.003670351719536026,0.026053041626073182,0.07772593169366049,False,False,True,True,False,0.425,-0.0687305181360316,0.9828,0.59234,Migrate VM,0.4421999999999999,Migrate VM
69,0,94591244395,224.17514819575493,0,144,168846390496,1.0,0.1407822346396612,0.001967861173669948,0.9956268199486262,0.029271703155022935,0.9906331689815875,0.08018872454145035,0.0004192610006713706,0.07396908984751203,0.03641503441088046,0.014758170354031054,0.05940848243551975,0.009451546193020995,0.01159033733943512,0.061859570562282556,False,False,True,True,False,0.28,-0.13369322600187306,0.9949375,0.49448125,Scale Resources,0.2850625,Scale Resources
70,0,94591244395,141.45386096528398,0,144,168846390496,1.0,0.17284733440406158,0.0007913655147370963,3.4111284875892958,0.01461074843993313,0.9943325270904164,0.07525473958789528,0.04932360777904437,0.07074429537608723,0.044428941480195695,0.042145356009958855,0.08790721345878633,0.06197067350024879,0.0030628536820297494,0.04398994317636572,False,False,True,True,False,0.375,-0.1221546403379482,0.9941,0.56073,Migrate VM,0.3809,Migrate VM
71,0,94591244395,321.29556828743745,0,144,168846390496,1.0,0.14055349104803766,0.002459240019696981,2.496241250048995,0.020913128033137805,0.9883746824390761,0.11890461382527345,0.038258638608377464,0.05499164242417522,0.052262560641414185,0.13359659127962922,0.09331165187901393,0.03727979937029247,0.06901899551296428,0.0410224325492078,False,False,True,True,False,0.26,-0.14870990754840596,0.998925,0.4816775,Scale Resources,0.26107500000000006,Scale Resources
72,0,94591244395,232.94584733159707,0,144,168846390496,1.0,0.06419295624376015,0.0010120461820608258,2.0670731702653695,0.003986417194055811,0.9848620757543133,0.08376216320738124,0.06831818057898911,0.04936217354347633,0.002562495721916328,0.07765054315486172,0.025643805882478898,0.057000161636472986,0.06548422575683463,0.024134045536079195,False,False,True,True,False,0.315,-0.09993547626782162,0.99235,0.518205,Migrate VM,0.3226500000000001,Migrate VM
73,0,94591244395,240.42569718527508,0,144,168846390496,1.0,0.02425552564842646,0.0006822553315777209,0.6513098934375156,0.008983855384264225,0.9945789476257446,0.11423535933477046,0.021230808662941678,0.04036477188964095,0.09092741083014222,0.226598262769761,0.07908743076491438,0.01868676954365243,0.047591803365157316,0.03135534482646438,False,False,True,True,False,0.195,-0.08571106634132442,0.987975,0.4328925,Scale Resources,0.20702500000000001,Scale Resources
74,0,94591244395,351.4062206490148,0,144,168846390496,1.0,0.07493927534318191,0.0016995545139108668,0.10910828421755887,0.012676652296072148,0.9979184622071529,0.0765763931735079,0.04632567188689572,0.06969261165231845,0.11070940032572721,0.07662062165613814,0.0705945316122928,0.03587998551677305,0.04810344972057487,0.03268787173739176,False,False,True,True,False,0.18,-0.101191597400072,0.992575,0.4237725,Scale Resources,0.18742499999999995,Scale Resources
75,0,94591244395,87.91380027571977,0,144,168846390496,1.0,0.171125969110413,0.0022907959925614054,3.9613900290286073,0.030996132126919897,0.9957498628162453,0.09595677624044624,0.07944799891983206,0.03578743345639734,0.05917385627125934,0.05712411937722878,0.0835935039562459,0.021192911873892616,0.01961629995358354,0.05732769928373028,False,False,True,True,False,0.33,-0.14832635348427425,0.998925,0.5306774999999999,Migrate VM,0.331075,Migrate VM
76,0,94591244395,147.59365976101554,0,144,168846390496,1.0,0.04103561414899354,0.0020234543262074643,4.042405530705438,0.005313854963313481,0.9834584663219175,0.0421803720273677,0.08307789516074754,0.06248731181676488,0.017932796931548374,0.18413163275202438,0.014999734580397226,0.028572370419339486,0.07598287350514397,0.018842178490041175,False,False,True,True,False,0.37,-0.10776420561629418,0.99325,0.556975,Migrate VM,0.37675000000000003,Migrate VM
77,0,94591244395,55.426889727945515,0,144,168846390496,1.0,0.07927506235252378,0.0015365010905471872,4.382169534253451,0.03107904734806509,0.9844940253975203,0.017317071268755698,0.08237387849571917,0.02015205235415343,0.11471065688424743,0.15776451966336194,0.014499411636752828,0.060983379883343534,0.01341872304693475,0.04143279353812841,False,False,True,True,False,0.41,-0.14170414277898857,0.9986375,0.5865912499999999,Migrate VM,0.4113625000000001,Migrate VM
78,0,94591244395,198.7865742813588,0,144,168846390496,1.0,0.09389365295255217,0.0017013774686807205,3.0659036618627415,0.03143460008126166,0.9999903651629249,0.0648096027721483,0.010074903093689032,0.05419731596324685,0.12661343396801975,0.07569577674576802,0.059790507416931565,0.031115220858643957,0.003912415271142285,0.06577118365827299,False,False,True,True,False,0.315,-0.11310459914570459,0.9936375,0.51859125,Migrate VM,0.3213625,Migrate VM
79,0,94591244395,127.2015702246484,0,144,168846390496,1.0,0.14764947649340668,0.0020632860143023684,3.8576155165297132,0.01320279679979033,0.9886924388210893,0.09396823260470366,0.08348106265917789,0.0365804494993571,0.11577135531586351,0.03422047606946185,0.1139613090817646,0.007039046197441033,0.011681553346652943,0.052228390981920586,False,False,True,True,False,0.335,-0.14455038318055669,0.9989,0.53417,Migrate VM,0.33610000000000007,Migrate VM
80,0,94591244395,24.306652867469406,0,144,168846390496,1.0,0.009901331512520692,1.2862537678092248e-06,2.0495358235774885,0.024545323470304737,0.9839139878454964,0.08185068596763909,0.0857406440273676,0.012509828812561205,0.019039219528849037,0.2046924190201177,0.10670878122155769,0.03947787911159075,0.06233183228089007,0.009074817468187177,False,False,True,True,False,0.36,-0.13219423957033583,0.9948,0.55044,Migrate VM,0.36519999999999997,Migrate VM
81,0,94591244395,142.0133464579516,0,144,168846390496,1.0,0.1383370417699449,0.0006383658354208863,3.5339587132088677,0.015975788031392654,0.995837770435219,0.05831184908658872,0.038421715569404644,0.016321462652827846,0.027014021069822505,0.17869923083411612,0.015415379591316657,0.006298270120980832,0.013413776142885882,0.017155076295922833,False,False,True,True,False,0.495,-0.06622619494359971,0.9804875,0.64064625,Migrate VM,0.5145125,Migrate VM
82,0,94591244395,296.3187442104839,0,144,168846390496,1.0,0.07471999190141482,0.0024557208911296867,0.6445304848937984,0.02070856167720627,0.9908121672155626,0.049306626665599616,0.09114139066866182,0.07264567186954636,0.11315627614967991,0.04572774936040517,0.028623949258287103,0.048057892166574176,0.021995986304783586,0.07188204413399418,False,False,True,True,False,0.345,-0.12907665273261115,0.994225,0.5397675,Migrate VM,0.35077499999999995,Migrate VM
83,0,94591244395,203.91143429147206,0,144,168846390496,1.0,0.10329539409195054,0.002054426197605896,3.337627241950515,0.0008421633449875041,0.984157667394207,0.07548853627011524,0.05071733589016634,0.01937410153310849,0.05427401913187492,0.18022574473774564,0.10716081502767598,0.04111000077499752,0.02932225266886112,0.026483695386937345,False,False,True,True,False,0.38,-0.1226817088723473,0.9941375,0.56424125,Migrate VM,0.3858625,Migrate VM
84,0,94591244395,187.89064947693126,0,144,168846390496,1.0,0.05901555348082144,0.0013987039149501324,3.1784789034513103,0.0020938363066903146,0.9833511402946508,0.02663829330179245,0.0931607943492758,0.048124678414235976,0.022292711640273227,0.21169851045317498,0.060924463938617564,0.03487406987672908,0.07118414566368791,0.005819897610369308,False,False,True,True,False,0.32,-0.12121279291193965,0.994075,0.5222225,Migrate VM,0.325925,Migrate VM
85,0,94591244395,77.46417886633867,0,144,168846390496,1.0,0.10983212346651045,0.00048471920481987037,3.1919820559639773,0.006783891668175171,0.9849859638284945,0.025974211927585845,0.04412108159465636,0.013115766906198575,0.017461295223217144,0.20456898368585166,0.04153586794681896,0.026425838015015746,0.004205452151794463,0.034963359728054824,False,False,True,True,False,0.385,-0.11277601593481423,0.9936125,0.5675837499999999,Migrate VM,0.3913875,Migrate VM
86,0,94591244395,95.33058383576868,0,144,168846390496,1.0,0.11446595012658535,0.0005092761744959323,4.172971120921142,0.02945812604169779,0.9849971985940797,0.013477812385822434,0.012167074923395164,0.04613491776724735,0.01581189453010492,0.20269052189064438,0.0977827574296926,0.06005159931187651,0.040027247757551114,0.09751020116822674,False,False,True,True,False,0.355,-0.14790107311712875,0.9989125,0.5481737499999999,Migrate VM,0.3560875,Migrate VM
87,0,94591244395,15.903037059898057,0,144,168846390496,1.0,0.07523718078489625,0.0008032182114008304,4.456128113121999,0.018278856572421922,0.9967698525045904,0.02137582361828093,0.1019050662243415,0.03713014204035062,0.06399899230950022,0.23086956191492886,0.04935763764802344,0.02911899920467715,0.04449305757765424,0.01252806392111569,False,False,True,True,False,0.345,-0.11163848084594197,0.9935375,0.53956125,Migrate VM,0.3514625,Migrate VM
88,0,94591244395,115.59082550826776,0,144,168846390496,1.0,0.036226560458461975,0.00025609688346702917,4.068591834925042,0.018673997088238102,0.9893112233857533,0.05128321776525644,0.04503425021771143,0.0471461182993497,0.12014515304703502,0.22180843494772973,0.05075250027606989,0.024118716324564707,0.03431952995972123,0.05556400850682047,False,False,True,True,False,0.365,-0.11692702022025159,0.9939375,0.55368125,Migrate VM,0.37106249999999996,Migrate VM
89,0,94591244395,166.25444812190938,0,144,168846390496,1.0,0.12351626434063143,0.001374661885058743,1.50651593864957,0.010955090161868518,0.9896432230029971,0.011876181855514109,0.01744093513855559,0.053845143958579776,0.050441980912652465,0.05101585919765134,0.0729441040076292,0.055343824859867025,0.01958692612221935,0.0808892254969446,False,False,True,True,False,0.21,-0.12681977589380045,0.9941875,0.44525625,Scale Resources,0.21581249999999996,Scale Resources
90,0,94591244395,333.9017494650179,0,144,168846390496,1.0,0.11201147420134513,0.001658691323640892,0.24696828148316105,0.029960464856859527,0.9898747552272774,0.11593867331063255,0.06036207758639139,0.0003439291130895803,0.004996533603697355,0.16179880779358008,0.07294353401971594,0.0019435204582823574,0.056568882371429915,0.08336988373149481,False,False,True,True,False,0.285,-0.15505651806378506,0.9990625,0.49921874999999993,Scale Resources,0.28593749999999996,Scale Resources
91,0,94591244395,178.71029367815098,0,144,168846390496,1.0,0.0873295200669853,1.3570864648848694e-05,3.695175809909058,0.010479321682631779,0.9979793955900427,0.046814731934775214,0.058917258499777414,0.02013043100605344,0.020818455562156207,0.18426765085288413,0.06437733014340223,0.039298133350343496,0.07345721943414024,0.09427211738816689,False,False,True,True,False,0.37,-0.0907002106379442,0.9901625,0.55604875,Migrate VM,0.37983750000000005,Migrate VM
92,0,94591244395,308.03116381286526,0,144,168846390496,1.0,0.035176742393443795,0.0014735307742920654,4.124973377076626,0.011865550068982891,0.9850184503864591,0.10176634075959956,0.050257005385916036,0.0420263104271361,0.1273238821642518,0.1443906087161197,0.0550937631320068,0.027101625929451728,0.031776098074392384,0.011583608299108518,False,False,True,True,False,0.27,-0.1151667770811523,0.99375,0.487125,Scale Resources,0.27625,Scale Resources
93,0,94591244395,286.11020103032587,0,144,168846390496,1.0,0.15707191091007022,0.000705177831545685,1.4270416649897808,0.027704822509609865,0.9837328547723726,0.06531131008211792,0.04837683436483305,0.05138883416050542,0.021181883002773516,0.15892435096056634,0.048839296431044774,0.045321310661164314,0.0030507761217499303,0.04517321291381586,False,False,True,True,False,0.355,-0.1336088665972982,0.9949375,0.54698125,Migrate VM,0.36006249999999995,Migrate VM
94,0,94591244395,188.01032183365396,0,144,168846390496,1.0,0.04018620053530999,0.00034620428167887355,0.8853313923841201,0.010904716836760663,0.9849468501775654,0.11887753296020916,0.04227706988017973,0.06023821503040978,0.12632214169208925,0.01919828191471384,0.08448156432458052,0.0638313538428713,0.04825805687233559,0.04197389377070294,False,False,True,True,False,0.265,-0.13618727400643982,0.995225,0.4840675,Scale Resources,0.269775,Scale Resources
95,0,94591244395,155.18748874965777,0,144,168846390496,1.0,0.006731041126379796,0.0013255710156937484,4.667027762831839,0.030378338322258936,0.9840066690664795,0.08856925289686449,0.03154673523501969,0.0672391825656425,0.005848615715729225,0.2225442810934552,0.10856924315217518,0.008607282062783052,0.0045519544792792885,0.08166386401182009,False,False,True,True,False,0.36,-0.12943660336746232,0.994225,0.5502675,Migrate VM,0.36577499999999996,Migrate VM
96,0,94591244395,56.072761550848575,0,144,168846390496,1.0,0.10029340368297572,0.002270638113483998,2.6655072890312015,0.012587037545966438,0.9907502764021321,0.007920465268991627,0.10087788333337332,0.023132208605891175,0.024548831562081392,0.06802003710755493,0.12502006017758185,0.0069065224751646125,0.06599193801617409,0.06925211065434278,False,False,True,True,False,0.365,-0.12672204423539868,0.9941875,0.55375625,Migrate VM,0.3708125,Migrate VM
97,0,94591244395,298.8069044972501,0,144,168846390496,1.0,0.18298078881898056,0.0020881672900617816,4.43140522213744,0.00402216741952463,0.9965964793319695,0.06847590497013148,0.05667384791492119,0.06693629901800699,0.125983356372413,0.16760559732520952,0.06260749140857355,0.03343191687147962,0.029396209061388456,0.03537714488537627,False,False,True,True,False,0.355,-0.12484537989373168,0.9941875,0.5467562499999999,Migrate VM,0.3608125,Migrate VM
98,0,94591244395,140.94246300639531,0,144,168846390496,1.0,0.016828731609599114,0.00019200689475739986,3.66332833558109,0.014134606113351938,0.998844742577484,0.07682656211359658,0.0038356991364409056,0.011729643335408017,0.026682204611793707,0.2320231659559398,0.028352525411747587,0.037779481038839324,0.07123246104299541,0.09560393131577735,False,False,True,True,False,0.495,-0.055500135822597385,0.9733375,0.63850125,Migrate VM,0.5216625,Migrate VM
99,0,94591244395,85.08975673807605,0,144,168846390496,1.0,0.009209558203132524,0.00038086391887489707,0.29747657548649736,0.0061828556157079145,0.9928095021024619,0.11450163117577146,0.05602140444901081,0.046612991892875884,0.026169802393717367,0.1903731558926587,0.0800893335977697,0.06329865565108395,0.07219621352695403,0.03403697229005574,False,False,True,True,False,0.295,-0.1005783503680292,0.9925,0.50425,Migrate VM,0.3025,Migrate VM
100,0,94591244395,32.60846107275817,0,144,168846390496,1.0,0.04236167960939671,0.0010856514651843585,4.442262229689414,0.011987413745440576,0.9961795572045511,0.06782349115619338,0.019181641004629258,0.023882789619336608,0.08467892845388592,0.15999980625563628,0.05636167616103602,0.016748457860040953,0.05492892936190681,0.01652174251525936,False,False,True,True,False,0.325,-0.09006898221181947,0.9899249999999999,0.5244774999999999,Migrate VM,0.335075,Migrate VM
101,0,94591244395,337.20108907144555,0,144,168846390496,1.0,0.03523192106933938,0.00026608671509222747,2.337629725698696,0.01646284506901012,0.9918032230633671,0.05479665271488367,0.10358700175776848,0.036209860074347525,0.061960359954309145,0.10029300417089422,0.008663202086542188,0.043434507526117064,0.017345765426515943,0.06238065765950118,False,False,True,True,False,0.465,-0.08702435843633971,0.9883875,0.6220162499999999,Migrate VM,0.4766125000000001,Migrate VM
102,0,94591244395,18.300046301451776,0,144,168846390496,1.0,0.1840100814849378,0.0011629230551079971,4.212381577060476,0.015068994267834096,0.9843388619118764,0.10317816471977949,0.06755583454367978,0.0582118895288216,0.05550737244219037,0.15169687228911918,0.11100039087304653,0.04622600589650079,0.026454025742479365,0.06481877309914827,False,False,True,True,False,0.305,-0.15103409968863124,0.99895,0.513185,Migrate VM,0.30604999999999993,Migrate VM
103,0,94591244395,241.86750790106424,0,144,168846390496,1.0,0.1801100554699922,0.0009196968422015386,1.9967615059217152,0.02573354793392691,0.9917627131014087,0.09243129147008955,0.04796455572297384,0.01604639117501798,0.09660723645427655,0.03118777704734069,0.025744122396270653,0.04591538908927258,0.05685876796550524,0.08753204630642826,False,False,True,True,False,0.48,-0.1458179935553232,0.9989,0.63567,Migrate VM,0.48109999999999997,Migrate VM
104,0,94591244395,98.13113906972102,0,144,168846390496,1.0,0.02076079848760394,0.00237056857562903,0.7253806240417597,0.006263426852713767,0.9881888354899894,0.06643241112536907,0.09194608025737923,0.056632455305812845,0.09180460475840801,0.04165670729778993,0.046369501303782305,0.035043511230082224,0.011217445264315194,0.026751073418344908,False,False,True,True,False,0.39,-0.11605240729917365,0.99385,0.571155,Migrate VM,0.39615,Migrate VM
105,0,94591244395,110.99995342302392,0,144,168846390496,1.0,0.02386428718669486,0.0013643486013044748,3.3117702780844844,0.002215907044515903,0.9913520599433786,0.09815833846866373,0.07793038087377879,0.06069269881511719,0.05810932036464656,0.19512270470977156,0.031210908402045188,0.026429637889380977,0.01341866190281659,0.045736484145388584,False,False,True,True,False,0.36,-0.08418719735267266,0.987575,0.5482724999999999,Migrate VM,0.372425,Migrate VM
106,0,94591244395,141.14160806955957,0,144,168846390496,1.0,0.045173834327683536,0.0018640802803039482,1.4742508411384354,0.008644286200367253,0.9855148526616343,0.055066981134326565,0.03167144655613246,0.027497123195555525,0.030594371692264026,0.18147300954213452,0.12056439879036986,0.03647387291296735,0.04892489719981339,0.08484004867588375,False,False,True,True,False,0.29,-0.11258661737826714,0.9936,0.50108,Migrate VM,0.2964,Migrate VM
107,0,94591244395,359.5786694401171,0,144,168846390496,1.0,0.11503434088684353,0.002206255543712246,4.268058781479072,0.025078535852631863,0.9910155317528165,0.010183876029756896,0.001822207104553163,0.03553373856232715,0.06408227961593799,0.09686791156702515,0.07365646082414906,0.04044632243309185,0.06365677666187909,0.010630498896739733,False,False,True,True,False,0.335,-0.1285395910851762,0.9942,0.5327599999999999,Migrate VM,0.3408,Migrate VM
108,0,94591244395,81.06395979799636,0,144,168846390496,1.0,0.1486884335549307,0.0021022566364111497,4.673046097774481,0.027659756329218986,0.9981649852012137,0.039446983035100365,0.0419306750237643,0.01996239183844435,0.07859984874031543,0.22324131225528696,0.044678786801188725,0.040800788483105796,0.022545045888231315,0.01661242918928537,False,False,True,True,False,0.45,-0.13555577041409705,0.9951625,0.61354875,Migrate VM,0.4548375,Migrate VM
109,0,94591244395,70.26679073471604,0,144,168846390496,1.0,0.010864752100899364,0.002353823814224262,1.892470002873277,0.02643059115783581,0.9946888296099597,0.024083856680980932,0.018417994058016956,0.06046298863787016,0.03431687459447615,0.21717279514788193,0.01815659665286121,0.04964265237740412,0.06197223696087485,0.023016376310595707,False,False,True,True,False,0.35,-0.08571179672472162,0.987975,0.5413924999999999,Migrate VM,0.36202499999999993,Migrate VM
110,0,94591244395,99.43465084436377,0,144,168846390496,1.0,0.18084729115110032,0.0006560838450431802,2.0196624556745717,0.013705019169270369,0.9875505910381875,0.09735269004606067,0.0804104675784987,0.028170652914612945,0.10826459840426504,0.050667721216950276,0.0005581950389495511,0.04183842760605339,0.07563805922440371,0.0037807771479827644,False,False,True,True,False,0.35,-0.12671184317617024,0.9941875,0.54325625,Migrate VM,0.3558125,Migrate VM
111,0,94591244395,74.8793065350458,0,144,168846390496,1.0,0.09729649546632829,0.002008291163212415,0.4182622303085294,0.012523706869200117,0.9957846006972866,0.04662431863302487,0.019808195364848284,0.014557184413075961,0.053158180139614736,0.11400200948753368,0.11172447652839439,0.04704546005982628,0.052531769013866796,0.096170832175599,False,False,True,True,False,0.32,-0.12444595291338356,0.9941625,0.5222487499999999,Migrate VM,0.3258375,Migrate VM
112,0,94591244395,148.26363850835054,0,144,168846390496,1.0,0.07562895060921156,0.002289487949454368,1.154965808692996,0.02312548286554314,0.9959095562045904,0.012271247726308044,0.04885038343391991,0.014934461365496577,0.02403180416458005,0.11029506337667026,0.03752128288251526,0.058312010840680856,0.06905845239653065,0.07853440090623068,False,False,True,True,False,0.38,-0.10912828703949506,0.993325,0.5639974999999999,Migrate VM,0.386675,Migrate VM
113,0,94591244395,95.7711141437995,0,144,168846390496,1.0,0.05140019881661407,0.0006316125014356632,0.6343223648826279,0.029905915367863453,0.9900341394734787,0.02819589597572732,0.08818793750249626,0.029725236159820822,0.00455249675274242,0.038508566753696474,0.0828715651194156,0.057348384750027785,0.016049717850156398,0.08975366089070688,False,False,True,True,False,0.395,-0.1295535030964875,0.994225,0.5747675,Migrate VM,0.400775,Migrate VM
114,0,94591244395,306.3589632187792,0,144,168846390496,1.0,0.15907139138645268,0.0005644979302195976,0.23738566203448702,0.027485844261396435,0.9884300148463175,0.07766675291093562,0.07917532506483312,0.009553086876438391,0.10122684722890977,0.22317142603224563,0.09442556318636308,0.0323198894873937,0.06670527680752254,0.05160396868881651,False,False,True,True,False,0.26,-0.16390329517258484,0.9991875,0.48175625,Scale Resources,0.2608125,Scale Resources
115,0,94591244395,268.1175340140315,0,144,168846390496,1.0,0.15384486447348827,0.001858060303132416,1.3521575840481397,0.003734091778723445,0.9873056542623173,0.0631049115253666,0.052701142814442374,0.043385382456282706,0.05122047747508058,0.18711723767879077,0.11838003941268734,0.018072790874197595,0.05604107475741045,0.06632957086206262,False,False,True,True,False,0.22,-0.13510298833597334,0.9950875,0.45252625,Scale Resources,0.22491249999999996,Scale Resources
116,0,94591244395,188.3125797405534,0,144,168846390496,1.0,0.035349418851405044,0.001971820709528926,4.512406165847718,0.022872656905097825,0.9986310012493425,0.12350371732990036,0.03677377923049306,0.04752397061585272,0.061440010665483255,0.23461337877069974,0.012161121715845198,0.030206764504679712,0.06661860463880497,0.027790241525961372,False,False,True,True,False,0.38,-0.09383652930122444,0.9909625,0.5632887499999999,Migrate VM,0.38903750000000004,Migrate VM
117,0,94591244395,283.6054262299942,0,144,168846390496,1.0,0.07177184302129794,0.0024299089467185596,4.1502564954059595,0.009547866810765982,0.996169888878313,0.04227154871345217,0.06320869089068343,0.049032381435535656,0.1075476470274681,0.005814238041768186,0.02854097661178494,0.0521485010497912,0.04287773567965122,0.048487665130547135,False,False,True,True,False,0.35,-0.11825876460355866,0.993975,0.5431925,Migrate VM,0.3560249999999999,Migrate VM
118,0,94591244395,19.875584414872964,0,144,168846390496,1.0,0.06530172814902305,0.002145062067954674,0.14511473442626804,0.012561781100973116,0.9990858056663574,0.006384935926791386,0.07810871413705468,0.019182580062383086,0.11234601803554689,0.17740971960605995,0.11482164202289812,0.015816649047130142,0.04042536104124726,0.07624009868401738,False,False,True,True,False,0.305,-0.11813013682099327,0.993975,0.5116925,Migrate VM,0.3110249999999999,Migrate VM
119,0,94591244395,88.45190747819315,0,144,168846390496,1.0,0.04326493223760318,6.7399546712608e-05,4.502490081002579,0.022498136723133975,0.9939260116927818,0.09336261901006478,0.05543868285978936,0.035454300642718546,0.058276762704245505,0.1522919415500358,0.026126726546229363,0.06505094984345389,0.06176516126938577,0.03419965629777483,False,False,True,True,False,0.43,-0.11287651484594563,0.993625,0.5990875,Migrate VM,0.43637499999999996,Migrate VM
120,0,94591244395,208.29934685250876,0,144,168846390496,1.0,0.02644261874062774,0.0024109842726014177,4.241210751478341,0.029211947953039722,0.9888693947433733,0.02122442372919625,0.022192290272347672,0.006701763737488381,0.015570982564412863,0.016955716869150247,0.128319348082956,0.005424779548251966,0.010084951144211401,0.08093469089198956,False,False,True,True,False,0.385,-0.10808721964694401,0.993275,0.5674824999999999,Migrate VM,0.391725,Migrate VM
121,0,94591244395,208.88647802745953,0,144,168846390496,1.0,0.14520322585674983,0.0015643799020851803,4.143892673209201,0.020230969342344914,0.9920354258106695,0.08944173403156935,0.04668427402704983,0.02576891259422463,0.06062584283473214,0.04035682089013625,0.10326650110479227,0.01909674292801034,0.011682011726313089,0.02410194231080244,False,False,True,True,False,0.395,-0.11936485636297389,0.994025,0.5747074999999999,Migrate VM,0.40097499999999997,Migrate VM
122,0,94591244395,303.1452546380063,0,144,168846390496,1.0,0.06191274292457463,0.0017010971648362204,4.022863162996437,0.002463476848380768,0.9960837438211372,0.03860841057588414,0.02269645265488739,0.05129759350540931,0.11794482584749687,0.07015349347799636,0.07374285904762534,0.021230561120320415,0.042174855048795784,0.06084005032638537,False,False,True,True,False,0.32,-0.09324269789476625,0.9907125,0.52121375,Migrate VM,0.32928749999999996,Migrate VM
123,0,94591244395,219.7207399644647,0,144,168846390496,1.0,0.11691494430801486,0.00033493753410869173,3.257808304901233,0.021380654739726408,0.9947098070820739,0.009294986354417738,0.04662669697241767,0.030457938299303603,0.011241161575815123,0.05287752972936856,0.057165809932802125,0.05441843131793708,0.01803773901370991,0.08117882070592855,False,False,True,True,False,0.37,-0.07899695632718906,0.9868,0.55504,Migrate VM,0.3832,Migrate VM
124,0,94591244395,196.48738286620684,0,144,168846390496,1.0,0.14257906597211578,0.0011717277113683737,2.3448942991147383,0.019636901521506944,0.9987995112809734,0.06171671553863177,0.055131480786134765,0.04482643405173255,0.09561048288698544,0.017085504580955133,0.06685303463260918,0.03527693663755753,0.07012978798632644,0.04828235799917908,False,False,True,True,False,0.325,-0.12301045526091214,0.99415,0.5257449999999999,Migrate VM,0.3308500000000001,Migrate VM
125,0,94591244395,168.59539248995915,0,144,168846390496,1.0,0.18041249785025662,0.0011172283223746,0.849679038458693,0.006873369810533657,0.9849198066872229,7.129356423277519e-05,0.045078599839517355,0.05728002619530213,0.09508561550945138,0.0076448270312441625,0.07389182661338659,0.011301351936873141,0.0716052463240485,0.01637420279625857,False,False,True,True,False,0.28,-0.13317150127498978,0.9949125,0.49447375,Scale Resources,0.28508750000000005,Scale Resources
126,0,94591244395,225.59011837109335,0,144,168846390496,1.0,0.061169692905760645,0.0015907854533264943,1.9365264728212883,0.024070629490179535,0.9871779976501569,0.11366626279246331,0.05217441648554908,0.05630088136045413,0.11015789346534462,0.23751442067138184,0.02903201865976363,0.021015079419802588,0.019055121410919817,0.02571809226097427,False,False,True,True,False,0.305,-0.12001806915699964,0.9940375,0.51171125,Migrate VM,0.31096250000000003,Migrate VM
127,0,94591244395,209.68010695417587,0,144,168846390496,1.0,0.18628547308984555,0.0024554472221766563,2.4744427804687783,0.020248703869169226,0.9976661779540683,0.11707221622194865,0.02136991216051437,0.03935674495299027,0.10796788965460523,0.07209932193410455,0.05701626014578316,0.07219746757620998,0.07495089665023745,0.08864922000468081,False,False,True,True,False,0.225,-0.15271769911837185,0.9990125,0.45720375,Scale Resources,0.2259875,Scale Resources
128,0,94591244395,287.4414041381007,0,144,168846390496,1.0,0.05046196888552608,0.0007955648351427752,2.570783773107917,0.01776921985737247,0.9917583881824388,0.07989465914965364,0.042623104421010694,0.055785673335263075,0.04324096947265788,0.07863266480120785,0.016493404727675944,0.013823307601569074,0.06471500560035646,0.04366216073755314,False,False,True,True,False,0.38,-0.0833756485419701,0.987475,0.5622425,Migrate VM,0.392525,Migrate VM
129,0,94591244395,82.03240315902016,0,144,168846390496,1.0,0.14237645625419765,0.0013736256858099037,0.0993773726779947,0.010024470573916163,0.9862833699332325,0.08230435804325685,0.028767842106967787,0.004836124916756056,0.007121699039053315,0.13833066118451864,0.002816199946013572,0.06217464396112964,0.011823960695436045,0.05934359156925881,False,False,True,True,False,0.355,-0.10216368209721916,0.99275,0.546325,Migrate VM,0.36224999999999996,Migrate VM
130,0,94591244395,160.08769008386844,0,144,168846390496,1.0,0.08303466023098172,0.0001780248357163577,3.770815204306553,0.028297942580417904,0.9835169601758704,0.022412731032304324,0.09413713363650873,0.04091688278906683,0.0194509316527831,0.048222143760088064,0.08555974015866885,0.053093363101279566,0.04560959082327379,0.09325154542941379,False,False,True,True,False,0.365,-0.15039226553127094,0.99895,0.555185,Migrate VM,0.36605,Migrate VM
131,0,94591244395,177.86289731823973,0,144,168846390496,1.0,0.056300983526723754,0.0011833243998880824,1.689481565795808,0.0071110132421792925,0.984099402653008,0.044198540452264116,0.07412792920223048,0.001372932098860867,0.056934519168054525,0.15314090747367476,0.07913197802039969,0.05689006676315221,0.06167137014278177,0.06962994334411328,False,False,True,True,False,0.245,-0.129527436798212,0.994225,0.4697675,Scale Resources,0.25077499999999997,Scale Resources
132,0,94591244395,37.007170612109796,0,144,168846390496,1.0,0.08906670825081762,0.00149617718645835,1.153511749807266,0.0013483293681150125,0.9870598510219669,0.05708391662367587,0.04320596440723578,0.013155134107613355,0.10687613602659539,0.22012178109120353,0.02610252866625776,0.06809189690483693,0.0013590166939998676,0.09049396910484234,False,False,True,True,False,0.355,-0.117337610739768,0.9939625,0.54668875,Migrate VM,0.3610375,Migrate VM
133,0,94591244395,342.69436442912684,0,144,168846390496,1.0,0.0022597243154859753,0.0018919469562716533,4.557384722523475,0.028705109060484364,0.9995118364854864,0.06905915086147134,0.008303344904013231,0.0632777600904629,0.07957587984242802,0.14618007540024255,0.05409220381712949,0.041887843609744,0.011685681692216753,0.07237561296173321,False,False,True,True,False,0.305,-0.09824513577316007,0.9920875,0.51112625,Migrate VM,0.3129124999999999,Migrate VM
134,0,94591244395,27.006230646555238,0,144,168846390496,1.0,0.136833893820711,0.0021050871837850343,2.219354816442807,0.016154874064789146,0.988536915480761,0.1216556914147832,0.07638514508398217,0.02747595428628057,0.022661797385186935,0.052214483106649646,0.06014226902452065,0.0690438256807405,0.05586022172395373,0.021058433906762094,False,False,True,True,False,0.35,-0.14638542502858254,0.9989,0.54467,Migrate VM,0.35109999999999997,Migrate VM
135,0,94591244395,309.4420080308033,0,144,168846390496,1.0,0.07091259806431521,0.002111890483051781,1.1353496906437708,0.019603352291413415,0.9987778426335625,0.03236267595262846,0.07220670750239148,0.07351815163255099,0.01952336194483273,0.021021443150013884,0.087401769333056,0.024885907002656395,0.005420897788682887,0.046501661601729,False,False,True,True,False,0.295,-0.092909708129019,0.99065,0.503695,Migrate VM,0.3043499999999999,Migrate VM
136,0,94591244395,271.35744467182406,0,144,168846390496,1.0,0.053460450077847894,0.000830766564858754,3.9725533717152506,0.016479395513836988,0.9973788686464825,0.05601665013717448,0.09923789955988718,0.04846004635349358,0.015024974971806992,0.21046888929025975,0.06342768953397306,0.010375158143493813,0.01161798976551684,0.06726507995538512,False,False,True,True,False,0.38,-0.08508036056284651,0.9878625,0.56235875,Migrate VM,0.3921375,Migrate VM
137,0,94591244395,17.05410242261632,0,144,168846390496,1.0,0.05373633092133999,0.0003466107704369066,2.0718988672253733,0.013129529840696524,0.9920312815110502,0.03509108231413587,0.0035100972258907217,0.045748965452449136,0.04844830554944545,0.15488288300117314,0.014087441771744764,0.0010092013661255864,0.018892379999902103,0.04466643843507794,False,False,True,True,False,0.38,-0.06956822449886257,0.983675,0.5611025,Migrate VM,0.39632500000000004,Migrate VM
138,0,94591244395,141.86591070064821,0,144,168846390496,1.0,0.15193172911377495,0.0009368685482991434,2.4916724487646356,0.01880658801386387,0.9836972054083347,0.0646432020749368,0.036023344846783566,0.031369736070164224,0.013001125146723117,0.18614922630414563,0.12217203544417125,0.0016312074212895642,0.04575765589975212,0.07473090364824998,False,False,True,True,False,0.285,-0.12223748129443035,0.9941,0.49773,Scale Resources,0.29089999999999994,Scale Resources
139,0,94591244395,102.5307319139602,0,144,168846390496,1.0,0.14766667216185314,0.0015679580039905073,4.364610102450676,0.031084867123428776,0.9840391171214768,0.055834474894502245,0.05703684981787799,0.010926925324300294,0.043595648426984636,0.23485561868036955,0.0021040948041631683,0.03314653741086888,0.06411647252307089,0.031688973040990935,False,False,True,True,False,0.375,-0.13872585474912047,0.9969,0.5615699999999999,Migrate VM,0.3781,Migrate VM
140,0,94591244395,172.7274609918552,0,144,168846390496,1.0,0.18338357733524624,0.001177482390248113,0.6149843544870457,0.0016388866570966301,0.9990902770749127,0.033355966411958926,0.052575053826511314,0.006753915687851666,0.05492208716122346,0.22117255267324729,0.06513215322705769,0.07113636115014946,0.0196944603342759,0.04936232839819137,False,False,True,True,False,0.31,-0.10601200817176604,0.9931,0.51493,Migrate VM,0.31689999999999996,Migrate VM
141,0,94591244395,309.43108505135706,0,144,168846390496,1.0,0.08404731647882696,0.0006930038178276809,4.01847457473092,0.012354335261622527,0.992178728976623,0.12254270315854122,0.019563595700145757,0.022443162646400547,0.004027821688741457,0.09317625230771273,0.025951514072402447,0.04981305709109063,0.013796509304249461,0.06602049939286347,False,False,True,True,False,0.35,-0.08367390211295866,0.9875125,0.54125375,Migrate VM,0.36248749999999996,Migrate VM
142,0,94591244395,94.85115414815436,0,144,168846390496,1.0,0.06660334389772496,0.0008650185540395882,3.3668400138595365,0.014782168536454338,0.9893549917994252,0.10699415956696222,0.05963165457859139,0.015922461057077474,0.11668663786481823,0.08147983113690575,0.0050532347344524236,0.036229828662152186,0.009430282178857963,0.023330432992594633,False,False,True,True,False,0.425,-0.08946749907011797,0.9897125,0.59441375,Migrate VM,0.43528750000000005,Migrate VM
143,0,94591244395,268.95991416746796,0,144,168846390496,1.0,0.024515965008059734,0.002000861152000857,4.400989528432791,0.019219039019041005,0.9951726578040971,0.08954675720029603,0.10337838741951805,0.025431926262572017,0.02111250700924683,0.12345431806800516,0.06912979712417897,0.013032220074690879,0.04665068250194685,0.001381897355386884,False,False,True,True,False,0.32,-0.07492271610032963,0.9859,0.51977,Migrate VM,0.33410000000000006,Migrate VM
144,0,94591244395,333.96062488351976,0,144,168846390496,1.0,0.04960767709148656,9.809164220285095e-05,0.5084864472982474,0.007612711525349497,0.9878984476843846,0.004117270444783334,0.029217283913577984,0.01436699942151173,0.04908391417669174,0.0915901797325962,0.04394851324710176,0.02402066464724976,0.006827533909475193,0.00246593323926857,False,False,True,True,False,0.385,-0.09010495120955031,0.98995,0.5664849999999999,Migrate VM,0.39505,Migrate VM
145,0,94591244395,72.76114805632797,0,144,168846390496,1.0,0.14187176764061538,0.002456765547211519,4.361620434669825,0.01597707930333501,0.992197071704425,0.0394763004112361,0.08062772610906482,0.05694599360826607,0.1094503471377632,0.2129446919408607,0.05630845966983204,0.056174197040293854,0.06135780971812091,0.030178235736107107,False,False,True,True,False,0.325,-0.15357475330108006,0.9990125,0.52720375,Migrate VM,0.3259875000000001,Migrate VM
146,0,94591244395,334.527207842214,0,144,168846390496,1.0,0.0176890317449354,0.002465343347382053,3.617392275090042,0.0029554530874192205,0.9942704995991659,0.004289115531524834,0.08023766722236361,0.05951244900049118,0.07809566513465789,0.2037553763981298,0.012689458445822876,0.020211623522147365,0.031514218279278465,0.004153886006030533,False,False,True,True,False,0.4,-0.09553617596408248,0.99145,0.5774349999999999,Migrate VM,0.40854999999999997,Migrate VM
147,0,94591244395,161.3577915256198,0,144,168846390496,1.0,0.04972752302110612,0.0009738073649068233,1.9968595138581768,0.027865711325640707,0.9878390277730785,0.1121542891016025,0.04445754985824644,0.024409510452066827,0.0651449946769928,0.09933641623960103,0.03336540484186586,0.03682162871464559,0.011550392529809645,0.03443116702646966,False,False,True,True,False,0.42,-0.11431495489812216,0.9936875,0.59210625,Migrate VM,0.4263125000000001,Migrate VM
148,0,94591244395,203.6844789746726,0,144,168846390496,1.0,0.07751404582309848,0.002042934550029781,1.2059141801436897,0.030728922344875866,0.9964120371026072,0.12142158578190936,0.08730080479909413,0.010581469088073978,0.0682495869451153,0.040419697178880686,0.10607390728639493,0.042790305280813144,0.020045508907011386,0.09094758234517344,False,False,True,True,False,0.27,-0.16159940434765097,0.999175,0.4887525,Scale Resources,0.270825,Scale Resources
149,0,94591244395,41.466979193133845,0,144,168846390496,1.0,0.10572420065087137,0.0017878584309896932,0.2764326842630117,0.01894412253239515,0.9969316898505562,0.008473886623749862,0.05342524063453422,0.01925291487679827,0.08594064545070922,0.028220643441112046,0.12147810295069315,0.0655395239293897,0.014150546943706948,0.03162681061727106,False,False,True,True,False,0.33,-0.1179736881701533,0.993975,0.5291925,Migrate VM,0.336025,Migrate VM
150,0,94591244395,211.5485908750955,0,144,168846390496,1.0,0.13463668811892196,0.00109758914891877,0.7341563888432775,0.003300223717660595,0.9999960889523023,0.05714135508348448,0.09087607191164464,0.035919111672822246,0.11957321925486517,0.02086856416491462,0.014781296532872695,0.0680962386337496,0.07209348910297787,0.030790471838643686,False,False,True,True,False,0.375,-0.09168585998250744,0.9903625,0.55960875,Migrate VM,0.38463749999999997,Migrate VM
151,0,94591244395,127.85935931779386,0,144,168846390496,1.0,0.08483441903151712,0.0010318950349568696,0.8927105338623745,0.028466608026292396,0.9875551385467833,0.08850342247839671,0.007159883111490878,0.0028855361611745574,0.0847487502290881,0.08061558722567275,0.08497288514021502,0.006887121922052024,0.07227293167537292,0.07323112779194019,False,False,True,True,False,0.26,-0.14687407235230832,0.9989,0.48167,Scale Resources,0.2611,Scale Resources
152,0,94591244395,315.45620388928774,0,144,168846390496,1.0,0.025588228883345797,0.0007938561621870457,1.7302446358010044,0.017021262487527014,0.988281152601098,0.00760844762826031,0.0385229638714113,0.018954477773760022,0.05003032367357595,0.046835594363258196,0.03395189816744984,0.04592471813027252,0.029534110450499532,0.033790683441822345,False,False,True,True,False,0.345,-0.08976798639397432,0.9898125,0.53844375,Migrate VM,0.3551875,Migrate VM
153,0,94591244395,192.20602778005426,0,144,168846390496,1.0,0.14472385140823607,0.0009394232621237459,2.759789754273954,0.030615833761743642,0.9920330094998889,0.11416893416260201,0.08267892573061561,0.004372362769359292,0.055627807800335785,0.16605520733984494,0.12791602185302592,0.03357639905240351,0.007059922139781791,0.05498432897960133,False,False,True,True,False,0.41,-0.15163002029077222,0.998975,0.5866925,Migrate VM,0.411025,Migrate VM
154,0,94591244395,45.56296516462571,0,144,168846390496,1.0,0.14090991755238624,0.0012588121351247749,3.3982165760709013,0.027547262315061907,0.9938158061837586,0.0768539587978846,0.07861436749758144,0.06273163462965418,0.11266297864089073,0.008662844383576255,0.07210377138662748,0.01584188534304407,0.06546257772154575,0.06343617370845975,False,False,True,True,False,0.265,-0.16137867414464668,0.999175,0.4852525,Scale Resources,0.265825,Scale Resources
155,0,94591244395,151.28009245167775,0,144,168846390496,1.0,0.03526954277275337,0.0008406271242060959,3.3058962218075734,0.006475492510114993,0.9848930634960839,0.11143720257054718,0.07961641936020031,0.014877308069025985,0.0378948802639955,0.23115145325329167,0.0918080963059305,0.044721183968333834,0.02340704343707541,0.02926499436833154,False,False,True,True,False,0.38,-0.11684507914420461,0.993925,0.5641775,Migrate VM,0.38607500000000006,Migrate VM
156,0,94591244395,14.228502728482969,0,144,168846390496,1.0,0.13659035004411213,0.00010705526842870477,0.022816657490744293,0.023115338080819014,0.9991478967651152,0.09493226721968691,0.04920471539506778,0.036192334256852116,0.056540146588543685,0.07719798138805298,0.0676343378253616,0.0315821233949792,0.04551380062049176,0.08786783595603735,False,False,True,True,False,0.26,-0.1252094611938911,0.9941875,0.48025625,Scale Resources,0.2658125,Scale Resources
157,0,94591244395,358.2033902365717,0,144,168846390496,1.0,0.01476436685304696,0.0009538431443400073,0.8488418068336079,0.011157558063664523,0.9881245616344516,0.02190236466215068,0.07960245971701435,0.03695509437571214,0.11916977640560227,0.007750253838523465,0.008682940667257482,0.029540085316041527,0.006108194834813968,0.025704225503670117,False,False,True,True,False,0.315,-0.09337206487245364,0.9908,0.51774,Migrate VM,0.32420000000000004,Migrate VM
158,0,94591244395,354.9707075075845,0,144,168846390496,1.0,0.03917992640336514,0.0004912434841837172,2.694595941813435,0.015779953898123547,0.9930073116221344,0.0472758625486311,0.08611849471507725,0.010319108444812297,0.05553625364790485,0.16402051767200704,0.11255701899175287,0.027071390847961445,0.04319900961341035,0.006764326372168331,False,False,True,True,False,0.345,-0.11242612614518654,0.9935875,0.53957625,Migrate VM,0.3514125,Migrate VM
159,0,94591244395,61.31487172025842,0,144,168846390496,1.0,0.012963405462396466,0.0018048194114648045,1.3531209778887132,0.022933145603816568,0.9844399861565876,0.10823964096920881,0.08702988260643053,0.006621891267171926,0.0030797619454995223,0.013385083946401222,0.11066348191916887,0.01719220247502093,0.041717389560990956,0.04170172400703988,False,False,True,True,False,0.355,-0.11810460240676601,0.993975,0.5466925,Migrate VM,0.36102499999999993,Migrate VM
160,0,94591244395,286.38918944229675,0,144,168846390496,1.0,0.09166843152575074,0.0012414152009194135,4.646119550505539,0.004757119709137672,0.9971784016699873,0.006493986630956246,0.04982928737769214,0.06599905305165336,0.0862374550136202,0.16293921856997398,0.03413610275346529,0.03066091004056012,0.02789266691184806,0.05101554618953463,False,False,True,True,False,0.375,-0.094101954564762,0.9910125,0.5598037499999999,Migrate VM,0.38398750000000004,Migrate VM
161,0,94591244395,166.40205485172052,0,144,168846390496,1.0,0.0612934409769355,0.0007574554368639242,1.1783459936080347,0.011567165656941988,0.985832371476884,0.10943886992915941,0.06276759841410072,0.009962123976104959,0.08995100255492669,0.2015691259350649,0.0307938090477904,0.011031603838374291,0.0006556756659257036,0.004622750469171535,False,False,True,True,False,0.375,-0.10203208784890128,0.992725,0.5603174999999999,Migrate VM,0.38227500000000003,Migrate VM
162,0,94591244395,274.4104853892642,0,144,168846390496,1.0,0.18509743725781758,0.00011128314822990114,3.513957569913915,0.0022770794296975948,0.9932022202312686,0.0948785876875279,0.03751738516681889,0.0008142309420782324,0.07715955712368192,0.235711002882907,0.03339718054864288,0.013880374841520127,0.009429356812197013,0.054323593005319186,False,False,True,True,False,0.465,-0.12076158190420216,0.9940375,0.6237112499999999,Migrate VM,0.47096249999999995,Migrate VM
163,0,94591244395,214.7202357696984,0,144,168846390496,1.0,0.14855078196945043,0.001867285262501989,4.192587486560243,0.025532328659114447,0.9874544633490249,0.06975610012356963,0.031094264833071733,0.02455677264726764,0.12081603028836134,0.16215005164436758,0.12634460679598075,0.03053914867050997,0.040892912133507424,0.047657076974597534,False,False,True,True,False,0.325,-0.13944343803325354,0.9975,0.52675,Migrate VM,0.3274999999999999,Migrate VM
164,0,94591244395,38.62334070854169,0,144,168846390496,1.0,0.04438162397373813,0.0013083024383274326,0.3164812731549076,0.029515013553443034,0.9853974086251858,0.02484426358844977,0.07973189108928691,0.0072180261830421585,0.11671085715229063,0.17256658825286858,0.00889591677851662,0.05067830396309604,0.04805977802191186,0.07409549921237733,False,False,True,True,False,0.375,-0.13163838447126075,0.9947,0.56091,Migrate VM,0.38029999999999997,Migrate VM
165,0,94591244395,298.1512268961609,0,144,168846390496,1.0,0.13469073059496656,0.0014534553219838107,1.514725849996517,0.02209434538525783,0.9992828604277646,0.07372709843550815,0.06923573166537982,0.03254981759544415,0.09802249755214172,0.23723829104927524,0.02079265895507028,0.01482633496970495,0.04104510358085823,0.04709550021001691,False,False,True,True,False,0.335,-0.0972091437777669,0.9919375,0.5320812500000001,Migrate VM,0.34306250000000005,Migrate VM
166,0,94591244395,205.76512242241876,0,144,168846390496,1.0,0.009201383948301195,0.0010024249901381932,2.738457966073447,0.018542819756400306,0.9942889048093362,0.09037867160824443,0.06686598950031669,0.05884378964691838,0.08099313892029252,0.127815542800595,0.07858649993638368,0.007412488230917029,0.02078411888635192,0.05159830897474548,False,False,True,True,False,0.31,-0.09304599435336836,0.9907125,0.51421375,Migrate VM,0.31928749999999995,Migrate VM
167,0,94591244395,314.2753975446146,0,144,168846390496,1.0,0.12732216680399872,0.00022417164232914826,2.7821278453909772,0.007026159099468524,0.9955669468908382,0.10383413041735744,0.06186709571489543,0.04403456932965612,0.043894545006089414,0.10611511733669808,0.11202185934471397,0.05298374401897738,0.039547366598077775,0.03602612124040201,False,False,True,True,False,0.32,-0.1133736505397771,0.99365,0.522095,Migrate VM,0.3263499999999999,Migrate VM
168,0,94591244395,18.136705783879567,0,144,168846390496,1.0,0.02681388774869721,0.0004786162307761703,1.7539164064447725,0.029916856140893747,0.9917525644463541,0.029469688455870304,0.011171650026090562,0.025191207276343757,0.10575023620058867,0.09115622089400262,0.10014662670847206,0.058798727419977714,0.008432205380757713,0.059548401664745246,False,False,True,True,False,0.39,-0.12424107709855825,0.9941625,0.5712487499999999,Migrate VM,0.39583750000000006,Migrate VM
169,0,94591244395,345.27458281359986,0,144,168846390496,1.0,0.07540088904441636,0.00012631858006272818,4.337083853307362,0.028000524183187932,0.9920356983821738,0.06930129488691918,0.022189061615952077,0.061018671982693944,0.06463784677397928,0.008055901481652842,0.08854515182480904,0.0696245479273085,0.06308896107796197,0.027119759640324252,False,False,True,True,False,0.42,-0.14758720678664317,0.9989125,0.59367375,Migrate VM,0.42108750000000006,Migrate VM
170,0,94591244395,19.197030576002632,0,144,168846390496,1.0,0.17631588985090885,0.002323496899306464,2.500945692831484,0.020352959701921428,0.9910433428869221,0.052675634445498526,0.012595543014005034,0.007204500488314034,0.03017108639771864,0.19894728686522806,0.018905505783849138,0.0166058422918043,0.04174331612705036,0.021047424492031806,False,False,True,True,False,0.365,-0.10010312023826062,0.9924375,0.5532312500000001,Migrate VM,0.3725625,Migrate VM
171,0,94591244395,58.754406498403355,0,144,168846390496,1.0,0.10562179531836792,0.0009127068563377199,2.941294720433092,0.028904834581550357,0.9858498990185185,0.11462522000583858,0.09399012998488215,0.061736258036486906,0.08183906789295196,0.14746651473912187,0.08286668027985408,0.05057930486075125,0.0012541087824195858,0.09373526258249841,False,False,True,True,False,0.305,-0.17519567321779206,0.99925,0.5132749999999999,Migrate VM,0.30574999999999997,Migrate VM
172,0,94591244395,210.81735412760872,0,144,168846390496,1.0,0.14652484488795406,0.0009354903998942608,0.05823415968297314,0.016151841445710646,0.9917865098216009,0.0548370347148648,0.03549174006442147,0.01860277265184698,0.06839021688427833,0.08923850294469318,0.12574068112779502,0.012667051949670754,0.02432292905667854,0.028759707078755397,False,False,True,True,False,0.305,-0.10863517698367808,0.9933,0.51149,Migrate VM,0.3117000000000001,Migrate VM
173,0,94591244395,195.59130344494451,0,144,168846390496,1.0,0.09361504818265273,0.0015961887455969586,4.462499008445453,0.00903773298638765,0.9948795310375143,0.0031422520372715768,0.027453688833087533,0.03452991138646504,0.00401812321374082,0.14687745473126082,0.08793528639192066,0.054698645034529765,0.039305468921954564,0.05908709971082896,False,False,True,True,False,0.335,-0.0910999468564182,0.990225,0.5315675,Migrate VM,0.34477500000000005,Migrate VM
174,0,94591244395,142.5834904602554,0,144,168846390496,1.0,0.007734943594980476,0.00024783594609616155,3.0767507522834956,0.03154592499800604,0.9835967362961077,0.06997019467010761,0.07824415688453897,0.061564043589900634,0.07067963929424363,0.14741166130354452,0.09032249656757516,0.06291990691571511,0.009304848688702402,0.09061330111033289,False,False,True,True,False,0.335,-0.14617241703078176,0.9989,0.53417,Migrate VM,0.33610000000000007,Migrate VM
175,0,94591244395,9.366265278565201,0,144,168846390496,1.0,0.15678745330458288,0.0001902819719841088,0.9142385079740584,0.00012339289411806488,0.9907542872430078,0.04195816468084464,0.017433687877939474,0.033589477305954935,0.0521628268956127,0.18254439595912458,0.11578422669023125,0.04780102914646897,0.009466221468178635,0.028899643216981866,False,False,True,True,False,0.315,-0.11208472229297728,0.993575,0.5185724999999999,Migrate VM,0.32142500000000007,Migrate VM
176,0,94591244395,328.7945868596207,0,144,168846390496,1.0,0.016637717438979217,0.0010088207077180171,4.427282199950522,0.030123491683199884,0.9901867289761549,0.08375048839911667,0.04765647160826153,0.056104849738301814,0.0040941617670855,0.034279556408545686,0.07962391715860626,0.017034623550318546,0.05067903604200499,0.03436199595598616,False,False,True,True,False,0.32,-0.11478684293529928,0.9937,0.52211,Migrate VM,0.32630000000000003,Migrate VM
177,0,94591244395,319.1924009260157,0,144,168846390496,1.0,0.15361113479249747,0.001222017555407341,3.630565401692321,0.00859148198683574,0.991571004318722,0.024781683266046135,0.08966555217918169,0.06128799390951332,0.11695348484501457,0.20865785637510467,0.12440078494960735,0.016725796205489522,0.07090127437417428,0.05588480659027058,False,False,True,True,False,0.26,-0.14267809668650422,0.9987375,0.48162124999999995,Scale Resources,0.26126250000000006,Scale Resources
178,0,94591244395,152.09823021053478,0,144,168846390496,1.0,0.10507010549397619,0.0008495007775218052,1.3554369553110412,0.007646470276387412,0.984707147742033,0.062313075472083576,0.09245917259344519,0.04692293716520687,0.06753858910969622,0.10191638241611149,0.06020441005235081,0.015329718988952749,0.062616099405844,0.01940885417500989,False,False,True,True,False,0.225,-0.13233376476153524,0.994825,0.45594749999999995,Scale Resources,0.23017500000000002,Scale Resources
179,0,94591244395,257.9841924218327,0,144,168846390496,1.0,0.1424971896555286,0.001425418385765151,4.053474648020724,0.009222443587886665,0.9980269555690247,0.09153246490088925,0.08320668430492156,0.04948652622212667,0.1097187846732602,0.23615192682787534,0.05446935443178299,0.05961991996137733,0.05665408633851659,0.044306682696555695,False,False,True,True,False,0.255,-0.12941623343486786,0.994225,0.4767675,Scale Resources,0.260775,Scale Resources
180,0,94591244395,333.7016399037043,0,144,168846390496,1.0,0.0739548617948615,0.0014021028350049859,0.4976492441048673,0.0071540851034473775,0.9973449387076289,0.04976271961279969,0.04114301423224189,0.01831645765335429,0.06373171081834675,0.19161760750866852,0.11604788733834369,0.005135933500580265,0.043737347034422044,0.04571582411750642,False,False,True,True,False,0.255,-0.09669464576910747,0.99175,0.476025,Scale Resources,0.26325,Scale Resources
181,0,94591244395,221.1414661697682,0,144,168846390496,1.0,0.08386419129530046,0.000988461050242289,2.216592933346161,0.018441668556526875,0.9916830614488544,0.05924859566030569,0.08519055728997914,0.05552310481629556,0.04425585459233725,0.19037160948728568,0.11066613897494863,0.01124341646470834,0.04433553568015606,0.027913580816362946,False,False,True,True,False,0.36,-0.11682209267936317,0.993925,0.5501775,Migrate VM,0.36607500000000004,Migrate VM
182,0,94591244395,266.1020358936201,0,144,168846390496,1.0,0.04477224925475311,0.001664780772065971,1.1984120029576797,0.01619649137628869,0.9991441086148456,0.047849627628566246,0.09120940163690139,0.07349074640312203,0.1134145021278178,0.03944177562268944,0.10625940297196572,0.0023549667380363573,0.029925818680090147,0.08518844959512945,False,False,True,True,False,0.295,-0.1248261368726944,0.9941875,0.50475625,Migrate VM,0.3008124999999999,Migrate VM
183,0,94591244395,247.95079659357114,0,144,168846390496,1.0,0.09988883012585215,0.000961729493346017,3.81565006557403,0.0224836090993325,0.991140097109731,0.11199632551898563,0.024081610440368665,0.01268784430990737,0.08333222628445601,0.23113342035925885,0.03205401377585328,0.018288538120949906,0.010614282319048311,0.08419348252667828,False,False,True,True,False,0.44,-0.1251479893280879,0.9941875,0.6062562499999999,Migrate VM,0.44581249999999994,Migrate VM
184,0,94591244395,81.50311454808028,0,144,168846390496,1.0,0.09434597376091647,0.002456921046071701,0.05703016563169847,0.017633242955957563,0.9918714917970393,0.10132518346553211,0.03710961703369644,0.030555203726613203,0.021771256762206204,0.17616065322589264,0.10172862079563152,0.01001068834225499,0.02993762690334669,0.08735761660409608,False,False,True,True,False,0.245,-0.12938145224078168,0.994225,0.4697675,Scale Resources,0.25077499999999997,Scale Resources
185,0,94591244395,0.9746185232833771,0,144,168846390496,1.0,0.056017325741743555,0.001376256886612506,1.5693586724150188,0.00862023148029831,0.9910006333308599,0.022779022843843404,0.05523207030880425,0.05262262109388035,0.07458047359515006,0.02214074420317605,0.10946801126023423,0.012817254753554358,0.058193530728533116,0.0352759911430176,False,False,True,True,False,0.26,-0.12340759438741744,0.99415,0.480245,Scale Resources,0.26585000000000003,Scale Resources
186,0,94591244395,281.79408530019685,0,144,168846390496,1.0,0.03867616938850233,0.00046283862076578874,2.3347086443603877,0.0010436356974243453,0.9870883012932726,0.09085505313055542,0.08722252497582218,0.006015511719001998,0.11435138274209801,0.18964398358100498,0.11274471704599576,0.05116040316725165,0.05129541273667005,0.05137264725606534,False,False,True,True,False,0.32,-0.1270096228275287,0.9941875,0.52225625,Migrate VM,0.32581250000000006,Migrate VM
187,0,94591244395,235.0034008168734,0,144,168846390496,1.0,0.17233306210623847,0.0002492496525606505,1.4832589927056443,0.0022958635886312713,0.9990800870763654,0.05587559802824351,0.0703791040732491,0.06263223136567823,0.1284719559884315,0.03847073093009444,0.1036477523526317,0.06500437725645908,0.003718862599393528,0.07377666648029203,False,False,True,True,False,0.35,-0.12561538432830477,0.9941875,0.54325625,Migrate VM,0.3558125,Migrate VM
188,0,94591244395,127.70111563075811,0,144,168846390496,1.0,0.121611898400706,0.0012746098610887733,1.2201025074799743,0.004284727272991067,0.9852824679205657,0.012965807827676937,0.06647544476538585,0.026167067792201935,0.028084071212724188,0.16452541022840567,0.08904226548388523,0.039494472313801814,0.07113970021677174,0.03770711199834458,False,False,True,True,False,0.33,-0.12696202105874765,0.9941875,0.52925625,Migrate VM,0.33581250000000007,Migrate VM
189,0,94591244395,300.91066965694546,0,144,168846390496,1.0,0.014088638987286808,0.0018344505734444359,4.643091982301633,0.026825957177439682,0.9929944186695503,0.07865179615824233,0.03690255622503323,0.050596433488457444,0.09987303429425895,0.2373717140158178,0.0638422385076245,0.004490567718343457,0.04533804116305312,0.01164476188930644,False,False,True,True,False,0.335,-0.10737860899167795,0.993225,0.5324675,Migrate VM,0.34177499999999994,Migrate VM
190,0,94591244395,88.11541568019962,0,144,168846390496,1.0,0.061646233369825734,0.0018126274778230947,0.8634126755955932,0.005252174370889201,0.9840827525548649,0.1095813787319079,0.07226687536546866,0.0029745293001406446,0.003667776927206748,0.13284881952312125,0.03662738454180751,0.04371064222457134,0.033068455296242714,0.09033254964743782,False,False,True,True,False,0.425,-0.1162767005149904,0.99385,0.595655,Migrate VM,0.4311499999999999,Migrate VM
191,0,94591244395,103.61124538609245,0,144,168846390496,1.0,0.12733975658229252,0.0001340305425723601,4.490019722228534,0.03107702961025273,0.9956512479642372,0.058378713472577295,0.0230468648078756,0.06050231537490948,0.09545996718385469,0.052779109993253026,0.05849495146423537,0.033900361159145374,0.06288048264905982,0.06690414104642832,False,False,True,True,False,0.34,-0.1535356380466173,0.9990125,0.5377037499999999,Migrate VM,0.3409875,Migrate VM
192,0,94591244395,231.54031567441984,0,144,168846390496,1.0,0.12184264173061471,0.0006706449569649039,1.7460610914595494,0.0014468900243142812,0.9964490223166815,0.05433620180597762,0.04573270486248428,0.01826993671991117,0.027149874622792176,0.13977992172857287,0.030147864031531208,0.004703345405137735,0.058398621308991476,0.03683199521207055,False,False,True,True,False,0.5,-0.07119267098544801,0.985025,0.6455074999999999,Migrate VM,0.514975,Migrate VM
193,0,94591244395,136.8848102037496,0,144,168846390496,1.0,0.08087217778421088,0.0020209470184907926,1.5070859595753914,0.02401971389842623,0.9989924149739012,0.08293121403939133,0.04505109763869534,0.055682584365169124,0.05936120686962541,0.09854789112776591,0.06809701168386104,0.02327339373156902,0.007932260685892535,0.04058716507849171,False,False,True,True,False,0.29,-0.0955156130999183,0.99145,0.500435,Migrate VM,0.29854999999999987,Migrate VM
194,0,94591244395,44.588477206548696,0,144,168846390496,1.0,0.07695777629164625,0.0013809468032407203,4.371884192140953,0.0011477684252030257,0.9936909794584556,0.05744040184036615,0.0022853492116555376,0.01858207853059319,0.015360270752050691,0.05155212352110038,0.03559492169866884,0.029395982992284565,0.040253905766384344,9.685634004824065e-05,False,False,True,True,False,0.34,-0.07786766588051719,0.98665,0.533995,Migrate VM,0.35335000000000005,Migrate VM
195,0,94591244395,58.27296982634669,0,144,168846390496,1.0,0.017543697301650132,0.0013629444485503243,1.5457826799442511,0.017376949183260312,0.9870304007383633,0.0030405000002486867,0.09803125915354714,0.008064935781895308,0.01644579960148233,0.03484780493673751,0.12721138531260445,0.045244064980323545,0.04643615297539076,0.0965339018595093,False,False,True,True,False,0.345,-0.12113665425852838,0.994075,0.5397225,Migrate VM,0.35092499999999993,Migrate VM
196,0,94591244395,31.837956938875717,0,144,168846390496,1.0,0.18271891735167922,0.0005058614550023038,2.926790299722931,0.013311088444258806,0.9897325400164418,0.11686012471641694,0.01569100234377743,0.07424464071734724,0.04914926939443659,0.15427411044615527,0.12547814316837505,0.004219319128529234,0.07021952534641461,0.05555198992371816,False,False,True,True,False,0.31,-0.13984186745445715,0.998,0.5164,Migrate VM,0.31200000000000006,Migrate VM
197,0,94591244395,253.58287643188282,0,144,168846390496,1.0,0.027972034478690316,0.001322562523041397,3.1637354552709644,0.014457000374948986,0.9859164330662498,0.030634083152828707,0.08899058698175734,0.002566809769041174,0.09189593839161898,0.23764792372196025,0.0009700856769270197,0.011796714219941601,0.051294745712858074,0.005869220527025873,False,False,True,True,False,0.39,-0.09319341945576787,0.9907125,0.57021375,Migrate VM,0.3992875,Migrate VM
198,0,94591244395,212.3243941881092,0,144,168846390496,1.0,0.12825001941769804,0.001458340172859718,1.715403513559729,0.022094618973736643,0.9932382469154134,0.02605603184967645,0.058715355845750335,0.06566936065121408,0.08644738151895237,0.11218870317422049,0.041689735992109025,0.006291227746240781,0.018613354073772813,0.0010944592003443074,False,False,True,True,False,0.34,-0.12255719191143688,0.9941125,0.53623375,Migrate VM,0.3458875000000001,Migrate VM
199,0,94591244395,355.1853303089872,0,144,168846390496,1.0,0.04171542227413874,0.002020528269750525,0.7921854896957071,0.008986402461548953,0.9903046312333724,0.04070910922089478,0.08316520801028258,0.07131261949333595,0.1134720143600099,0.03651973691579953,0.10068888846227371,0.010837219759125783,0.06949795694773492,0.050666799150737254,False,False,True,True,False,0.26,-0.13137402850838586,0.994675,0.48040249999999995,Scale Resources,0.26532500000000003,Scale Resources
200,0,94591244395,121.09719170041443,0,144,168846390496,1.0,0.02944228075016115,2.9281262650882122e-05,1.164695939213833,0.028962337275429993,0.9966210397603011,0.12169774555270259,0.010653099795699691,0.0440953410081126,0.03333664592537656,0.12910772007380977,0.041543345760301435,0.020764059171695798,0.043663127919160515,0.01793498500326142,False,False,True,True,False,0.325,-0.07604348457544707,0.986225,0.5233675,Migrate VM,0.33877500000000005,Migrate VM
201,0,94591244395,168.88803730996207,0,144,168846390496,1.0,0.12202729969575651,0.0003178342726471747,4.371335022400167,0.016024778779498046,0.9969921357332646,0.08205746858867835,0.07398152998877658,0.05332517993232803,0.11344678841299853,0.14591105804094337,0.03606770204200632,0.007289154222933964,0.04612880554171929,0.006491645608996545,False,False,True,True,False,0.385,-0.11084927775283049,0.9934625,0.56753875,Migrate VM,0.3915375,Migrate VM
202,0,94591244395,86.86564260823087,0,144,168846390496,1.0,0.011382597112858446,0.0013609959901972253,0.7531656737240375,0.019341832166524662,0.9965144221718303,0.10313639904217219,0.03235529938110257,0.040876741326128244,0.07298796718892983,0.11244924692826129,0.08492809481116946,0.015389035692479017,0.07450931929424179,0.009595668045429096,False,False,True,True,False,0.285,-0.090528264239914,0.9900375,0.49651124999999996,Scale Resources,0.2949625,Scale Resources
203,0,94591244395,298.5196108331229,0,144,168846390496,1.0,0.11139299755334772,0.0006071303774868474,3.502702893972367,0.0026769261334876437,0.996240300826345,0.07403623150217503,0.011691402357998424,0.0059202140486262,0.09733742506219766,0.06965809886101987,0.11528791082944101,0.055822406949411485,0.0531243696854608,0.027257503156478353,False,False,True,True,False,0.345,-0.10681146335894343,0.9932125,0.53946375,Migrate VM,0.3517874999999999,Migrate VM
204,0,94591244395,255.22002684778246,0,144,168846390496,1.0,0.1777776908465314,0.00022702748237941208,1.5321028987694594,0.007436004497634418,0.9898875118840404,0.0931540489733712,0.04947522534360224,0.042498250699871856,0.040726622453515576,0.0335975942731533,0.03460492372703463,0.06297221171463385,0.0458371076427301,0.0369806303753992,False,False,True,True,False,0.375,-0.1247297375059333,0.9941875,0.56075625,Migrate VM,0.3808125,Migrate VM
205,0,94591244395,284.3661534248115,0,144,168846390496,1.0,0.012085768585295392,0.0006295364652616401,1.0808770347874193,0.03122301351495503,0.9951016477113165,0.07752489533782149,0.0006974424142224063,0.01372425552671057,0.08239072914275014,0.09029458593582579,0.11982248138026888,0.05601660915288035,0.03404086071790127,0.07332901303819085,False,False,True,True,False,0.25,-0.11031595389483628,0.9934375,0.47303124999999996,Scale Resources,0.2565625,Scale Resources
206,0,94591244395,351.1455565774398,0,144,168846390496,1.0,0.08643390463152574,0.0015931771359540493,4.315297150790652,0.007879695121668862,0.9981093003642181,0.012240717597976828,0.06758332230599835,0.05829239191699566,0.07967673398999957,0.11783469219838304,0.08003205812024886,0.011109477749912297,0.016402489429754294,0.026405679813067108,False,False,True,True,False,0.355,-0.09899543288200463,0.9921875,0.54615625,Migrate VM,0.3628125,Migrate VM
207,0,94591244395,215.20056262681373,0,144,168846390496,1.0,0.08285645132720071,0.000606190863097353,4.146872028417816,0.011848372796482824,0.9907672041255868,0.05141268392240801,0.019091642372325933,0.05447906242827665,0.058137533511905176,0.0038658264246845134,0.12497345604322564,0.059755282032478166,0.05505467156976282,0.08502785269742635,False,False,True,True,False,0.265,-0.1319118696243342,0.99475,0.483925,Scale Resources,0.27025,Scale Resources
208,0,94591244395,326.4506112979981,0,144,168846390496,1.0,0.06327931994708225,0.0015149045599778981,2.85978861204827,0.0084698613003209,0.9870325498908536,0.014294025629144861,0.06871280983390199,0.05814948541611032,0.09864893362390845,0.07520806088334106,0.026609614403569917,0.033227570808748254,0.041606310931124074,0.08991915306535467,False,False,True,True,False,0.345,-0.11910130643957295,0.994025,0.5397075,Migrate VM,0.3509749999999999,Migrate VM
209,0,94591244395,314.9363355386595,0,144,168846390496,1.0,0.17176093711909268,0.0021082708371672654,4.530983837809516,0.014750188164712687,0.9841245734305525,0.010486055792069779,0.040747190622464326,0.019188125692935588,0.022030872561700866,0.2266651553641171,0.025333935899912237,0.07027523436745632,0.05789121823181995,0.06270710386923879,False,False,True,True,False,0.32,-0.12575115769736767,0.9941875,0.52225625,Migrate VM,0.32581250000000006,Migrate VM
210,0,94591244395,243.36682563217622,0,144,168846390496,1.0,0.06215143568608575,0.0016028502454295158,0.876959831570809,0.029712849961534622,0.9883632334303725,0.032022916825898605,0.0741023011924995,0.048881069094283566,0.05850579239265017,0.15039126772188133,0.020676469996341457,0.04932179167757473,0.02059040887659691,0.02669298611844474,False,False,True,True,False,0.425,-0.12458748423346744,0.9941875,0.59575625,Migrate VM,0.43081250000000004,Migrate VM
211,0,94591244395,58.384776579762445,0,144,168846390496,1.0,0.062320712819280866,0.000821354634103237,2.133441696801337,0.006033777746812715,0.9865501384294458,0.06798184224484848,0.013575653244982912,0.05129726255776238,0.12237205171705048,0.10148899792507432,0.1168180960163597,0.007201762309191604,0.003268588890749517,0.07057533126061716,False,False,True,True,False,0.295,-0.11720788749373579,0.9939625,0.50468875,Migrate VM,0.30103750000000007,Migrate VM
212,0,94591244395,273.9677662733387,0,144,168846390496,1.0,0.15807342018107837,0.0001408824575805175,3.6494110535221553,0.011931293649471236,0.9883889716178533,0.02171247450450552,0.10371182743403448,0.00474057488824546,0.10721222064376165,0.1520672803143979,0.09529485251539342,0.052133800311459165,0.06531714139634522,0.01798134992720208,False,False,True,True,False,0.31,-0.14736472953312563,0.9989125,0.5166737499999999,Migrate VM,0.31108749999999996,Migrate VM
213,0,94591244395,0.2968620604867356,0,144,168846390496,1.0,0.1122240916956124,0.0008774113294989107,0.5814734871856599,0.00589813461757248,0.9888624991625456,0.008813464998966177,0.006095211522537872,0.06820996282321666,0.040460585914749186,0.23356755354962688,0.1250192581600201,0.010443450852787035,0.05439764197727108,0.05877991883885753,False,False,True,True,False,0.265,-0.1293859307830013,0.994225,0.4837675,Scale Resources,0.270775,Scale Resources
214,0,94591244395,248.6329463178553,0,144,168846390496,1.0,0.01803581250271402,0.0004675447506426249,0.3599992771870636,0.019143057482027593,0.9997765181439473,0.08432618465727097,0.07406059120796293,0.07331504825944841,0.08789651739873627,0.009554895444367701,0.11239745460323568,0.026712951868604107,0.00033202217342480063,0.04962540140550325,False,False,True,True,False,0.26,-0.10667221708435126,0.9932,0.47996,Scale Resources,0.26680000000000004,Scale Resources
215,0,94591244395,337.32540031545494,0,144,168846390496,1.0,0.04824950384905935,0.0012187330722211438,0.8162923622246873,0.001828094023587989,0.9846757637262296,0.09123134903909587,0.08999696568918295,0.010670445793947702,0.03737723620785129,0.04637663610499556,0.0034815472529133866,0.04053925318946327,0.05325614959354772,0.06338527936961179,False,False,True,True,False,0.435,-0.09126954386879094,0.9902625,0.60157875,Migrate VM,0.4447375,Migrate VM
216,0,94591244395,139.69927702880915,0,144,168846390496,1.0,0.10406442111373225,0.00023332423901956486,0.7248199036336829,0.029525555430415743,0.9960251329210639,0.1157929431772793,0.09546516668596146,0.0483556514203762,0.12033562552430657,0.09908930576228495,0.000468805171094638,0.004583380064185175,0.008330745395553608,0.009328932471300025,False,False,True,True,False,0.36,-0.11178582372491142,0.99355,0.550065,Migrate VM,0.36644999999999994,Migrate VM
217,0,94591244395,126.61286070609484,0,144,168846390496,1.0,0.13148827633300456,0.001960455796395536,2.7724434133867697,0.004640088382324349,0.995798364042799,0.044523483016778775,0.0015298874775868197,0.020893439761349743,0.042858616759975404,0.06521365998594537,0.1052497683941914,0.055665165210484244,0.05292363145814724,0.01359960176923907,False,False,True,True,False,0.345,-0.10052609312998373,0.9925,0.53925,Migrate VM,0.3524999999999999,Migrate VM
218,0,94591244395,290.8202074942615,0,144,168846390496,1.0,0.1269704928118732,0.00048311041340981357,3.0443296116308347,0.015320918857155632,0.9906558432755611,0.014070143072462855,0.054055293289284864,0.0074412113614675075,0.02129359097461318,0.03151858156826633,0.12368933012357765,0.020866547216145698,0.027027025862009366,0.031510848597050896,False,False,True,True,False,0.38,-0.08750950922694267,0.9886625,0.5625987499999999,Migrate VM,0.3913375,Migrate VM
219,0,94591244395,323.37016026413175,0,144,168846390496,1.0,0.10555610837529159,0.00227910588953644,1.408854842508456,0.003638739132128527,0.9926036479324539,0.043360843208024656,0.08353484464768818,0.06548440911085349,0.06126380231729861,0.23098234605939577,0.07169187167208972,0.019845117243569937,0.03720549841653898,0.003650263170269061,False,False,True,True,False,0.265,-0.12767345677388298,0.9941875,0.48375625,Scale Resources,0.2708125,Scale Resources
220,0,94591244395,289.4404176947043,0,144,168846390496,1.0,0.019019072035203928,0.0007655583096578567,2.6554945565444172,0.0013617426284617477,0.9846552962868879,0.08735444526686734,0.007640264006417666,0.0355249692884399,0.04390805208652794,0.05423567952869864,0.02447304559707186,0.05592043640504274,0.07240158341179281,0.013714525328739657,False,False,True,True,False,0.31,-0.08339183095979408,0.987475,0.5132424999999999,Migrate VM,0.32252499999999995,Migrate VM
221,0,94591244395,345.4852389026857,0,144,168846390496,1.0,0.11151796940158196,0.0015910311259693477,3.3347787937444444,0.02231124852034508,0.9969968546671201,0.06066965009587805,0.05562013938133632,0.024113094665854942,0.013645454662801551,0.15804676415091246,0.004357151767065244,0.020190469372997708,0.0071698254052080254,0.01865984620079263,False,False,True,True,False,0.455,-0.06694357705958531,0.9810625,0.61281875,Migrate VM,0.4739375000000001,Migrate VM
222,0,94591244395,229.9431286430571,0,144,168846390496,1.0,0.11783936816342216,0.0010440280664337437,0.4235701112753755,0.013732216653769853,0.9892124248188147,0.09040918080272416,0.06036717964915849,0.03660340796820915,0.06313171037694151,0.22977860551553905,0.09804497844837212,0.03640411680240596,0.036463413004344615,0.00259059047920373,False,False,True,True,False,0.215,-0.12965342524924106,0.994225,0.4487675,Scale Resources,0.22077499999999994,Scale Resources
223,0,94591244395,339.3033347951304,0,144,168846390496,1.0,0.05984511970637431,0.0006346145752810673,4.694582133124187,0.022772949411807082,0.9841227446967331,0.007765902146275951,0.0028300752405519547,0.04464935653110964,0.009277526741429787,0.22195318837084044,0.1214593195195415,0.039998860331240366,0.04691923841928003,0.028557572585835415,False,False,True,True,False,0.375,-0.11862470471756315,0.9939875,0.5606962499999999,Migrate VM,0.3810125,Migrate VM
224,0,94591244395,23.0301152669784,0,144,168846390496,1.0,0.13827383347346542,0.00025238377642387394,0.4018949227628704,0.009861652953570353,0.9835411100270669,0.05446638342254551,0.07374037039633392,0.059670757832932464,0.0783415962688543,0.20138073091624778,0.052698405810628804,0.062173176889922056,0.03853688244185282,0.02182080362382019,False,False,True,True,False,0.325,-0.14774452756151468,0.9989125,0.52717375,Migrate VM,0.3260875000000001,Migrate VM
225,0,94591244395,339.89243279776775,0,144,168846390496,1.0,0.05155703884445934,6.496797455621787e-05,1.1399270081441026,0.011619141909988813,0.9891891716981734,0.06583962398779195,0.09197740106289402,0.02176834943077594,0.06751200996736295,0.08088265158510227,0.10653356799979723,0.011544426279176937,0.007875959026279494,0.049210685027204666,False,False,True,True,False,0.28,-0.12097005052794119,0.9940375,0.49421125,Scale Resources,0.2859625,Scale Resources
226,0,94591244395,241.87953087557707,0,144,168846390496,1.0,0.1491609752045187,0.0014620062041795653,3.6350498488908256,0.012443710619068515,0.9838811432099288,0.014569102602880874,0.004204358499534313,0.0244940950672193,0.06423483940763436,0.08472979225631322,0.07267537140142925,0.03520497213575047,0.05158376861363673,0.06525243477929532,False,False,True,True,False,0.325,-0.12661809925145118,0.9941875,0.5257562499999999,Migrate VM,0.33081249999999995,Migrate VM
227,0,94591244395,114.50309295912461,0,144,168846390496,1.0,0.06491521038020466,0.0014509051668809491,2.8016571958164063,0.009971821632215253,0.9888386420739009,0.08709451581486319,0.0674754934295812,0.010056273297688302,0.05717608352237156,0.21227922867776244,0.004706619631708091,0.06264138542074993,0.012416009541887244,0.04962681560488283,False,False,True,True,False,0.355,-0.10748603358852293,0.993225,0.5464675,Migrate VM,0.36177499999999996,Migrate VM
228,0,94591244395,152.76111441228414,0,144,168846390496,1.0,0.001899250751523529,0.002269775425370212,2.1369469392347655,0.030237672883858882,0.9881124096865539,0.10870745789448481,0.09605862851621554,0.0414633513166719,0.026274879237733886,0.16294702120873322,0.0711687874333846,0.06918748981789388,0.03342362856065127,0.026270109816060774,False,False,True,True,False,0.29,-0.13472341187431824,0.99505,0.5015149999999999,Migrate VM,0.29495000000000005,Migrate VM
229,0,94591244395,49.78332053787856,0,144,168846390496,1.0,0.1309937941287524,0.0024153566449637057,0.13314085508916534,0.023462316595242283,0.9987821738707384,0.009384206199428115,0.011631084861554137,0.05152512573905301,0.08400111147477139,0.016366675419439286,0.10817345737115823,0.038341180221714524,0.0690274448883177,0.08589848994236984,False,False,True,True,False,0.235,-0.14506686818717407,0.9989,0.46416999999999997,Scale Resources,0.23609999999999998,Scale Resources
230,0,94591244395,292.5027968580597,0,144,168846390496,1.0,0.096731043045829,0.000624129932926665,2.3767483960965357,0.0031943862529824267,0.9943141078970515,0.01681257096770262,0.05331401676577384,0.004049438994355328,0.03882840144917895,0.05518710173153646,0.08038006571774829,0.05763270291544775,0.00436010580799629,0.08318774848196613,False,False,True,True,False,0.375,-0.10191471317562795,0.9927,0.56031,Migrate VM,0.3823,Migrate VM
231,0,94591244395,309.8763701836576,0,144,168846390496,1.0,0.06417545142900427,0.0016340356555202514,1.8912177960235896,0.004885809966512477,0.9921443811344276,0.010837127122514814,0.09149355756662769,0.06882528726072525,0.10651283587721076,0.13376523183992264,0.07228634079287515,0.0721232114839992,0.018862510778228907,0.007430430185643465,False,False,True,True,False,0.29,-0.12782498825161293,0.9942,0.5012599999999999,Migrate VM,0.29580000000000006,Migrate VM
232,0,94591244395,202.29873249642398,0,144,168846390496,1.0,0.06164729958939437,0.0007992561429032308,0.03328244950403299,0.018892896961404743,0.9877339067357961,0.02357404633081983,0.004382037737608396,0.027131416217056017,0.1139483572356467,0.08005795083003922,0.08803427870446881,0.05541761918073531,0.02496475539924816,0.0803854572303464,False,False,True,True,False,0.295,-0.11970648559952146,0.994025,0.5047075,Migrate VM,0.300975,Migrate VM
233,0,94591244395,249.07667748010167,0,144,168846390496,1.0,0.10485791788142841,2.4608674351073552e-06,0.16483391187942087,0.0313973313328364,0.9963714021855632,0.1176534528831286,0.09397071663790647,0.0015222436178073742,0.10265403097633306,0.10727928580733999,0.10235727693465531,0.0004919361087551919,0.021928702579137812,0.07350597733464248,False,False,True,True,False,0.255,-0.14885300630143916,0.998925,0.4781775,Scale Resources,0.25607500000000005,Scale Resources
234,0,94591244395,285.4874838965723,0,144,168846390496,1.0,0.11619648772774199,0.0007469807553866101,1.4578843943033086,0.030633620754684118,0.9906535452340524,0.05610901680305963,0.05759244107426671,0.030492727720614884,0.07164760761748705,0.10280632367568393,0.10717422419647489,0.06658865300907686,0.07092303337761847,0.05520808132556881,False,False,True,True,False,0.31,-0.14532340782337694,0.9989,0.51667,Migrate VM,0.31109999999999993,Migrate VM
235,0,94591244395,159.17348068721833,0,144,168846390496,1.0,0.1322325110234696,0.0020786679624264846,2.6445294891135798,0.022180132860143704,0.9958288264899656,0.08487949248844857,0.077737396204894,0.01553633457753406,0.06460861437221056,0.13988612602181516,0.0003212356653025527,0.062699880696268,0.04641595574988518,0.012634090091039139,False,False,True,True,False,0.405,-0.10383983995663204,0.9929625,0.5813887499999999,Migrate VM,0.41203750000000006,Migrate VM
236,0,94591244395,293.8885461272978,0,144,168846390496,1.0,0.1344481812076021,0.0018802440767339865,1.841564038632904,0.027066912526627834,0.99023380234932,0.07159221304053563,0.00024603705112219865,0.04801911620526074,0.09310335586424179,0.1348546196255087,0.0643732255493555,0.05932843991457349,0.05184474631969137,0.02720545352033449,False,False,True,True,False,0.28,-0.14170642931324273,0.9986375,0.49559125,Scale Resources,0.28136250000000007,Scale Resources
237,0,94591244395,345.2664017087949,0,144,168846390496,1.0,0.1326125989116264,0.002449647154972317,4.562362718725783,0.02911727475888751,0.9959228629086864,0.07647624399595733,0.018075844862172397,0.04045951716656399,0.09922239584750679,0.12385617006328688,0.11255736747641706,0.00803237493017121,0.02898524582798462,0.049501174172360704,False,False,True,True,False,0.385,-0.14741861832318404,0.9989125,0.5691737499999999,Migrate VM,0.38608750000000003,Migrate VM
238,0,94591244395,155.63710651287892,0,144,168846390496,1.0,0.020359977716541203,0.00038068157626727235,3.9345888129925317,0.015348569303323916,0.9841453888993619,0.00206945974475392,0.049395479569703735,0.012240115089588702,0.0914115911439421,0.18912232727100337,0.029596082077813248,0.043377394935938854,0.011751488077256216,0.02970109588743566,False,False,True,True,False,0.435,-0.0930928062453632,0.9907125,0.60171375,Migrate VM,0.44428749999999995,Migrate VM
239,0,94591244395,319.966377905316,0,144,168846390496,1.0,0.10201839215293328,0.0021966081689594975,1.0580697151732816,0.010457403203991104,0.9911825440499362,0.06024442349853394,0.10388149050151248,0.008521929269090497,0.11044761569932732,0.20537751621018105,0.07171593587562625,0.025200974555330925,0.03950722560683345,0.02861366187697725,False,False,True,True,False,0.24,-0.1295746723427298,0.994225,0.4662675,Scale Resources,0.24577499999999997,Scale Resources
240,0,94591244395,287.67868143837825,0,144,168846390496,1.0,0.0934273422581869,0.002295674958306621,2.925004555598724,0.01629711490081057,0.9951844938253898,0.06323768157156749,0.0941997263531161,0.01373437941173989,0.12618363063209861,0.19313320251539576,0.11158432987066547,0.03537335241344109,0.06370155547823932,0.030013330551841175,False,False,True,True,False,0.32,-0.1339442803316836,0.994975,0.5224925,Migrate VM,0.3250249999999999,Migrate VM
241,0,94591244395,274.30134428310305,0,144,168846390496,1.0,0.026334404697941745,0.0007613515677475992,2.093766169585454,0.01021326857298777,0.9897836283368369,0.10291353486787616,0.026859884904332675,0.05549579040701771,0.009555934740792756,0.18208737566398175,0.10267684129458239,0.02942472951852722,0.05497237931620413,0.08953282849714243,False,False,True,True,False,0.245,-0.10022512546604101,0.9924625,0.46923875,Scale Resources,0.25253749999999997,Scale Resources
242,0,94591244395,288.2566704796297,0,144,168846390496,1.0,0.07320872069942998,0.0012006331797868178,3.660921883049765,0.009271375472606308,0.9967313821223478,0.04116908380769623,0.08395933688879562,0.006463411919426421,0.005755606606328945,0.23724020647905442,0.11271526670840329,0.06466922624572342,0.07238162949620114,0.04288280198678956,False,False,True,True,False,0.34,-0.1066789307954058,0.9932,0.53596,Migrate VM,0.3468,Migrate VM
243,0,94591244395,103.26079968485479,0,144,168846390496,1.0,0.02437968656585681,0.0012427747222900215,1.033645875568655,0.02964457842853969,0.983400068538323,0.017969512499991333,0.025799624454687354,0.014814891854473752,0.029269616656207562,0.15600350764882515,0.042458230855537654,0.04505098643173317,0.067738545389676,0.05895131416933989,False,False,True,True,False,0.4,-0.11851558973373244,0.993975,0.5781925,Migrate VM,0.40602499999999997,Migrate VM
244,0,94591244395,250.03180486309734,0,144,168846390496,1.0,0.0685318684165045,0.0003960800321760516,1.5058983100014884,0.030554995915902418,0.9936968624186984,0.034824393405538036,0.04705042789259531,0.062214715921985665,0.08665613672967913,0.13331930343510984,0.11475133971986563,0.049256691174332325,0.048904452740080595,0.018566020192773366,False,False,True,True,False,0.38,-0.12948080962327957,0.994225,0.5642674999999999,Migrate VM,0.385775,Migrate VM
245,0,94591244395,38.2999258844668,0,144,168846390496,1.0,0.18096414694826232,0.001484901201496969,1.9526140462053656,0.018664163252838702,0.9843635475966258,0.10316733857097433,0.022698861243516038,0.05990882127123385,0.06927611166332452,0.06576688020064045,0.003916377567514505,0.05976039081186982,0.013426618118897202,0.0050683683636025744,False,False,True,True,False,0.315,-0.12245247559852224,0.9941,0.5187299999999999,Migrate VM,0.32089999999999996,Migrate VM
246,0,94591244395,272.1159830973171,0,144,168846390496,1.0,0.06563310419493353,0.0009653743882544228,1.1605650614659522,0.02722458497297972,0.9882888366037552,0.026376704309576723,0.03232476173089047,0.015127104596205096,0.04118040093934697,0.019721650652734506,0.020551622427351656,0.030549429167422742,0.06691746657296262,0.005605056655657932,False,False,True,True,False,0.37,-0.10571899736223367,0.99305,0.556915,Migrate VM,0.37695,Migrate VM
247,0,94591244395,76.56289443361104,0,144,168846390496,1.0,0.1703148141640493,0.0022068387535245414,3.1916242303821383,0.007619828556634312,0.9903301852394591,0.026505759555936044,0.013545623505001866,0.0282957788883635,0.07464874811825097,0.08558945944890632,0.07918648347105223,0.021700876349982946,0.026315307943187222,0.07735577786729461,False,False,True,True,False,0.315,-0.12237061898414259,0.9941,0.5187299999999999,Migrate VM,0.32089999999999996,Migrate VM
248,0,94591244395,316.1933031217889,0,144,168846390496,1.0,0.06038139028707226,0.0014171038470246204,1.306628002709819,0.0016900021604004042,0.9956309571893214,0.021458933199067692,0.04443068576104113,0.03626681530289132,0.023914651171656552,0.02248459754544628,0.04511594501717248,0.06975564020309094,0.0468048511655175,0.037315379211388354,False,False,True,True,False,0.42,-0.08500430204519571,0.98785,0.590355,Migrate VM,0.43215000000000003,Migrate VM
249,0,94591244395,14.007895478717373,0,144,168846390496,1.0,0.11255124026082784,0.00022875773089596168,2.5485240702490093,0.02382687766919887,0.9903930983001106,0.03757263387101893,0.00510470666586652,0.0018450322080778864,0.05574807335980756,0.21005329435173112,0.031639974496871115,0.04204998624932842,0.05206792219974067,0.00595130755327834,False,False,True,True,False,0.4,-0.12371393715541801,0.9941625,0.57824875,Migrate VM,0.4058375000000001,Migrate VM
250,0,94591244395,55.116135289215755,0,144,168846390496,1.0,0.062114398766168824,0.0016615316894400102,2.062305370027288,0.02326426524529105,0.9977932998640284,0.09516683353800075,0.10332009930921464,0.056171905752722934,0.11047537904027252,0.19793086746701927,0.09467068353776971,0.058732570327234064,0.07111880710407775,0.04649205032599863,False,False,True,True,False,0.27,-0.14538916848615546,0.9989,0.48867,Scale Resources,0.2711,Scale Resources
251,0,94591244395,229.7833286085157,0,144,168846390496,1.0,0.09655119779489488,0.002110191504191728,2.0262507499686415,0.025974488059225496,0.9966559127734588,0.1207054336190077,0.026053758158374407,0.05284031995000079,0.0981260383913123,0.22264044238079697,0.11756962499694507,0.04201118943303094,0.04406699776045977,0.016366985365815892,False,False,True,True,False,0.3,-0.13540796189851867,0.995125,0.5085375,Migrate VM,0.304875,Migrate VM
252,0,94591244395,350.9865728725576,0,144,168846390496,1.0,0.04781577425689253,0.0017970220260365693,3.7381345276052333,0.013980691200397556,0.986853241204889,0.02371231384006811,0.089209208721342,0.03803240440876392,0.011685238638261625,0.17050218907984707,0.03243184302721453,0.06419655738318865,0.023554906602703887,0.01959355416630024,False,False,True,True,False,0.365,-0.10666670187676885,0.9932,0.5534600000000001,Migrate VM,0.3718,Migrate VM
253,0,94591244395,30.549039679776357,0,144,168846390496,1.0,0.0959120881195589,0.0011176278384471164,3.529182580678842,0.014721752147338462,0.9890636099118371,0.03283462564339191,0.02909170935838688,0.06909023683044024,0.02140057072964559,0.23498140564420514,0.04238140398121859,0.006474649483273662,0.018922521227053353,0.005714987596441658,False,False,True,True,False,0.33,-0.11591859920728131,0.99385,0.529155,Migrate VM,0.33614999999999995,Migrate VM
254,0,94591244395,284.41071689900974,0,144,168846390496,1.0,0.09610367110145727,0.0008355762568031928,3.109884418872537,0.019983147110119715,0.9989978691095006,0.120626930080241,0.07093410723314479,0.060896937941765476,0.10272893756786616,0.11682852559807187,0.09132503685198838,0.005732529631430674,0.05767681882597996,0.0941012084329831,False,False,True,True,False,0.37,-0.13157326796274504,0.9946875,0.55740625,Migrate VM,0.37531250000000005,Migrate VM
255,0,94591244395,30.590911125265837,0,144,168846390496,1.0,0.15677170961097273,0.002313373631752068,1.0624903318369499,0.016629567809365066,0.9987976382377124,0.12049711091914198,0.013472224161637078,0.02598786347519835,0.09050654405544552,0.05268505332077542,0.04210283296018294,0.0017060872042256262,0.011681261080666918,0.055015667549902336,False,False,True,True,False,0.345,-0.10407960353333867,0.9929875,0.5393962499999999,Migrate VM,0.35201249999999995,Migrate VM
256,0,94591244395,235.1124238695058,0,144,168846390496,1.0,0.12167096833046942,0.0019299862137063242,1.9507257296110732,0.008666035554011034,0.9835930273142987,0.025929621726300502,0.03265095541623068,0.013269797662729977,0.0026115025304433103,0.03743993428708413,0.08635226146103049,0.04611759287874897,0.07119492709056137,0.07808902396957812,False,False,True,True,False,0.265,-0.1300412990577129,0.9942625,0.48377875,Scale Resources,0.27073749999999996,Scale Resources
257,0,94591244395,204.39220206282883,0,144,168846390496,1.0,0.025791815154977124,0.0013986460964254173,0.2893340904917799,0.013653347696659171,0.9898376535073646,0.05368561963197071,0.029266253850819202,0.051068917608707576,0.10901892386124314,0.18274793720493265,0.0813809479650775,0.03943415084665065,0.002365154028732756,0.0707284553404732,False,False,True,True,False,0.255,-0.10525456365304298,0.993025,0.4764075,Scale Resources,0.26197499999999996,Scale Resources
258,0,94591244395,196.19385824825906,0,144,168846390496,1.0,0.05076394699947879,0.0008129017839612304,4.394880605740854,0.019784018591684178,0.9912652155744396,0.07791840190676796,0.043186423043234994,0.03501113118333006,0.03763530647260083,0.10459402216217328,0.088879266461067,0.00292577526692354,0.06049258094740414,0.027685384633025476,False,False,True,True,False,0.375,-0.097260516151492,0.9919375,0.56008125,Migrate VM,0.3830625,Migrate VM
259,0,94591244395,245.7215256356999,0,144,168846390496,1.0,0.12051099650251125,0.0016182259824441526,2.8565996083967784,0.030390832796309643,0.9918057438595822,0.09189746713254165,0.07350840512869897,0.01759316676511005,0.0367273927266124,0.10082828457150554,0.03600039088768655,0.02686420060728778,0.029747674568525846,0.05907926270904736,False,False,True,True,False,0.445,-0.13261401165421016,0.9948625,0.60995875,Migrate VM,0.4501375000000001,Migrate VM
260,0,94591244395,79.16041538462218,0,144,168846390496,1.0,0.15080472485187887,0.001084894683462037,3.317481867641157,0.0025806486148417076,0.9911660983267458,0.0035412205906119997,0.07043788813221849,0.02559364587014312,0.12305987409428588,0.07707445923383362,0.0730910478143098,0.018853828435921365,0.047183547458673876,0.045693222428711974,False,False,True,True,False,0.385,-0.12185924859731578,0.9941,0.56773,Migrate VM,0.3909,Migrate VM
261,0,94591244395,133.42617414202783,0,144,168846390496,1.0,0.03819175295253373,0.00027652310783937256,0.5631152835553231,0.03165634442943514,0.9902051881220233,0.0002421557243399614,0.09923307945408713,0.0014877629126203269,0.05426494938219174,0.17061112517954563,0.11856743133823375,0.05221944298091576,0.03527666876664411,0.09533481667880091,False,False,True,True,False,0.34,-0.14100455393484534,0.9983375,0.53750125,Migrate VM,0.3416625,Migrate VM
262,0,94591244395,14.154977891977353,0,144,168846390496,1.0,0.18504228797587652,0.0021061115593356103,4.3635174256949325,0.008072913463958326,0.9857076481683329,0.08323829433534372,0.05380116044990912,0.03895659863941302,0.11986640228871791,0.14745087965827086,0.04032590245130303,0.02930516827510687,0.010157521031758503,0.018815099350143565,False,False,True,True,False,0.345,-0.13648406412788272,0.995325,0.5400975,Migrate VM,0.34967499999999996,Migrate VM
263,0,94591244395,51.60602527543386,0,144,168846390496,1.0,0.15192962647712896,0.001747771279075119,2.4912207414012864,0.011862504881642519,0.9944749101078805,0.10201009490127469,0.09178056068422118,0.04073240957102826,0.1062888182827786,0.12158496060155394,0.061517450527043466,0.06339351728554138,0.029398680348576702,0.03873423063367449,False,False,True,True,False,0.34,-0.13636064470722054,0.9953,0.5365899999999999,Migrate VM,0.3447,Migrate VM
264,0,94591244395,109.76808430256982,0,144,168846390496,1.0,0.09725657405524063,0.0013509846568990416,3.1024228557839706,0.013641224743452592,0.986963967296868,0.1087785205275225,0.03614492172764965,0.06872503492462238,0.026881010702404298,0.13317772994484584,0.0695660680332371,0.060699061780463054,0.010565017854227265,0.08902396458567374,False,False,True,True,False,0.285,-0.13437025484099985,0.9949875,0.49799625000000003,Scale Resources,0.2900125,Scale Resources
265,0,94591244395,191.31414198194526,0,144,168846390496,1.0,0.10989550948394369,0.0012649844766370465,0.16922190675393203,0.015751194073382612,0.987725839416846,0.043003350760304045,0.06765124405577992,0.03705996691640681,0.012084685284770873,0.017368701566883103,0.0240684170832089,0.01398247679487238,0.046284797786537234,0.017396529146355522,False,False,True,True,False,0.33,-0.09446232123744791,0.9911,0.52833,Migrate VM,0.3389,Migrate VM
266,0,94591244395,317.41899237891744,0,144,168846390496,1.0,0.039330123865014964,0.0002259652691923047,4.113693101111659,0.009357974959940283,0.9904237196298902,0.12034657260312387,0.09834334020491133,0.05323477813129881,0.008937154143063123,0.1410921099000735,0.12822274987974583,0.06936230727421623,0.008065589060882,0.038739574793257986,False,False,True,True,False,0.325,-0.11327913870702666,0.99365,0.525595,Migrate VM,0.33135000000000003,Migrate VM
267,0,94591244395,113.59322852502216,0,144,168846390496,1.0,0.02432402004466979,0.0017227893917529508,1.2863639755990406,0.01092768102816013,0.9848393290700465,0.0624890930693931,0.01662029994008715,0.03217470195110942,0.018582695297083274,0.22681879707310595,0.018795343048750666,0.038228616261126745,0.01498793364701656,0.0074708789687619225,False,False,True,True,False,0.305,-0.06391546586597718,0.9774,0.50672,Migrate VM,0.3275999999999999,Migrate VM
268,0,94591244395,72.83110278315534,0,144,168846390496,1.0,0.010270145135706767,0.00034564323054748884,2.318072063561355,0.02065392404457473,0.9847890114242059,0.05534266911298682,0.06059798443590585,0.017441120909270937,0.048235751102297234,0.01708182693372432,0.02853750087982749,0.034189993683615603,0.07536143173494991,0.09746987849355888,False,False,True,True,False,0.385,-0.11457098544314637,0.9936875,0.5676062499999999,Migrate VM,0.39131250000000006,Migrate VM
269,0,94591244395,352.66380520474365,0,144,168846390496,1.0,0.07932869743131142,0.00020005129230320437,1.5199404754916153,0.007532399113862186,0.9835687919185335,0.011950702072320546,0.04728708001751586,0.025292248891677388,0.023380816940407837,0.17028353794473136,0.04629599155788683,0.06239994436008669,0.018335632507650166,0.052673881693342584,False,False,True,True,False,0.355,-0.0997422414695065,0.99235,0.5462049999999999,Migrate VM,0.36265000000000003,Migrate VM
270,0,94591244395,66.2901181737057,0,144,168846390496,1.0,0.09286886557234537,0.00037804882368449796,0.7589927444114944,0.019399377153864868,0.9877297790714017,0.021630067005376737,0.09682561758717292,0.003202146356375873,0.07326505074255764,0.13037328660781258,0.032488601637701356,0.03316586194944449,0.0066758515449455765,0.07056567182716485,False,False,True,True,False,0.38,-0.12028942134437104,0.9940375,0.5642112499999999,Migrate VM,0.3859625,Migrate VM
271,0,94591244395,79.81097341565635,0,144,168846390496,1.0,0.036259754967479234,0.0007807579455580629,4.23875512567871,0.025237450054878763,0.9991148723630202,0.08181363424340965,0.06908777835358014,0.03574449580688383,0.11734715276070898,0.12148299399152843,0.04602951601371047,0.04690793850113456,0.04155502968820966,0.012133514241066639,False,False,True,True,False,0.435,-0.10427735391407533,0.9930125,0.6024037499999999,Migrate VM,0.4419875,Migrate VM
272,0,94591244395,141.38114900847464,0,144,168846390496,1.0,0.058748514580214996,0.0020997694158829674,1.7795593515868933,0.026032426085551612,0.990706502094661,0.09455549062769618,0.014241382394451357,0.0688521281728103,0.0622991459995668,0.061778196103521095,0.03130639184075011,0.01941710553652146,0.02790355591772224,0.07019872950309437,False,False,True,True,False,0.305,-0.11287322169101421,0.993625,0.5115875,Migrate VM,0.31137499999999996,Migrate VM
273,0,94591244395,341.8570954442857,0,144,168846390496,1.0,0.12544451814818103,0.0013567278904482206,2.1072247815467566,0.026242801933556707,0.9974942890970689,0.036772794106071476,0.0992841648966162,0.029421432074693978,0.10372105828630401,0.22990296905568733,0.09122130164900624,0.011833709035835945,0.04459838350442675,0.011620593942927237,False,False,True,True,False,0.325,-0.12119293396100106,0.994075,0.5257225,Migrate VM,0.3309249999999999,Migrate VM
274,0,94591244395,284.09113435281347,0,144,168846390496,1.0,0.05274659510135305,0.0017238221549568291,4.275017578070101,0.005735616269148846,0.9898809736269508,0.08120582447993482,0.04380139958861947,0.01301752372937943,0.003768805450105275,0.09668617967912888,0.08416259597534173,0.042044763645759854,0.011888188704949506,0.04409372248987679,False,False,True,True,False,0.36,-0.10622136340336474,0.9931625,0.54994875,Migrate VM,0.36683750000000004,Migrate VM
275,0,94591244395,133.00957662525101,0,144,168846390496,1.0,0.051412950430012476,0.0018082668629045237,1.4545466332386092,0.01711535012034377,0.9987203934748227,0.06767281613240755,0.06431677003509396,0.005454107856714643,0.023093073810269038,0.02400548537997132,0.09914933485765408,0.06123183142404429,0.01418713595673988,0.02145251471178944,False,False,True,True,False,0.415,-0.07916798011439641,0.986875,0.5865624999999999,Migrate VM,0.4281250000000001,Migrate VM
276,0,94591244395,116.35462421740183,0,144,168846390496,1.0,0.11082705317884414,0.0015417767561721975,3.225929628725734,0.0286826284869653,0.9882506802133108,0.08266653331354558,0.058360617153970964,0.022773524981892813,0.11763609962920912,0.022705283996161583,0.09230286749214339,0.053317282589535386,0.06964598146107101,0.05073548115446895,False,False,True,True,False,0.315,-0.15804463290530668,0.999125,0.5202374999999999,Migrate VM,0.3158749999999999,Migrate VM
277,0,94591244395,115.78404175892852,0,144,168846390496,1.0,0.15520137559875385,0.001911265118374043,2.3501618653901906,0.024330914808035675,0.9877979383380915,0.07397613618832581,0.09011224092648351,0.02367804538770418,0.06268677750750114,0.2261517792881822,0.10347912306811333,0.06497625792599562,0.02931293789596827,0.09749337820622431,False,False,True,True,False,0.28,-0.1559161085544668,0.9991,0.49573,Scale Resources,0.28090000000000004,Scale Resources
278,0,94591244395,54.92361768617267,0,144,168846390496,1.0,0.09726948435305793,0.0011883838596060022,3.7505223359772812,0.028791156167356915,0.9955189938885588,0.07865809213158585,0.044609127649600344,0.038000342946313215,0.0660250161919874,0.004843479826314415,0.0652141900301506,0.06270048804449321,0.05396771877190099,0.07784838152006916,False,False,True,True,False,0.295,-0.14901710904821108,0.998925,0.5061775,Migrate VM,0.2960750000000001,Migrate VM
279,0,94591244395,140.57459631666754,0,144,168846390496,1.0,0.09918248192117964,8.302429141279172e-05,1.7990786860684476,0.015032708857319044,0.9875868268314537,0.003920376758104005,0.07194491961730273,0.032397891603734665,0.053887968882469814,0.05944509238861515,0.06972361862010427,0.0320857825484776,0.036064849889941214,0.05682971516180016,False,False,True,True,False,0.33,-0.11619794460490995,0.99385,0.529155,Migrate VM,0.33614999999999995,Migrate VM
280,0,94591244395,2.2768730063047293,0,144,168846390496,1.0,0.17019298191345422,0.00017626498418541676,2.1181552499264087,0.006570975185049233,0.9920630470587732,0.03516559470745333,0.0895741133336654,0.02951409896448686,0.08280742190259771,0.05918184941797708,0.0025157875762508042,0.029604615745295312,0.040820545428950666,0.04495992749499887,False,False,True,True,False,0.385,-0.11317032766755197,0.9936375,0.56759125,Migrate VM,0.39136250000000006,Migrate VM
281,0,94591244395,346.3251709747896,0,144,168846390496,1.0,0.13253234509613032,0.002468816262842155,1.386003059407007,0.025002544397357315,0.9925926481899847,0.07676875541663299,0.10265546336410138,0.04869777732521745,0.1165214281813729,0.1725783028848991,0.01651416763570368,0.05123329905433486,0.036850930777701636,0.08989086546095819,False,False,True,True,False,0.35,-0.15121262215170828,0.99895,0.544685,Migrate VM,0.35105,Migrate VM
282,0,94591244395,290.46040098856383,0,144,168846390496,1.0,0.01952525392635473,0.00033205096578526016,0.3269878395230917,0.01562933352955745,0.9846795439308619,0.09081315063461737,0.05759512614340114,0.06224241463713585,0.03627235443956761,0.12344802826488063,0.015229910453735122,0.06479833060184999,0.013315895465188517,0.010014640252481348,False,False,True,True,False,0.36,-0.09052591961008505,0.9900375,0.54901125,Migrate VM,0.36996249999999997,Migrate VM
283,0,94591244395,73.81821546834598,0,144,168846390496,1.0,0.15116840413555901,0.000262372753124399,2.8861862908104565,0.023644070152520194,0.9958513566311729,0.02385041399330552,0.00658488326992623,0.033419420666632414,0.0262499312316538,0.16628168163563858,0.046241180814704234,0.03291550529733304,0.008634918040515768,0.05552644524704815,False,False,True,True,False,0.4,-0.09453175909201406,0.9911125,0.57733375,Migrate VM,0.40888750000000007,Migrate VM
284,0,94591244395,66.78870826748663,0,144,168846390496,1.0,0.1273098114215507,0.00017646688330127705,4.5841268777535475,0.02169044425213185,0.9863621724695902,0.0017687128338363957,0.03494558724218166,0.011378917367168765,0.02831455514806614,0.20753387493127548,0.078198650997803,0.01292565232581201,0.04235547548070276,0.025024373670985926,False,False,True,True,False,0.395,-0.11831255487633863,0.993975,0.5746925,Migrate VM,0.40102499999999996,Migrate VM
285,0,94591244395,351.4323111689121,0,144,168846390496,1.0,0.006141980674442861,0.0018158225036967095,3.631044246186567,0.0021281705951943955,0.9861978358999711,0.0482259821238853,0.09042110522790796,0.03998656768008845,0.08495310970553498,0.18619494671263787,0.10735673842949782,0.0348881916220978,0.03871339509843273,0.07024630919159826,False,False,True,True,False,0.33,-0.11912143927398877,0.994025,0.5292075,Migrate VM,0.3359749999999999,Migrate VM
286,0,94591244395,94.8032491448255,0,144,168846390496,1.0,0.16021682556853584,5.154203761786174e-05,0.9196094236904707,0.025355746081549852,0.9890043140178578,0.018802264649376284,0.01959181317197345,0.039521655905884086,0.10969784962944056,0.016800243447524833,0.003951504576462117,0.03407390664936709,0.07275503218529214,0.027297004230036045,False,False,True,True,False,0.3,-0.11516035102997413,0.9937375,0.50812125,Migrate VM,0.3062624999999999,Migrate VM
287,0,94591244395,345.3013940641374,0,144,168846390496,1.0,0.16644022061062524,0.0007020484911036625,3.837498033809943,0.021732914780748958,0.9918637142411201,0.05307101990332949,0.08494809598436946,0.05905498705370642,0.09812822128552219,0.23737824621184037,0.062033719912078816,0.05910769913334938,0.065624835007352,0.0207021993146758,False,False,True,True,False,0.36,-0.14546846626456156,0.9989,0.55167,Migrate VM,0.3611,Migrate VM
288,0,94591244395,15.143919139101953,0,144,168846390496,1.0,0.07589032541035869,0.002124324206862996,1.3580217907268133,0.02218105596669671,0.983455818095514,0.044594071829248585,0.06416020390719732,0.009662095452163757,0.11623492928473814,0.03716085295703984,0.11794442685476592,0.015850675349291132,0.07565334555029565,0.05916576400878823,False,False,True,True,False,0.285,-0.15053706070491557,0.99895,0.499185,Scale Resources,0.2860499999999999,Scale Resources
289,0,94591244395,30.36416199779206,0,144,168846390496,1.0,0.012239481464748722,0.00018577233340703474,2.770937782867439,0.025652944449385495,0.99004938851916,0.05582167487081957,0.06143378671110523,0.03969174425289026,0.08919940924725939,0.11218732701142282,0.09254395111548336,0.07305374234374515,0.02665369820394229,0.0011951033217899355,False,False,True,True,False,0.33,-0.12907797819551037,0.994225,0.5292675,Migrate VM,0.33577499999999993,Migrate VM
290,0,94591244395,45.22501639859571,0,144,168846390496,1.0,0.10378390968505384,0.0008536055055390142,4.415435341587981,0.019881735657532162,0.9920059273898401,0.10014460538423282,0.02705883670488796,0.06104010126614251,0.00039683756905111177,0.14735491960942115,0.12118067558723356,0.05771131853234444,0.06495189347442239,0.038836176581028704,False,False,True,True,False,0.375,-0.13161081612057302,0.9946875,0.5609062499999999,Migrate VM,0.38031250000000005,Migrate VM
291,0,94591244395,296.72602059604543,0,144,168846390496,1.0,0.103280937193175,0.001533703436764035,0.27674647722955353,0.006386520894348761,0.9925160807291209,0.007378843681952586,0.07725022407509853,0.06255307314433105,0.1193145541619974,0.024199824033479242,0.1218240848877214,0.004953215085218646,0.03607030871194993,0.08220619986719865,False,False,True,True,False,0.205,-0.13750279223840245,0.9958125,0.44224374999999994,Scale Resources,0.20918749999999997,Scale Resources
292,0,94591244395,25.31200988320393,0,144,168846390496,1.0,0.003418326185434431,6.185919631699608e-05,2.401619667668556,0.02571687383345228,0.9854571250537227,0.015637126610567355,0.05927784384149951,0.017446327697176935,0.09466393880906446,0.225816618184608,0.0993075534435594,0.06425373804968235,0.039534613974746266,0.0814301981147389,False,False,True,True,False,0.32,-0.13244953420443317,0.9948375,0.52245125,Migrate VM,0.3251625,Migrate VM
293,0,94591244395,65.84514623520565,0,144,168846390496,1.0,0.012815229449180135,0.0016264706481210224,0.24403954149101623,0.02827984735956761,0.9948592406877385,0.11949003243656757,0.032806755322695315,0.036200753004515224,0.09615175386693314,0.05773113570284161,0.07024456139631229,0.048306460902409455,0.07447625228736406,0.07285826062134321,False,False,True,True,False,0.315,-0.12460138995282832,0.9941875,0.51875625,Migrate VM,0.32081249999999994,Migrate VM
294,0,94591244395,42.52710610046664,0,144,168846390496,1.0,0.08912502213437068,0.0014598884923676077,0.6887414843993915,0.013687606143907058,0.988066774986018,0.014911464043623375,0.053404343433972705,0.012333517995304041,0.0765564853415574,0.04035273730556078,0.09380588487136181,0.014301591886159011,0.06819714454253599,0.0025641999235326337,False,False,True,True,False,0.26,-0.12406026677376869,0.9941625,0.48024874999999995,Scale Resources,0.26583750000000006,Scale Resources
295,0,94591244395,187.91905933646495,0,144,168846390496,1.0,0.060019643603727545,0.0005580892248286479,2.215287381130414,0.026680873629815242,0.9985879547720767,0.038054147882810724,0.016212387961146192,0.05362373938176848,0.07544954180105708,0.047800226760728357,0.09856373619981172,0.03801203445748931,0.04971597410870579,0.03515603756602289,False,False,True,True,False,0.385,-0.10269162164803347,0.99285,0.5673549999999999,Migrate VM,0.39215,Migrate VM
296,0,94591244395,158.07512206885536,0,144,168846390496,1.0,0.03381414344530166,0.0018758213576105566,0.7375384973425665,0.02466188999243539,0.9966334674586551,0.09368967175887025,0.0021982065159857106,0.020338288536385606,0.06071468296446609,0.1416162658374412,0.11916673212035295,0.02751341256045788,0.06657936375026356,0.01598915133086373,False,False,True,True,False,0.285,-0.09750204520451433,0.991975,0.49709249999999994,Scale Resources,0.29302499999999987,Scale Resources
297,0,94591244395,133.6609755031057,0,144,168846390496,1.0,0.009802877028998062,0.0018410417144246855,0.7076700291385749,0.008144132365129371,0.9962538911091248,0.0671006818250178,0.0016316898395434705,0.0001664398066299136,0.06620136607760872,0.07251627695110248,0.02337533638267555,0.04494620534732759,0.017381428149379836,0.05793875653184001,False,False,True,True,False,0.35,-0.04522114753619777,0.97115,0.536345,Migrate VM,0.37885,Migrate VM
298,0,94591244395,136.53574221105825,0,144,168846390496,1.0,0.03501491581308557,0.0003424380478465455,1.1126191964425922,0.0009452829413912025,0.9884687936976302,0.1131847438362896,0.0865966252326861,0.02770047504870507,0.07465030553392037,0.13491435167961255,0.10743643391402861,0.01730842300015697,0.022551730912756234,0.029525264563159556,False,False,True,True,False,0.275,-0.11171027139432821,0.9935375,0.49056125,Scale Resources,0.28146250000000006,Scale Resources
299,0,94591244395,14.713196317802758,0,144,168846390496,1.0,0.059003974366723534,0.002176833933953068,4.283933039979881,0.003473989236142039,0.9909676509742347,0.04785481821680823,0.051046547682139135,0.041306019247533333,0.002626318742534952,0.20027928453984634,0.1262245172985944,0.04786238104724446,0.050252934845140186,0.051655060991484064,False,False,True,True,False,0.38,-0.13720415607304304,0.9957375,0.56472125,Migrate VM,0.38426249999999995,Migrate VM
300,0,94591244395,120.33842821717742,0,144,168846390496,1.0,0.027933342033660206,0.001448216143617345,0.21110588928351665,0.02612581759335035,0.9903485375288709,0.052046794731263446,0.034187604364258765,0.07218089259108126,0.022676001445618092,0.035979936063685464,0.02145928401377222,0.048237620438752314,0.0754719992153051,0.02303778090902635,False,False,True,True,False,0.355,-0.09117210927073827,0.9902375,0.54557125,Migrate VM,0.3647625,Migrate VM
301,0,94591244395,326.0222629442956,0,144,168846390496,1.0,0.05224060485153233,0.0016065023349053826,0.19023810106848255,0.015705670105367036,0.9942428382617788,0.06730184704405055,0.02490147625664082,0.06169227764202008,0.12576720885437148,0.1091936028330253,0.08243972895886077,0.05789835082228136,0.01837458232698981,0.0845737513285227,False,False,True,True,False,0.23,-0.11479538866163541,0.9937,0.45911,Scale Resources,0.23629999999999995,Scale Resources
302,0,94591244395,100.8723259115991,0,144,168846390496,1.0,0.14546827565910728,0.00027795601302022123,1.3546557679116022,0.016908688468146357,0.9920820424795651,0.10671914766259576,0.10372341775524405,0.007983229489097386,0.035182397102073895,0.08503434002863179,0.06208634632497868,0.036179250436359986,0.0651467467523165,0.07538789064124166,False,False,True,True,False,0.405,-0.13164561603836034,0.9947,0.5819099999999999,Migrate VM,0.4103,Migrate VM
303,0,94591244395,6.786568453663193,0,144,168846390496,1.0,0.08531658010934773,0.0015325469774576173,2.1626431808158344,0.004139725286628352,0.9899579109717356,0.05165796564860458,0.019691723287250856,0.05631681394375996,0.04166595731339238,0.14005703638033012,0.06685857570534803,0.06427217619938717,0.009283954332602337,0.01117895422119575,False,False,True,True,False,0.34,-0.11419914940479337,0.9936875,0.53610625,Migrate VM,0.3463125,Migrate VM
304,0,94591244395,108.11508088428567,0,144,168846390496,1.0,0.08085280652359407,0.0007402513949923965,3.5849634221088236,0.007771680683652529,0.9847462602599844,0.05192702692393844,0.08056950031044766,0.06333530097508694,0.09506985216819806,0.13266152950653093,0.09388325039765938,0.049912282525609024,0.017832646217562108,0.053883654359936244,False,False,True,True,False,0.34,-0.1376740750957931,0.9963625,0.53690875,Migrate VM,0.34363750000000004,Migrate VM
305,0,94591244395,277.4193597498355,0,144,168846390496,1.0,0.059460124101588414,0.0016215612234725832,2.2616862377949603,0.015943475345466664,0.9848342650928882,0.08360244701341923,0.09016458646702001,0.010531382531222693,0.04746145181565786,0.011572778568108717,0.0038414383431307803,0.07249320972873716,0.037547592557826984,0.03478230526954034,False,False,True,True,False,0.37,-0.11581028500093216,0.99385,0.5571550000000001,Migrate VM,0.37615,Migrate VM
306,0,94591244395,98.95574758500682,0,144,168846390496,1.0,0.18375237092717983,0.0006254692481578487,3.4089125901763273,0.008991375578629777,0.9845081731967866,0.08574320797417526,0.00034879293525858336,0.05031818750634123,0.032458489761620135,0.17741834034122123,0.09978938937089718,0.05304138559536634,0.001862912587991752,0.06885027424908972,False,False,True,True,False,0.33,-0.13514906550658823,0.9950875,0.52952625,Migrate VM,0.33491249999999995,Migrate VM
307,0,94591244395,356.45242106007476,0,144,168846390496,1.0,0.04549225659855429,0.0006799891355379733,3.8214259523462943,0.005082455574616686,0.9943430666532863,0.09474696241096126,0.004042000044704334,0.04123472625754247,0.07465596295960787,0.07215658741689637,0.11360815904543009,0.011921536140169076,0.02771109240161431,0.0830297446881283,False,False,True,True,False,0.37,-0.10228580026397782,0.99275,0.556825,Migrate VM,0.37725,Migrate VM
308,0,94591244395,68.6313923781573,0,144,168846390496,1.0,0.15400765056143906,0.00019605623355548927,2.2980843771674726,0.0023869848601589644,0.9946317315372765,0.09921122201527796,0.08851926738918256,0.07306762365159096,0.08711922571803726,0.18287751564457513,0.06556583149136375,0.06685864651999021,0.04898272146140548,0.08644250552766096,False,False,True,True,False,0.32,-0.14101950382656903,0.9983375,0.52350125,Migrate VM,0.32166249999999996,Migrate VM
309,0,94591244395,84.7627261249971,0,144,168846390496,1.0,0.09313833388463705,0.0018096248576792262,0.9522567817736837,0.006696673976935677,0.9996340460224286,0.05453850718235447,0.019078388922871087,0.02468175879012679,0.05151531609599768,0.148165293158202,0.11965839452010658,0.07226844566144662,0.04958689419378455,0.06847710513968619,False,False,True,True,False,0.335,-0.0956260630970559,0.991475,0.5319425,Migrate VM,0.3435250000000001,Migrate VM
310,0,94591244395,115.85850109077205,0,144,168846390496,1.0,0.16071723664664045,0.0005400425639846872,0.4997080603134455,0.030839332059459667,0.9977356467731331,0.038103906043115365,0.07036104288681332,0.034775536867926234,0.04188991149005006,0.0681928909376287,0.01763441733698763,0.040237951859285116,0.033980949813611244,0.05010990549583939,False,False,True,True,False,0.37,-0.10091044812522776,0.99255,0.556765,Migrate VM,0.37744999999999995,Migrate VM
311,0,94591244395,77.52858029258562,0,144,168846390496,1.0,0.17598950076998393,0.0015834208588212724,4.225746904812147,0.003462449559103545,0.993714188758892,0.10659750360915499,0.03457739633090325,0.014530924459588831,0.03435701010321876,0.06490172115583599,0.05797427987656181,0.023877072646459226,0.020640884391683947,0.06344738692396486,False,False,True,True,False,0.34,-0.11095928961329493,0.993475,0.5360425,Migrate VM,0.34652499999999997,Migrate VM
312,0,94591244395,19.091653801878405,0,144,168846390496,1.0,0.06381820840119937,0.0017102767099811539,0.8260293360585612,0.00700048884701645,0.986677789795277,0.00011621554197805865,0.04942586837195315,0.0029009840751751882,0.035383554700310536,0.23655725965639168,0.11905966509967021,0.0157544604736782,0.023587673876832915,0.04536667095128629,False,False,True,True,False,0.345,-0.11661541855060187,0.993875,0.5396624999999999,Migrate VM,0.351125,Migrate VM
313,0,94591244395,303.98887679732763,0,144,168846390496,1.0,0.15049611401120458,0.00031302236087067323,0.5845808708556711,0.013204896233349694,0.9978349252250077,0.11069133045290239,0.011339597987890278,0.042763836140012994,0.020181525799178455,0.1631567255719508,0.11880518912359603,0.0333121837568152,0.006321658130612943,0.05667150057853119,False,False,True,True,False,0.3,-0.0936703514594115,0.9908625,0.50725875,Migrate VM,0.30913750000000007,Migrate VM
314,0,94591244395,147.0660012489077,0,144,168846390496,1.0,0.15204351606261754,0.0008439022123418715,4.109705908485631,0.008672679995539206,0.9859586406557079,0.038459695786560076,0.0038086532057074692,0.020942387670079003,0.08557677333773396,0.033833891873564684,0.014437207165448782,0.009697319546264434,0.0059008040349493515,0.08557020665463556,False,False,True,True,False,0.41,-0.1074501577527166,0.993225,0.5849675,Migrate VM,0.4167749999999999,Migrate VM
315,0,94591244395,339.8814415787501,0,144,168846390496,1.0,0.008730215949147427,0.0018846384353763245,3.462666113570545,0.031588832836948924,0.9891311880606678,0.035828032648650865,0.04727566518919978,0.06378306372815017,0.0944539121551817,0.1121488268565302,0.031704802193554364,0.05325443553014069,0.06501981599927202,0.03912934353081826,False,False,True,True,False,0.355,-0.12400534612287117,0.9941625,0.5467487499999999,Migrate VM,0.36083750000000003,Migrate VM
316,0,94591244395,240.69076049555431,0,144,168846390496,1.0,0.07503975397061216,0.0011864499465635639,2.4656922993477246,0.024580240151748155,0.999625100093015,0.055762745995129745,0.03576178862310809,0.02781866625343734,0.017357201132378285,0.07060994400255419,0.011206927843197292,0.031343568176998474,0.012733992649845724,0.03389080345733006,False,False,True,True,False,0.615,-0.03904265740420976,0.9695875,0.72137625,Restart Task,0.6454125,Restart Task
317,0,94591244395,285.6879897809783,0,144,168846390496,1.0,0.046111434485463,0.0015172252802747224,4.233172310190201,0.01796415088208139,0.9865632230271948,0.04326411711389173,0.06154620543825017,0.03772372988934456,0.01926687818921775,0.1062450292306187,0.07040244506771043,0.019582317134345203,0.04660016695345167,0.006864133478438763,False,False,True,True,False,0.27,-0.10357670066319624,0.99295,0.486885,Scale Resources,0.27705,Scale Resources
318,0,94591244395,121.17853208358605,0,144,168846390496,1.0,0.1508019061457952,0.000642910463677588,2.8427326945302003,0.012992514429927899,0.9886076799048275,0.11496379091449067,0.03586019619858155,0.01762357176600112,0.11788061489379484,0.1773803229202841,0.08838760936858955,0.0036284707868738087,0.009983211438952911,0.06245217364800021,False,False,True,True,False,0.335,-0.12852636534505446,0.9942,0.5327599999999999,Migrate VM,0.3408,Migrate VM
319,0,94591244395,75.39582114945368,0,144,168846390496,1.0,0.04230712230569233,0.0019319154166158171,1.3430920238216604,0.002268369889079543,0.983940547770666,0.05561364390724559,0.06432775382603381,0.06469970609973141,0.014364534609944203,0.04676741523554702,0.06868264755660819,0.026671204215154117,0.03671563465830134,0.09041200038036193,False,False,True,True,False,0.4,-0.11620646789073208,0.99385,0.578155,Migrate VM,0.40615,Migrate VM
320,0,94591244395,196.1609953912874,0,144,168846390496,1.0,0.07783511448976424,0.002453368909282002,0.3063413893280253,0.02953565808366862,0.9916943719552964,0.06321551699519262,0.09601442624101608,0.03777681000387847,0.05683451295691138,0.0647958712700566,0.085408130659192,0.04172692013479326,0.01630926000320944,0.06940561624111997,False,False,True,True,False,0.285,-0.15024427751840574,0.99895,0.499185,Scale Resources,0.2860499999999999,Scale Resources
321,0,94591244395,231.87126864119057,0,144,168846390496,1.0,0.0745001032887264,1.0912320088607073e-05,2.0977518164488496,0.00019196212274654343,0.984583322857487,0.05403649655154998,0.008694573721944486,0.02052684504518694,0.08497703044551079,0.07338655852089213,0.12933383873987353,0.06711979510392628,0.044535454322102125,0.09460155095110384,False,False,True,True,False,0.29,-0.13029883443293644,0.994275,0.5012825,Migrate VM,0.295725,Migrate VM
322,0,94591244395,312.48622599570797,0,144,168846390496,1.0,0.05979347228259132,0.0018586637874238635,0.6427479604299754,0.021691218860182843,0.9915180385306128,0.002111458197253883,0.028684558111054706,0.07114052155964252,0.0409439742631795,0.04314859361904375,0.02431132766841861,0.03510272262130067,0.06411606308629142,0.07415932033939472,False,False,True,True,False,0.445,-0.10390520759324273,0.992975,0.6093925,Migrate VM,0.4520249999999999,Migrate VM
323,0,94591244395,157.26672271359874,0,144,168846390496,1.0,0.039136290644430104,0.00011422037149972389,2.1731405202757212,0.02581759350311667,0.9954947041898276,0.05127460804697428,0.06199665481794758,0.032484176974754975,0.07506287946742783,0.12305910840803636,0.08827960563145981,0.03719004464586456,0.07156984328399874,0.041876260046202964,False,False,True,True,False,0.365,-0.10735639188342505,0.993225,0.5534675,Migrate VM,0.37177499999999997,Migrate VM
324,0,94591244395,5.729869094295932,0,144,168846390496,1.0,0.0443200378891846,0.001241281348302154,2.5392598495775576,0.017503285996194974,0.9952425395082403,0.03446512336557845,0.06929381818664401,0.05242427814974607,0.053317890537514345,0.09563298402551701,0.023195571578021195,0.03032487852411655,0.059867808052927476,0.08892963499442222,False,False,True,True,False,0.385,-0.10087127844767829,0.99255,0.5672649999999999,Migrate VM,0.39244999999999997,Migrate VM
325,0,94591244395,213.70074887446754,0,144,168846390496,1.0,0.056131939378931024,0.0016917736706879292,3.476732175366591,0.010526747642400554,0.9971091337817732,0.00924796331032881,0.0012970852075641004,0.009156759192572275,0.0202247150137714,0.2090031440652052,0.055094063447143585,0.02013894780281584,0.032647756477508075,0.03862937210934816,False,False,True,True,False,0.335,-0.04550009343642969,0.9712875,0.5258862499999999,Migrate VM,0.3637125000000001,Migrate VM
326,0,94591244395,108.52620047568611,0,144,168846390496,1.0,0.025856171702243497,0.001626377297527366,0.6416798692754412,0.024570690986035464,0.9866948129101681,0.09177852828772515,0.08391729286966823,0.009332136958302607,0.01124560619163334,0.22580172817789665,0.06002877304336434,0.04616521160503444,0.0017698560376977438,0.027267690541712793,False,False,True,True,False,0.33,-0.11350768055002447,0.99365,0.529095,Migrate VM,0.3363499999999999,Migrate VM
327,0,94591244395,181.94315564137904,0,144,168846390496,1.0,0.16616593376051325,0.0006730484825776712,3.641351630465031,0.02098338422411169,0.9852545268591547,0.03681514619508941,0.024904454491562394,0.03295188335201467,0.08236388746539727,0.10306417037726696,0.031701396905324454,0.050973629449553505,0.044471630391330924,0.05080722524434769,False,False,True,True,False,0.42,-0.12697556193433013,0.9941875,0.5922562499999999,Migrate VM,0.4258124999999999,Migrate VM
328,0,94591244395,199.5910550805522,0,144,168846390496,1.0,0.04160637118009192,0.0016871650303271776,1.8202289818561557,0.011517118722749648,0.9858289169857235,0.07489609129856677,0.0628242513134148,0.0253397696089578,0.11146981938369106,0.2010439436886785,0.014137655454631597,0.05091207096839584,0.02996636424076,0.09780738950519605,False,False,True,True,False,0.295,-0.10564973486440388,0.9930375,0.50441125,Migrate VM,0.3019624999999999,Migrate VM
329,0,94591244395,81.00850668647486,0,144,168846390496,1.0,0.052598288515216765,0.0010962260874222453,1.2622514206651816,0.021927029914088538,0.9913484767871013,0.0277177053497714,0.052815187649954576,0.06618170623567791,0.10272511925717237,0.11861801083782317,0.03739979791708355,0.013176815292241958,0.06683498809399978,0.06947938653629106,False,False,True,True,False,0.34,-0.11339058404243474,0.99365,0.536095,Migrate VM,0.34634999999999994,Migrate VM
330,0,94591244395,205.97878913308503,0,144,168846390496,1.0,0.16489399611631284,0.0003017375442243827,3.2058969324004774,0.006866911718893674,0.9853429713283115,0.058428411656143465,0.04044749023480806,0.07008250753031776,0.04200027815556995,0.1937780274210572,0.09707693780485621,0.04892591268384117,0.07003205122691465,0.03990941982004729,False,False,True,True,False,0.305,-0.1381233719499394,0.9966375,0.51249125,Migrate VM,0.3083625000000001,Migrate VM
331,0,94591244395,140.28162695383165,0,144,168846390496,1.0,0.030177641921533008,0.000683766742980161,4.132625521794875,0.015031634296399816,0.9890225658387521,0.027119530349666982,0.050589291701086114,0.053364975095625315,0.03716637341740894,0.18017966095496218,0.08164485067845012,0.05768953453408222,0.019091380870527346,0.061736819729172346,False,False,True,True,False,0.36,-0.10704349120621037,0.9932125,0.5499637500000001,Migrate VM,0.36678749999999993,Migrate VM
332,0,94591244395,55.344700615983086,0,144,168846390496,1.0,0.06821193415586939,0.0017960894075310188,2.967172937596769,0.005952698312222566,0.9976390467864581,0.006694923077495967,0.06204998120295954,0.07325811830337889,0.06890356753137195,0.19039412906261616,0.07715847088950518,0.057361792619121256,0.04988328822084238,0.06761709908931848,False,False,True,True,False,0.24,-0.12001788414739267,0.9940375,0.46621124999999997,Scale Resources,0.24596249999999997,Scale Resources
333,0,94591244395,82.01201439109826,0,144,168846390496,1.0,0.13909142129492208,0.0005899102261803127,4.606419052061802,0.0072178387725508,0.9872780788592085,0.10775341404509428,0.025436851377693817,0.026873865237998364,0.09264500136378499,0.0377492961693602,0.02062185102866301,0.035626110723828215,0.01854256280570138,0.023055663748350795,False,False,True,True,False,0.435,-0.10959586416851108,0.9933875,0.60251625,Migrate VM,0.44161249999999996,Migrate VM
334,0,94591244395,3.326011710664565,0,144,168846390496,1.0,0.06945929834961524,0.0007891191883161848,0.1463500166292274,0.01968486858977607,0.9937775923008786,0.008884629514565593,0.033134697467527396,0.06499162286586824,0.07547136553658963,0.09796469267277251,0.06029519629258665,0.015256662141246815,0.06177498656090899,0.0894219127990135,False,False,True,True,False,0.33,-0.12244203997943204,0.9941,0.52923,Migrate VM,0.3359000000000001,Migrate VM
335,0,94591244395,327.8390552100157,0,144,168846390496,1.0,0.04198769844230619,0.0007704970323741643,0.754502776229642,0.009734209566158227,0.9888801001401496,0.07944735079375552,0.019892388149401686,0.06846095262015668,0.013365678372875875,0.001635542662949315,0.11083395100166336,0.051551653875265446,0.02703886120866974,0.058260884715532174,False,False,True,True,False,0.325,-0.10341602813061002,0.992925,0.5253774999999999,Migrate VM,0.3320750000000001,Migrate VM
336,0,94591244395,80.47587630212402,0,144,168846390496,1.0,0.031573059121007996,0.0011682393563849016,1.6590498973198227,0.01949464890476796,0.9869691655032011,0.0831896577363667,0.07989199982085785,0.012408208892501146,0.005685729613015963,0.10453078699792577,0.10034345450732034,0.04767009960119346,0.053405249175097584,0.039411902496853835,False,False,True,True,False,0.395,-0.12377803281027766,0.9941625,0.5747487499999999,Migrate VM,0.40083750000000007,Migrate VM
337,0,94591244395,84.58039629110516,0,144,168846390496,1.0,0.09970853311586428,0.0005067356145361912,3.4113566317267616,0.00624122944190643,0.9881877323769727,0.06356543360791621,0.0507711655770331,0.044740981397496084,0.05670973702769919,0.21864428771699926,0.10888794043425462,0.06439570418500622,0.047899080967367474,0.062126181780181804,False,False,True,True,False,0.31,-0.1376757898211507,0.9963625,0.51590875,Migrate VM,0.3136375,Migrate VM
338,0,94591244395,219.3115261377415,0,144,168846390496,1.0,0.08154077895402304,0.0007986789729832324,2.7808498679330285,0.0008090212766342305,0.9834576229664518,0.10687106902259003,0.005004898179113964,0.03907776387980774,0.07972619680816932,0.047123725012756905,0.11612135623017426,0.013924654510870077,0.06730157222433845,0.07464737208013711,False,False,True,True,False,0.27,-0.13120207996271083,0.9946625,0.48739875,Scale Resources,0.2753375,Scale Resources
339,0,94591244395,86.66746326870982,0,144,168846390496,1.0,0.02826453117676754,0.0007841158356515835,1.86931652381872,0.007788120834392867,0.9999815258301921,0.028818676959752113,0.08652102490856173,0.011848367398094285,0.12707761133338089,0.05362789266790152,0.05466714418703308,0.04091522699529034,0.009152380526909119,0.07991382583808689,False,False,True,True,False,0.335,-0.0725572253369483,0.9853625,0.5301087499999999,Migrate VM,0.34963750000000005,Migrate VM
340,0,94591244395,98.88679176509875,0,144,168846390496,1.0,0.10298810655031196,0.0013628462865852482,2.8308192645022734,0.0017581713141044816,0.9861436592449749,0.02022773751528545,0.03157650481444872,0.010790727012156654,0.11951665559842475,0.12197696162060716,0.08083945396243296,0.02618627068007213,0.021019202475968196,0.04922848292860688,False,False,True,True,False,0.36,-0.11682317423618072,0.993925,0.5501775,Migrate VM,0.36607500000000004,Migrate VM
341,0,94591244395,105.9562709405401,0,144,168846390496,1.0,0.0644336110743308,0.0011226198893587158,2.3756124962099325,0.0311897249736663,0.9870553888143205,0.061235290222090004,0.015720524356474665,0.02606195458396769,0.09299120889479998,0.04148587109931631,0.07536561140358225,0.0305236551773016,0.0039246191219109924,0.0912876841670483,False,False,True,True,False,0.315,-0.14576585400006403,0.9989,0.52017,Migrate VM,0.31610000000000005,Migrate VM
342,0,94591244395,148.8971305054391,0,144,168846390496,1.0,0.14698622545334367,0.001032271452620181,4.403117589005263,0.009204064694198578,0.9902038535038038,0.0952285692122249,0.03590235669107303,0.027131080751276782,0.12896755495189274,0.13212122754453193,0.08937036643038297,0.04713407993756807,0.06299565025124099,0.0843169060625968,False,False,True,True,False,0.285,-0.1358380279258422,0.9952,0.49805999999999995,Scale Resources,0.28980000000000006,Scale Resources
343,0,94591244395,202.77220768931144,0,144,168846390496,1.0,0.05522926405619988,5.653442735187473e-05,2.886072409110339,0.026156435421742424,0.9908423388252955,0.02066869048151959,0.03012445391019304,0.037975249878202805,0.10846624201102074,0.04084169049576213,0.07935829687542774,0.05518480275553039,0.07122261430841251,0.011417739184921257,False,False,True,True,False,0.285,-0.13303124993069648,0.9949,0.49797,Scale Resources,0.2901,Scale Resources
344,0,94591244395,333.50098829924065,0,144,168846390496,1.0,0.11277516284521491,0.0019010773919333492,0.25259909566702865,0.016038196735390493,0.993710500566153,0.03850405119498043,0.04504788848419981,0.041274641420966166,0.07163158105943661,0.009954376402895577,0.05697383253256637,0.015662336443624792,0.06975011264549795,0.09554398374238457,False,False,True,True,False,0.215,-0.13180915077909505,0.9947375,0.44892125000000005,Scale Resources,0.22026249999999992,Scale Resources
345,0,94591244395,107.87288268674487,0,144,168846390496,1.0,0.032847261984573516,0.0005442722248703771,2.2441736761253748,0.027710251807648363,0.9916672781956709,0.006951054619546628,0.004325248671564006,0.016932187113029493,0.10925574912368327,0.14778370679668706,0.07298110848645527,0.023364756276985664,0.07071874633925251,0.032400918688183754,False,False,True,True,False,0.345,-0.09594256743796703,0.9915375,0.53896125,Migrate VM,0.3534625,Migrate VM
346,0,94591244395,300.5799885550608,0,144,168846390496,1.0,0.16798190962047826,0.0011984548896426489,4.200797411050183,0.00877100021151275,0.9943072291987757,0.011038419614632457,0.0494431715754498,0.0161831542134512,0.008136547993444855,0.0008858996258795393,0.04210043306398175,0.043183547834921406,0.034637873364212694,0.02952368596867959,False,False,True,True,False,0.38,-0.10555582886594528,0.9930375,0.56391125,Migrate VM,0.3869625,Migrate VM
347,0,94591244395,356.8320110794504,0,144,168846390496,1.0,0.1761609449961896,0.0003115640619063237,1.9499084499462025,0.02055985912933717,0.995558184194882,0.045975412017450694,0.07775280703214474,0.009244568832460175,0.04301574804976592,0.17036277177398718,0.08111268594439922,0.06132626142969172,0.003565288706570781,0.01706166378689326,False,False,True,True,False,0.435,-0.11027201248426588,0.9934375,0.60253125,Migrate VM,0.4415625000000001,Migrate VM
348,0,94591244395,17.458049617907925,0,144,168846390496,1.0,0.03602141704672712,1.0619456906920238e-05,2.3684566081702534,0.01674057313028962,0.9942982017944302,0.04830200143099032,0.0005127005749474808,0.05017988332381087,0.007038224510288472,0.2059692381876178,0.002936832879129575,0.03885769131013284,0.0680931147085845,0.05600968202813571,False,False,True,True,False,0.405,-0.07424070429043084,0.9857625,0.57922875,Migrate VM,0.41923750000000004,Migrate VM
349,0,94591244395,219.03002875581478,0,144,168846390496,1.0,0.12780203406326357,0.00030351925287171156,3.1703746365858163,0.02789559664958817,0.9995703476236708,0.05559783390385507,0.03598941583971303,0.05609361151290935,0.07037750170376271,0.06118523765605461,0.022318319560281318,0.012469494198814449,0.03493817169216117,0.016644170071794858,False,False,True,True,False,0.505,-0.09814484088537934,0.992075,0.6511225,Restart Task,0.512925,Restart Task
350,0,94591244395,7.098819844134878,0,144,168846390496,1.0,0.009766645306816875,0.0023056982176567673,0.3427255850114474,0.002318859210864292,0.9908531494820169,0.030757213164112972,0.10024812542464313,0.0678346389274488,0.052470377208115926,0.10670520017369055,0.04862923578689643,0.0027737207780813003,0.02228232758547894,0.012001794123130752,False,False,True,True,False,0.38,-0.0893498320942171,0.9896875,0.5629062499999999,Migrate VM,0.39031249999999995,Migrate VM
351,0,94591244395,36.85331880544419,0,144,168846390496,1.0,0.10516154492557273,0.00024489272122884436,0.4835053413602683,0.015225924280159397,0.9907047149500603,0.017271552626474087,0.0006417331667397764,0.014369434750779387,0.030580758537759677,0.19029345314331958,0.11867621194578885,0.029735724438550614,0.03081794641778385,0.06970581097377276,False,False,True,True,False,0.31,-0.10365976964142343,0.99295,0.514885,Migrate VM,0.31705000000000005,Migrate VM
352,0,94591244395,225.69192565368803,0,144,168846390496,1.0,0.034526285005014215,0.0002670209102337207,2.0556199878993393,0.017897582573758227,0.9856451404091874,0.03680238662400891,0.031981038053328394,0.01945701936337159,0.059732478613511,0.15529392849790657,0.06603662797853807,0.014756840735811053,0.007832495558035323,0.08040793272410023,False,False,True,True,False,0.335,-0.1003169753671902,0.992475,0.5322425,Migrate VM,0.34252499999999997,Migrate VM
353,0,94591244395,172.54968577840285,0,144,168846390496,1.0,0.011651097025101975,0.0006400259962929128,3.776835001715053,0.023819774019785595,0.9979302791887977,0.07555496644650139,0.04413895004216123,0.0317684751596942,0.02514990811175613,0.15475541711875412,0.07584753649543591,0.011343931563244848,0.0673889168993159,0.03604919247039584,False,False,True,True,False,0.41,-0.06115606094351689,0.974475,0.5793425,Migrate VM,0.43552499999999994,Migrate VM
354,0,94591244395,17.905955587584653,0,144,168846390496,1.0,0.061477672646209465,0.0021568560202122225,4.307273925102762,0.015539138505364744,0.9992723330285149,0.1098325903161513,0.08595928549343253,0.06401649651564278,0.049505821255284486,0.17988299518942857,0.07484546158042853,0.05271738023978356,0.01352750912164173,0.07155613336607358,False,False,True,True,False,0.31,-0.1268066476054759,0.9941875,0.51525625,Migrate VM,0.31581250000000005,Migrate VM
355,0,94591244395,344.73327630990184,0,144,168846390496,1.0,0.056749372946518044,0.00244523948887308,1.7773678357124871,0.006328591149066695,0.985204784606501,0.09850352134524497,0.057851543842270335,0.02286988392747041,0.0788786978419154,0.07897132738211392,0.05812450418491494,0.06319077904549057,0.05083990101071871,0.07458980289849278,False,False,True,True,False,0.22,-0.1367379287906032,0.9954125,0.45262375,Scale Resources,0.22458749999999994,Scale Resources
356,0,94591244395,210.05767852904745,0,144,168846390496,1.0,0.18588713416605393,0.0005985891078532299,1.2320756454214294,0.002932893170825728,0.9925669987898476,0.07696939636569851,0.07564058505908129,0.024978273294561672,0.0015889555152171493,0.15033973855566984,0.12946955725789142,0.021575955899506987,0.0139953285294149,0.02756675122362719,False,False,True,True,False,0.345,-0.1066730059440999,0.9932,0.5394599999999999,Migrate VM,0.3518,Migrate VM
357,0,94591244395,153.149570919737,0,144,168846390496,1.0,0.047046174178605876,0.0008603058490329358,2.997885926435908,0.010932820105200356,0.9899343253457787,0.005023454364946696,0.0955963699967731,0.030297904729987883,0.0425400896031435,0.020565333775147583,0.08221466976924865,0.06327581029110996,0.003131292409001435,0.014212773557323932,False,False,True,True,False,0.41,-0.10693807232074304,0.9932125,0.58496375,Migrate VM,0.41678749999999987,Migrate VM
358,0,94591244395,52.700338399034635,0,144,168846390496,1.0,0.11292653537771116,0.002284240061824523,2.0563550137152338,0.010894113499337166,0.9960973484818069,0.0931837152691418,0.025828759280950096,0.011975595826148742,0.0463860173858775,0.18443303321014132,0.09010709473751305,0.04877427167641224,0.0631101190415579,0.027113123681270706,False,False,True,True,False,0.325,-0.11794502140855401,0.993975,0.5256925,Migrate VM,0.3310249999999999,Migrate VM
359,0,94591244395,122.28614116902364,0,144,168846390496,1.0,0.007938646989220498,0.002154101388062612,2.735881337366775,0.009446530457835573,0.9844902903153818,0.0907794151917735,0.07800806966354357,0.049605588109150854,0.026417894426931977,0.21715635766293484,0.09763840529787239,0.048181132457645756,0.04952945976256757,0.088478095259707,False,False,True,True,False,0.255,-0.1252583234009319,0.9941875,0.47675625,Scale Resources,0.2608125,Scale Resources
360,0,94591244395,334.19056791496456,0,144,168846390496,1.0,0.11168201587691999,0.0010331539807344474,1.7085889451982057,0.02595395725273817,0.9940767613127515,0.009695981335541497,0.014959039228731314,0.0670304438493599,0.11466516519616454,0.2263390637283532,0.0554660311648779,0.05743303574804203,0.06301854382337584,0.03088629742978463,False,False,True,True,False,0.35,-0.13696575546300005,0.995475,0.5436424999999999,Migrate VM,0.354525,Migrate VM
361,0,94591244395,52.3215760417712,0,144,168846390496,1.0,0.18694244280734493,7.493012404776398e-05,2.805901028318608,0.020603122340520343,0.9946964940906496,0.03207828623049612,0.07518505644148105,0.016113737011910642,0.10747541840921469,0.05210440443321143,0.09032004429672782,0.057385611626513074,0.014376631547048373,0.023283476351389262,False,False,True,True,False,0.345,-0.12176716208603444,0.9941,0.5397299999999999,Migrate VM,0.3509,Migrate VM
362,0,94591244395,280.4773459443721,0,144,168846390496,1.0,0.01612480718155366,0.0004730019344456833,2.13979203002966,0.02947445447871369,0.9926979708786478,0.04864902685034861,0.10187763243557502,0.034529284276731693,0.05622882593458324,0.09788612418179754,0.040470609998586135,0.02385738335928134,0.052336609586730753,0.003995162391204139,False,False,True,True,False,0.36,-0.1163664340909959,0.9938625,0.55015875,Migrate VM,0.3661375,Migrate VM
363,0,94591244395,245.4540212326748,0,144,168846390496,1.0,0.037725843398601154,0.000952664192516004,0.688346106296037,0.017514891424047208,0.9954891783843944,0.04450511867504185,0.017165886453542757,0.0168662603732931,0.1060590722014353,0.06364498729206451,0.10043141525609414,0.024260599126245553,0.014360409737106216,0.07115644176568106,False,False,True,True,False,0.285,-0.08089120258988447,0.9871125,0.49563375,Scale Resources,0.2978875000000001,Scale Resources
364,0,94591244395,168.67621061107442,0,144,168846390496,1.0,0.005864484614026201,0.002380228319449793,0.6940509192210764,0.011198323164569481,0.9897465870283543,0.06141771685029893,0.08182358967515536,0.00045349982932462476,0.12088443829576555,0.153611751522884,0.1232408581123254,0.05987438228973534,0.07059797938838387,0.05879906146808381,False,False,True,True,False,0.355,-0.13036274116316127,0.994275,0.5467825,Migrate VM,0.36072499999999996,Migrate VM
365,0,94591244395,128.63123383578295,0,144,168846390496,1.0,0.0830463868338007,0.001631626135824832,2.0054520527151256,0.02318434220576265,0.9848641480360207,0.10415359804156074,0.0214040079595496,0.07028906760376963,0.020164750919601872,0.030714337647396357,0.10525054070359023,0.05997050851437367,0.05621122441528163,0.093973773736431,False,False,True,True,False,0.245,-0.15237482037434213,0.9990125,0.47120375,Scale Resources,0.24598750000000003,Scale Resources
366,0,94591244395,97.39426632674977,0,144,168846390496,1.0,0.1549966385606789,0.000872903230774761,2.5243540675651883,0.01411962260852417,0.983430849512815,0.07208827331033375,0.07788004559787519,0.01299767504649847,0.12077862858037179,0.12612528110195867,0.023107575115534826,0.04731613267579301,0.014603144336865237,0.006215803373016335,False,False,True,True,False,0.39,-0.12291209788373014,0.9941375,0.5712412499999999,Migrate VM,0.3958625,Migrate VM
367,0,94591244395,246.7134872709272,0,144,168846390496,1.0,0.020755290619780216,0.00026337181642410875,3.4757802767131865,0.0017491800899747138,0.9968294893411034,0.09990733934203697,0.014876652636177774,0.03860012144030164,0.012526400318483493,0.15042098829871864,0.00815816330257818,0.06918391448408111,0.01580595613344333,0.06681119474655482,False,False,True,True,False,0.45,-0.028140802056952352,0.965475,0.6046425,Migrate VM,0.4845250000000001,Migrate VM
368,0,94591244395,46.18491277575962,0,144,168846390496,1.0,0.03929933406127059,0.0011181536551444437,2.692038101081266,0.031650742934894525,0.9837654526173346,3.945598072770942e-05,0.03659877668656575,0.027265061567318866,0.11457948544149742,0.2170057132463799,0.11415008848798787,0.010487948340351917,0.0313565103192994,0.0729738890216268,False,False,True,True,False,0.3,-0.14492849834116828,0.9989,0.50967,Migrate VM,0.3010999999999999,Migrate VM
369,0,94591244395,112.53998440232691,0,144,168846390496,1.0,0.12435713034572836,0.0005880083506553906,1.5192162400812415,0.02726423052109853,0.9875084958476545,0.12101137223115711,0.03201394389063243,0.0017519710683836897,0.03304501462870237,0.040711331480736496,0.06570437477087863,0.00825653441422841,0.047635228718212,0.08559600178058142,False,False,True,True,False,0.275,-0.1404481510910751,0.9981625,0.49194875,Scale Resources,0.27683750000000007,Scale Resources
370,0,94591244395,130.50679744934484,0,144,168846390496,1.0,0.03159238486976333,0.000991883267440274,3.6919680257800893,0.01874232984498549,0.9850190678424038,0.06741069270607791,0.048835204695550416,0.02435772414220074,0.014281073365311198,0.23330151984720404,0.022822022183427423,0.014118557919531607,0.011077193950440692,0.055784999662538665,False,False,True,True,False,0.37,-0.08269664555755618,0.987325,0.5551975,Migrate VM,0.382675,Migrate VM
371,0,94591244395,159.72104681377215,0,144,168846390496,1.0,0.046791971629979244,0.001064778133254958,3.1637736745612575,0.008926178025722589,0.9985874309476385,0.038442862770835154,0.02077932892527421,0.07107988117583214,0.10508000096991046,0.08159571450135143,0.10908210765561478,0.03800352374142109,0.026383937682236687,0.08214364094304374,False,False,True,True,False,0.325,-0.0995819062900154,0.992275,0.5251825,Migrate VM,0.33272499999999994,Migrate VM
372,0,94591244395,270.77942407119855,0,144,168846390496,1.0,0.05585153299558234,0.0015042916676241875,1.7351583515367532,3.333360537960284e-05,0.9993635962969271,0.06897200808140579,0.062384368724647275,0.04466964961708373,0.07138442765993723,0.06897133808825197,0.12595383845853952,0.04553766654028906,0.05104951645715337,0.04449477999827412,False,False,True,True,False,0.29,-0.09644385094866603,0.99165,0.500495,Migrate VM,0.2983499999999999,Migrate VM
373,0,94591244395,103.63010417668173,0,144,168846390496,1.0,0.012065434157799253,0.0008684144125714168,0.827192777782943,0.02097943415216169,0.9979834000032267,0.037992186801334295,0.034781323716432506,0.04991727872750209,0.01935135048391028,0.22101368495705054,0.047168613458137575,0.007412933534824197,0.013291474244663763,0.09125548016867996,False,False,True,True,False,0.38,-0.048631753529001176,0.971975,0.5575924999999999,Migrate VM,0.40802499999999997,Migrate VM
374,0,94591244395,88.96294381284719,0,144,168846390496,1.0,0.12417540071836619,0.00038721998329113114,0.9117652582062686,0.02786021320999393,0.9858005672100232,0.002352978901964719,0.05228081011797886,0.06424113233525271,0.0422610461708244,0.03047608681858448,0.12733510021956876,0.04957160026827555,0.06472792188301597,0.07358566383726979,False,False,True,True,False,0.34,-0.1510352107338313,0.99895,0.537685,Migrate VM,0.3410500000000001,Migrate VM
375,0,94591244395,251.36721863610845,0,144,168846390496,1.0,0.07210576258704755,0.000804218275384374,3.3678116424369513,0.02271031534909346,0.9991764738528613,0.07136014315772404,0.030804164828162558,0.036451729442332916,0.07956104411168533,0.10147334589548651,0.10256144738865237,0.04282334597831526,0.0007179520002392614,0.05575044908520533,False,False,True,True,False,0.465,-0.10134747090752805,0.9926125,0.62328375,Migrate VM,0.47238749999999996,Migrate VM
376,0,94591244395,228.09736293906994,0,144,168846390496,1.0,0.17161148466451326,0.0010258449092167554,2.6984806126549934,0.015051131725896338,0.9921942812519353,0.008445872149380904,0.09344895226679924,0.06779193448453268,0.07104971992832958,0.13234498835747094,0.007461488058164027,0.04380031303805827,0.03265359049228109,0.06936948715404746,False,False,True,True,False,0.395,-0.12714782579703277,0.9941875,0.57475625,Migrate VM,0.4008125,Migrate VM
377,0,94591244395,16.96496997440606,0,144,168846390496,1.0,0.13329144051177932,0.000711368505443574,3.0612936533663424,0.019871592255828387,0.9871140370328941,0.05527160777372098,0.08704059545177588,0.04509410432041163,0.008911142175423947,0.10532060588537308,0.04041763784450047,0.04700101593560845,0.04676135517465335,0.00101730124688615,False,False,True,True,False,0.415,-0.14104521112376334,0.9983375,0.59000125,Migrate VM,0.41666249999999994,Migrate VM
378,0,94591244395,218.77038339064666,0,144,168846390496,1.0,0.13778431012217562,0.0019061070291939315,0.2770303435628708,0.009621952346742367,0.9903545685411344,0.02255924262856071,0.043913171230486714,0.005296510846388101,0.014677338202330173,0.1590109128441139,0.03403954513575251,0.052110999377083515,0.0036605140886981635,0.055052214765314605,False,False,True,True,False,0.38,-0.09760715827333066,0.992,0.5635999999999999,Migrate VM,0.388,Migrate VM
379,0,94591244395,140.9215188912625,0,144,168846390496,1.0,0.14943213598414973,0.0019438496671051215,1.7641383247799391,0.019731791485406876,0.9871258267581048,0.07283425629803125,0.00862646885566524,0.032361891273480485,0.023688573949398425,0.21006183382742752,0.05767635115732121,0.043274609783316216,0.027420977764944385,0.028249062089862137,False,False,True,True,False,0.29,-0.11582222720385671,0.99385,0.501155,Migrate VM,0.2961499999999999,Migrate VM
380,0,94591244395,73.05112190215209,0,144,168846390496,1.0,0.17097592175006618,0.001982317957220111,0.6259753858441144,0.02366129430625047,0.9903088555261486,0.0019320997680011976,0.05510131360919295,0.00968363384421,0.027215605530444036,0.1655136465886393,0.033335552178216585,0.06533146402334232,0.05000317529034749,0.08142669372258061,False,False,True,True,False,0.385,-0.13772237530064046,0.9963625,0.5684087499999999,Migrate VM,0.38863749999999997,Migrate VM
381,0,94591244395,221.46823379886627,0,144,168846390496,1.0,0.16290929831662798,0.0008968164015365329,2.579510223826097,0.016346896939205206,0.998396513330505,0.020694951177936367,0.06026678324271392,0.05617712749981177,0.04797275948324552,0.20630478637108424,0.04835713899371992,0.012694993597502764,0.04443946471819704,0.041146392021095234,False,False,True,True,False,0.41,-0.09820201210632629,0.992075,0.5846225,Migrate VM,0.4179249999999999,Migrate VM
382,0,94591244395,5.468437685521637,0,144,168846390496,1.0,0.013094736092531853,0.00048420016149246584,3.613818718929389,0.028265844880507006,0.9924273551220808,0.013247228450258658,0.05573036080067758,0.06371085583058306,0.09716128443947634,0.06922109654327227,0.016061014045927247,0.06597559418656379,0.06498647992228261,0.00525525817245503,False,False,True,True,False,0.49,-0.11503483510492185,0.993725,0.6411175,Migrate VM,0.496275,Migrate VM
383,0,94591244395,296.5228163368431,0,144,168846390496,1.0,0.018227369584676155,0.00015691513714341445,3.563420465284891,0.016993947661087232,0.9902424763736805,0.11342411345988165,0.08742211239544709,0.004290810259241275,0.07986873180438538,0.18363975847755476,0.07136486764172352,0.07200587278206175,0.05220044469887944,0.010188861550143887,False,False,True,True,False,0.295,-0.1316179339564445,0.9946875,0.50490625,Migrate VM,0.3003125,Migrate VM
384,0,94591244395,71.38728431998324,0,144,168846390496,1.0,0.15492105397489914,0.002471511221099022,0.46193480317836166,0.003179111333300992,0.9960564546632495,0.00807570820368685,0.007305869848066745,0.06618384456004567,0.10376925057155699,0.20962953043650107,0.08433169348937798,0.023626029139752355,0.06896016857628101,0.029225701839355113,False,False,True,True,False,0.34,-0.13213685515137985,0.9947875,0.53643625,Migrate VM,0.3452124999999999,Migrate VM
385,0,94591244395,99.18390220374576,0,144,168846390496,1.0,0.1662000785986446,0.0016881358532736825,4.207292990087173,0.004940007230080063,0.9992049473876492,0.07689196009374222,0.06961931326552212,0.06806359301747258,0.049360309951867146,0.17110987422699456,0.08301290767019068,0.05770346362425512,0.06824718738275555,0.06653394905914385,False,False,True,True,False,0.29,-0.13302907729250568,0.9949,0.50147,Migrate VM,0.2950999999999999,Migrate VM
386,0,94591244395,24.35023962110317,0,144,168846390496,1.0,0.03433881484683379,0.0023654396761840523,4.550098653356602,0.030654196556131767,0.9839466719829965,0.04799276326318384,0.07914474605305642,0.05606205325088828,0.011137116339948235,0.14493217188115026,0.018521427598924636,0.0361279448698703,0.018237367073140096,0.0052010385010115455,False,False,True,True,False,0.39,-0.1278704944786161,0.9942,0.5712599999999999,Migrate VM,0.39580000000000004,Migrate VM
387,0,94591244395,28.806993189579444,0,144,168846390496,1.0,0.1707924280743578,0.0018463893002738472,4.377111415480956,0.014892459676906946,0.9902215509746779,0.044975915123553985,0.0642423635172229,0.026178128180238465,0.09674587090928839,0.19054762591168206,0.11354332986108431,0.017785345973179188,0.0401004087221485,0.021860768236161482,False,False,True,True,False,0.305,-0.13401620306070638,0.9949875,0.51199625,Migrate VM,0.3100125,Migrate VM
388,0,94591244395,13.52009643132281,0,144,168846390496,1.0,0.13271724453184458,0.0013612282869637446,3.4005460487085513,0.0027764864417753935,0.9999254363888085,0.1247790926295836,0.048514471321656594,0.06448923538356201,0.031575904085144206,0.17538804712682893,0.11398167235546959,0.05967490066981128,0.06176681292789074,0.04530034350079458,False,False,True,True,False,0.34,-0.13140801869349494,0.994675,0.5364024999999999,Migrate VM,0.3453250000000001,Migrate VM
389,0,94591244395,295.1963812003582,0,144,168846390496,1.0,0.12950715244149386,0.0003284202911137814,0.5363650949933187,0.024459713905020213,0.99375774076597,0.06517561626864453,0.09448614530620068,0.04911500460100627,0.05135593790085141,0.09843007352627027,0.078463075096225,0.05569072144552469,0.04294089460344598,0.04977476699412161,False,False,True,True,False,0.265,-0.14115817478541504,0.9984625,0.48503875,Scale Resources,0.2665375,Scale Resources
390,0,94591244395,261.6842529555055,0,144,168846390496,1.0,0.1322371031075693,0.0020588891845657493,0.29382817262561495,0.02392198941199139,0.9918960152444309,0.009373111254160172,0.07076012669617227,0.05335565409438295,0.06788233081743834,0.188759815486052,0.03892376603568337,0.014789851638691306,0.026686881196951943,0.04011740970748283,False,False,True,True,False,0.38,-0.1310060997549003,0.99465,0.564395,Migrate VM,0.38534999999999997,Migrate VM
391,0,94591244395,250.53609686478077,0,144,168846390496,1.0,0.15853498835216767,0.0017875550214810575,0.8172819608121906,0.011604234033914628,0.98597357526745,0.08617583949532187,0.02597592067867866,0.03912182971675129,0.10265176922274838,0.15954464203458327,0.038680807871871455,0.02438273328153664,0.04971362198681275,0.05375733502718006,False,False,True,True,False,0.275,-0.12968573992964294,0.9942375,0.49077125,Scale Resources,0.2807625,Scale Resources
392,0,94591244395,34.70165548921598,0,144,168846390496,1.0,0.1638734229887899,0.001271051831187637,2.2235464369225824,0.00628790026295879,0.9896165735519254,0.04176561992918968,0.028321353817357887,0.042250733707828565,0.05992876374727289,0.21144495739660302,0.12203458296192442,0.016076589438098244,0.007616889301426689,0.0768337248463932,False,False,True,True,False,0.28,-0.13206774460679283,0.99475,0.494425,Scale Resources,0.28525,Scale Resources
393,0,94591244395,358.15010530989923,0,144,168846390496,1.0,0.1619250130976539,5.875896979208855e-05,1.1802750064437935,0.001373376467741567,0.9970129924659878,0.07295976216168228,0.053578621280112294,0.04128594092015159,0.03272744589059812,0.14306537391143856,0.003975626358496076,0.04732083193398227,0.05588209603201168,0.06584571775852138,False,False,True,True,False,0.395,-0.09425287861119214,0.99105,0.573815,Migrate VM,0.40395000000000003,Migrate VM
394,0,94591244395,119.5623065923993,0,144,168846390496,1.0,0.15492429658641427,0.0017742294240049514,0.6026585360885641,0.006183488699680856,0.9939518126543103,0.03631833316596617,0.012593932413609382,0.011539439187186798,0.021470391324939633,0.11361531817409773,0.0787406434987947,0.012921595833970831,0.05421292207237429,0.02749294914299884,False,False,True,True,False,0.285,-0.07723905858174684,0.9865,0.49544999999999995,Scale Resources,0.2985,Scale Resources
395,0,94591244395,112.1609298218259,0,144,168846390496,1.0,0.04190599145139517,0.0019469604048273617,4.508589784189745,0.015605726065033956,0.9840338592503793,0.03269839566472036,0.016608078662677352,0.0627545158398109,0.011000358234138656,0.2298212544996303,0.07629414438175694,0.037924818607128166,0.06447378498793277,0.00269512943888995,False,False,True,True,False,0.28,-0.11277170994117924,0.9936125,0.49408375,Scale Resources,0.2863875,Scale Resources
396,0,94591244395,279.77498978652346,0,144,168846390496,1.0,0.021863258544096854,0.002084754044766502,2.485730476285898,0.001936992895147801,0.9972207532971874,0.0034276016051326525,0.014562449274106087,0.05940832025564498,0.06026527508997561,0.20958803663125197,0.08237620699513314,0.045673937943731896,0.022235781623537055,0.01307867240581823,False,False,True,True,False,0.36,-0.08217173574900194,0.98725,0.548175,Migrate VM,0.37275,Migrate VM
397,0,94591244395,346.02206072280575,0,144,168846390496,1.0,0.019649566714386592,0.0013117099382317049,1.280352420394325,0.00836976264978055,0.9932431100989253,0.10013138091551235,0.08096451802660723,0.06469348515723482,0.03797152193151048,0.11075240375744186,0.0012101216747639773,0.05470786790959961,0.023004886394242426,0.05493388105099875,False,False,True,True,False,0.43,-0.08439227053412646,0.9876625,0.59729875,Migrate VM,0.44233750000000005,Migrate VM
398,0,94591244395,60.94810152700225,0,144,168846390496,1.0,0.1536374075876866,0.0020264699650988384,4.1217110149972855,0.001455594747941416,0.9998743119494491,0.031093412847168697,0.03234388373669684,0.01856625913161281,0.03468258369937224,0.13141898458128706,0.03108872046516283,0.02884403696680194,0.0498842353032538,0.0817928636780178,False,False,True,True,False,0.425,-0.08973417852505472,0.9898125,0.5944437499999999,Migrate VM,0.43518750000000006,Migrate VM
399,0,94591244395,249.38694009607664,0,144,168846390496,1.0,0.1114355333976231,0.0003663008333270749,3.833587657898324,0.0011811205479260896,0.9877365394159469,0.007160225415778333,0.06955631444109306,0.02742997563257371,0.08453069936078716,0.08252152206096117,0.05908162306018833,0.033545979415334576,0.003468171482285037,0.042091335737438014,False,False,True,True,False,0.415,-0.11936807820678097,0.994025,0.5887074999999999,Migrate VM,0.4209749999999999,Migrate VM
400,0,94591244395,230.78317072147294,0,144,168846390496,1.0,0.10238479613914384,0.00018667010528902332,3.138098544712444,0.009786860966224872,0.9835739290447872,0.019525419028638195,0.051898958549565194,0.023113404786174546,0.09001889167557019,0.05722570439478871,0.1001842689112096,0.020984663359263425,0.04724069603598603,0.07819156404353782,False,False,True,True,False,0.28,-0.13195461869799074,0.99475,0.494425,Scale Resources,0.28525,Scale Resources
401,0,94591244395,138.8002063117496,0,144,168846390496,1.0,0.00877592659040071,0.0013276656672983763,4.675793338211437,0.03070421578100425,0.9870170489472548,0.09483105611427385,0.03603587795266776,0.01193435216207102,0.08632829736814548,0.11910306214821118,0.06990513332889761,0.06060711850923618,0.025607161928158782,0.0652654073462705,False,False,True,True,False,0.375,-0.1261446632507961,0.9941875,0.56075625,Migrate VM,0.3808125,Migrate VM
402,0,94591244395,131.8289281065451,0,144,168846390496,1.0,0.008010730608830473,0.0009373085776085734,4.462652577452534,0.01531302381761662,0.9851371881215765,0.0863142066160596,0.10031938063574498,0.06760822758691368,0.07414824337795939,0.08947691528209702,0.07527828173300943,0.059767547911853625,0.06553040706377986,0.0801118266007182,False,False,True,True,False,0.285,-0.1371862143675543,0.9957375,0.49822124999999995,Scale Resources,0.2892625,Scale Resources
403,0,94591244395,163.97149623902558,0,144,168846390496,1.0,0.02228587304441812,0.0014112958045204055,0.7348023041780726,0.001931572289299527,0.9916444718589411,0.08224168782323407,0.0889650696678327,0.0582921982314606,0.11113152155120291,0.18073900946766294,0.09116702142508788,0.0007425843645336479,0.04763929448329939,0.011787371902292652,False,False,True,True,False,0.225,-0.11013058144965515,0.993425,0.4555275,Scale Resources,0.23157499999999998,Scale Resources
404,0,94591244395,21.120167639714783,0,144,168846390496,1.0,0.029327278519810387,0.0020413967320904803,3.494127360557699,0.030063526503484487,0.9996496046450035,0.11209667211821943,0.01399649668770792,0.06540691796438453,0.10871980433905534,0.20713809265218389,0.019664321945521715,0.008555086925285013,0.07029139236624285,0.0170063801294995,False,False,True,True,False,0.315,-0.10800623416359623,0.993275,0.5184825,Migrate VM,0.32172500000000004,Migrate VM
405,0,94591244395,132.70382317533642,0,144,168846390496,1.0,0.08549715928013629,0.0003085618709152804,0.09692665080988708,0.03149950928246164,0.9979442893743963,0.1144877186733954,0.029758665074963775,0.01638939933773411,0.05520877499783973,0.1077961585411569,0.0007259038176054144,0.0570808612370337,0.07583507301649109,0.05172462308120994,False,False,True,True,False,0.355,-0.10742539990820665,0.993225,0.5464675,Migrate VM,0.36177499999999996,Migrate VM
406,0,94591244395,139.77313020448244,0,144,168846390496,1.0,0.07364097997897562,0.0002382283627008979,1.2502575124860384,0.015910962752042398,0.9905308090494443,0.06839547346483366,0.08843684808749747,0.01677219295004435,0.0035863476712040153,0.009089742115573604,0.01739346572703657,0.04178829647113998,0.061493710270883704,0.08676091370106628,False,False,True,True,False,0.38,-0.10401662557546343,0.992975,0.5638924999999999,Migrate VM,0.38702499999999995,Migrate VM
407,0,94591244395,228.64075271098963,0,144,168846390496,1.0,0.07558935983454251,0.0003831274425563576,1.8856058980349224,0.010533159621389348,0.9978337667468352,0.06107757812232718,0.023691590152131865,0.021504962250686734,0.01769181088187692,0.21843316098470064,0.006526768640518749,0.0009409971155927083,0.013923385247182785,0.07933209237124604,False,False,True,True,False,0.395,-0.0317028529638933,0.9667875,0.56653625,Migrate VM,0.4282125,Migrate VM
408,0,94591244395,188.44804318718926,0,144,168846390496,1.0,0.11734561638318494,0.000887014728623287,0.3226051275988255,0.027128880928709867,0.9865315840465847,0.004148542255905505,0.059709979490525346,0.00620195610774007,0.012414439291399406,0.19032403043554186,0.06373161424019912,0.017690671013176694,0.0265265221575232,0.07134550055451501,False,False,True,True,False,0.255,-0.12169891831982504,0.9941,0.47673,Scale Resources,0.2609,Scale Resources
409,0,94591244395,23.887492112376663,0,144,168846390496,1.0,0.021840115487476858,0.001528054514861535,2.8511639105437903,0.03081417893060678,0.989575834628859,0.008166479582334754,0.05605451679193377,0.047533148825035655,0.018097919739379457,0.13146668999591837,0.02563826699231897,0.06187709543856128,0.06354633050913033,0.04203288596784214,False,False,True,True,False,0.37,-0.10870306102005112,0.9933,0.55699,Migrate VM,0.37670000000000003,Migrate VM
410,0,94591244395,348.02754858460946,0,144,168846390496,1.0,0.18370760145932655,0.00032048495413189307,1.7272836117608201,0.019022244245662342,0.9847473113724686,0.048018781484488876,0.027327249234117515,0.07089241147335076,0.053357439434450885,0.1813577676331243,0.050131969732657294,0.009655330700223487,0.06567605510067721,4.07891849259063e-05,False,False,True,True,False,0.385,-0.12858879513868526,0.9942,0.5677599999999999,Migrate VM,0.39080000000000004,Migrate VM
411,0,94591244395,20.138714630802006,0,144,168846390496,1.0,0.0683220761056956,0.0017032007831084051,1.6051076178468315,0.002101238546917597,0.988630678071543,0.030742226933824078,0.0007426420301249513,0.03982289636719301,0.015121821467080762,0.0683645960175666,0.08312299800979055,0.053115255296875614,0.020045989216696685,0.03220675733114337,False,False,True,True,False,0.35,-0.10133192811685798,0.9926,0.5427799999999999,Migrate VM,0.35739999999999994,Migrate VM
412,0,94591244395,88.88732572588748,0,144,168846390496,1.0,0.17941661255928598,0.0004724038030311941,0.8604649879627426,0.014101728020139323,0.9864884522056377,0.019665074836621724,0.010145633705957667,0.047669001629154314,0.079349530603737,0.15460416423074685,0.10024958599926499,0.02390596346880389,0.06988164375173611,0.071733283651396,False,False,True,True,False,0.335,-0.13381906881923722,0.99495,0.532985,Migrate VM,0.34004999999999996,Migrate VM
413,0,94591244395,289.6950918892273,0,144,168846390496,1.0,0.13518040571750833,0.0008888098508116169,1.3295050982630754,0.013388198317926276,0.9849505203612051,0.05663041450314864,0.004663634735363411,0.0002938275899156057,0.12075828536647018,0.1639194585479999,0.07283709201465564,0.02498597421833433,0.04341148081207165,0.08722757207918559,False,False,True,True,False,0.29,-0.14068287117491085,0.9982875,0.50248625,Migrate VM,0.29171250000000004,Migrate VM
414,0,94591244395,234.85684821979126,0,144,168846390496,1.0,0.11296537461628203,0.001141101558424319,1.6238629277180783,0.02213469696009515,0.9996830159858967,0.053302112907613115,0.04094771028598396,0.03187856666780712,0.05516695484238333,0.23556360577659038,0.09162579461363766,0.02631052397922367,0.028267122887367782,0.042147140828491844,False,False,True,True,False,0.405,-0.09477017201981186,0.991225,0.5808675,Migrate VM,0.413775,Migrate VM
415,0,94591244395,13.21638752896189,0,144,168846390496,1.0,0.09896557537898437,0.002011862253150125,3.1029238192027724,0.006287314378804267,0.9954672416790854,0.09028362393912685,0.027469358062422178,0.046381047446622366,0.07920262123724318,0.19969559219626973,0.01764023378504817,0.014272063159451873,0.036976774982667895,0.004318953317422626,False,False,True,True,False,0.295,-0.1004226306358984,0.9924875,0.50424625,Migrate VM,0.30251249999999996,Migrate VM
416,0,94591244395,149.61391113661438,0,144,168846390496,1.0,0.1477910703749481,0.0003687452548583866,2.1605441653802173,0.03136258328855028,0.991765341410271,0.06253380019500843,0.058264023425551516,0.013850423083858903,0.01907813029937412,0.16107016815383682,0.05130668360838964,0.021235872850739867,0.002388546723857998,0.08277359332075657,False,False,True,True,False,0.4,-0.12429970372635257,0.9941625,0.57824875,Migrate VM,0.4058375000000001,Migrate VM
417,0,94591244395,11.638391704139789,0,144,168846390496,1.0,0.14062183576562237,0.0009471609624827295,2.8122513488901855,0.007848114149639727,0.9859233411950952,0.06693394346415112,0.07248643893392157,0.014556995839421313,0.056568994405930564,0.10573582545503403,0.027999250039354186,0.0413902857925436,0.01110405284741149,0.049871456737602765,False,False,True,True,False,0.395,-0.12153027239873648,0.994075,0.5747225,Migrate VM,0.400925,Migrate VM
418,0,94591244395,40.835344091759815,0,144,168846390496,1.0,0.09103920166033827,0.0007726264406933131,2.1243630196259073,0.013744113226679296,0.9984655535103402,0.06148117636172409,0.08525953569120587,0.016802729452654576,0.04564354588642369,0.017855726742365227,0.05454518531499343,0.048982756498663925,0.06377501793396792,0.055366447888905566,False,False,True,True,False,0.415,-0.12070200544705145,0.9940375,0.58871125,Migrate VM,0.4209624999999999,Migrate VM
419,0,94591244395,230.42616105350825,0,144,168846390496,1.0,0.03323757705317778,9.22543520039944e-05,3.7188431351200575,0.005292900119095986,0.9848528400376836,0.11765308421532959,0.10033414255849961,0.04588829930145529,0.04908603315355293,0.19813850412572914,0.026539623634546875,0.031453302480557846,0.02716497275592972,0.08929426566080342,False,False,True,True,False,0.425,-0.11382462220742373,0.993675,0.5956025,Migrate VM,0.43132499999999996,Migrate VM
420,0,94591244395,331.1198695304185,0,144,168846390496,1.0,0.12204111118568745,0.00027458607169055275,2.265032458233338,0.007773661838782323,0.9980819295489576,0.017367929368732368,0.005824645914000679,0.05245382207831393,0.05876340473830302,0.19935727551889754,0.00967488626731068,0.05867941343920768,0.002840751825471687,0.002746237675438078,False,False,True,True,False,0.4,-0.07568330020341307,0.9860875,0.57582625,Migrate VM,0.4139125,Migrate VM
421,0,94591244395,166.07367062317067,0,144,168846390496,1.0,0.041492116815122215,0.0014721571333093152,0.12127168036759939,0.0011213800474577159,0.9954524792730568,0.026373265019787154,0.0684116687191656,0.05584137188909457,0.0076916135253803,0.18304207803910377,0.03479777019957102,0.028534526750112733,0.006592261229039401,0.08204760522112323,False,False,True,True,False,0.435,-0.06136006149613582,0.9746375,0.59689125,Migrate VM,0.4603625,Migrate VM
422,0,94591244395,201.86236307727503,0,144,168846390496,1.0,0.09462473959634479,0.002401583202693094,1.571293515750278,0.028225912284996154,0.9953281358065178,0.11651939986036397,0.09454230375188648,0.0737949439777713,0.017070399250910806,0.1892871010491244,0.10429357970632915,0.04720083289234199,0.021218160448915516,0.09442555828099695,False,False,True,True,False,0.28,-0.14543975728708514,0.9989,0.49567,Scale Resources,0.2811,Scale Resources
423,0,94591244395,73.59196964047544,0,144,168846390496,1.0,0.09367038344220732,0.0012930550511644906,0.7601704683473429,0.022894599674880476,0.9848144672184036,0.08697564900566637,0.08839005623436373,0.026017067785676723,0.09196837142728889,0.0372797568203139,0.10966770502233364,0.0697370192078656,0.011618260615199856,0.06768827029200034,False,False,True,True,False,0.27,-0.1515559830525186,0.998975,0.4886925,Scale Resources,0.27102500000000007,Scale Resources
424,0,94591244395,182.0991947603493,0,144,168846390496,1.0,0.099656124718571,0.0017517788585298085,2.295789398747885,0.01902240020699402,0.9871816958813553,0.0474981422351455,0.09011815500373882,0.008183658704286525,0.07746886317279365,0.043822167631050554,0.10974426916438244,0.04241539372423102,0.030667447295124203,0.024441668679716994,False,False,True,True,False,0.315,-0.13194660029138916,0.99475,0.518925,Migrate VM,0.3202499999999999,Migrate VM
425,0,94591244395,157.26409170826838,0,144,168846390496,1.0,0.17955231111032668,0.001262611535390269,2.20536069992776,0.023647001586402934,0.989650794383646,0.05363669683562698,0.03520387810643656,0.011237921234244231,0.09253727850136902,0.20760061282291248,0.11739982830759486,0.0645194603306069,0.034375630310221256,0.027791697479072466,False,False,True,True,False,0.315,-0.1422561046706562,0.99865,0.520095,Migrate VM,0.3163499999999999,Migrate VM
426,0,94591244395,229.65254985629645,0,144,168846390496,1.0,0.17900717098238095,0.0018027607777007437,2.3244811576424715,0.021826114168269295,0.9962089688229858,0.1153575196100167,0.07951303442407989,0.03225662096409942,0.035469985670208024,0.11886834507974167,0.04254455287732068,0.06905819691579321,0.03865044729453804,0.04618376717214819,False,False,True,True,False,0.365,-0.12146757828081989,0.994075,0.5537225,Migrate VM,0.37092499999999995,Migrate VM
427,0,94591244395,125.35063853575065,0,144,168846390496,1.0,0.11988881067967505,0.0012894948238510485,0.606189070707042,0.027542382045024034,0.9893168907239466,0.05428352368127228,0.021557684537357902,0.04120763020592192,0.09101348587636171,0.20953491755118778,0.006690349145574089,0.07129727527506194,0.05355255849126442,0.027814443421029827,False,False,True,True,False,0.375,-0.13294950541447947,0.9949,0.56097,Migrate VM,0.3801,Migrate VM
428,0,94591244395,73.61091180502778,0,144,168846390496,1.0,0.05551648474773711,0.0021714086097075506,1.368764142588621,0.01466530367957394,0.9950956389145382,0.10942450926613212,0.06863557394266054,0.05607868773022434,0.022469855672156352,0.20864141215116436,0.03574386877471112,0.009403794544115426,0.07428113322371957,0.019727500004351844,False,False,True,True,False,0.3,-0.09332585188609488,0.9907875,0.5072362499999999,Migrate VM,0.3092124999999999,Migrate VM
429,0,94591244395,49.19470922807153,0,144,168846390496,1.0,0.11737891876908499,0.0007906381499193488,0.62638903876491,0.019047582476131246,0.9959830909511972,0.0995371006695504,0.016344294138131772,0.04146593157267636,0.1054841833085585,0.03830535867362218,0.02692365129155966,0.0001766366280306144,0.0399187171187583,0.0190467397120936,False,False,True,True,False,0.305,-0.09552043784322595,0.99145,0.510935,Migrate VM,0.31355,Migrate VM
430,0,94591244395,260.7273272616837,0,144,168846390496,1.0,0.18041509792830107,0.0005176203454948156,3.0490414450795047,0.006712348410925656,0.9836334632580223,0.09518966206696694,0.045292627731642006,0.07050048651415264,0.06926411216263388,0.037448318940995165,0.058308161277918595,0.01486197257192952,0.06680808279656886,0.06759471108346458,False,False,True,True,False,0.21,-0.14464583840851963,0.9989,0.44667,Scale Resources,0.21109999999999995,Scale Resources
431,0,94591244395,122.84596967569328,0,144,168846390496,1.0,0.09896631052633884,0.0016600117581880942,3.67736344551496,0.0025396056576942765,0.9837086629032319,0.014362472252276211,0.04123783657407273,0.03475232326050734,0.017690704502820676,0.09776932527202528,0.05725139149368457,0.00799091973925166,0.06974744057185522,0.05861761386031093,False,False,True,True,False,0.375,-0.10166429937059018,0.9926375,0.5602912499999999,Migrate VM,0.38236250000000005,Migrate VM
432,0,94591244395,139.87279096426155,0,144,168846390496,1.0,0.09504509690103874,0.0007790693901242076,4.0130992380086035,0.01822036543986321,0.9915816049349738,0.11430544365017997,0.08728450007277909,0.060523578341036145,0.029247677599391907,0.03641159926029773,0.08946319628112036,0.03432838852084743,0.052022793495852836,0.07441618365502393,False,False,True,True,False,0.29,-0.1348014927811716,0.99505,0.5015149999999999,Migrate VM,0.29495000000000005,Migrate VM
433,0,94591244395,106.31286264411034,0,144,168846390496,1.0,0.05337195621052663,0.0012170429918968695,1.284959226586594,0.02114442737383779,0.9957788447902898,0.05923535602328311,0.07541587231367591,0.03800865687660809,0.09241574325304734,0.05349586751783117,0.09578263119883917,0.0523833584907048,0.020285674640527947,0.054393581546219615,False,False,True,True,False,0.31,-0.11860523239548815,0.9939875,0.51519625,Migrate VM,0.31601250000000003,Migrate VM
434,0,94591244395,307.91220043478455,0,144,168846390496,1.0,0.04678549630733231,0.0018249010452634049,4.481123784416582,0.027448402557015857,0.99002534422392,0.07619745477439042,0.10327050913659133,0.04232749279042825,0.014912025608038245,0.010803114051394806,0.10245532340675759,0.031031085110337704,0.01877966549106358,0.03401459294794294,False,False,True,True,False,0.28,-0.13602680225692,0.995225,0.4945675,Scale Resources,0.284775,Scale Resources
435,0,94591244395,272.6542319567228,0,144,168846390496,1.0,0.08723387543134296,0.0021534907155678117,3.4522090513782815,0.03086335570684249,0.9981417312186823,0.03194269210400603,0.06868630725835013,0.001529693733174776,0.12848575944143473,0.062065417474054946,0.08618315300637772,0.06220112469155572,0.012209543356854112,0.08295251895828551,False,False,True,True,False,0.37,-0.13797937178633346,0.9966,0.55798,Migrate VM,0.37339999999999995,Migrate VM
436,0,94591244395,4.408439684696073,0,144,168846390496,1.0,0.08287071339101389,0.0011704424081620552,1.7572382375421693,0.018580634580989026,0.9985807071652549,0.041033301941003075,0.06039142822913105,0.06533839608196129,0.10021009638643355,0.009686083964978784,0.12222214251752653,0.0034169199021564715,0.044797851423368854,0.0562898866467372,False,False,True,True,False,0.28,-0.12302729667047829,0.99415,0.494245,Scale Resources,0.28585000000000005,Scale Resources
437,0,94591244395,283.1004830528338,0,144,168846390496,1.0,0.02783307222168331,0.00044475843368818325,3.5329159855789074,0.0047373216820651735,0.9911574272173699,0.0918132613204148,0.0678737242645604,0.01568219647570655,0.03940500423884556,0.23041541888593112,0.05816506330621175,0.003256542710593132,0.01670792375695621,0.033502235321594756,False,False,True,True,False,0.43,-0.0836804595915922,0.9875125,0.5972537499999999,Migrate VM,0.4424874999999999,Migrate VM
438,0,94591244395,359.8161855460509,0,144,168846390496,1.0,0.05675466515192224,6.544991191350512e-05,2.4093765950220085,0.002649184033188168,0.9879011381833134,0.12453245910944451,0.07342412386139058,0.0037727836746277977,0.0581671502861923,0.04081419367687969,0.015938381970099218,0.04300297150735065,0.038474685972930155,0.0726785655782666,False,False,True,True,False,0.415,-0.11568139116982479,0.9938375,0.58865125,Migrate VM,0.4211624999999999,Migrate VM
439,0,94591244395,321.2302421634695,0,144,168846390496,1.0,0.04625284826843661,0.002288607754997238,2.4331931192174463,0.008201640751980377,0.997429766419545,0.004458588346415421,0.0583384278271011,0.05373402543558101,0.03629593551755666,0.20533230656898785,0.03115017166579345,0.06152140635239697,0.00597638212096997,0.01564656187099058,False,False,True,True,False,0.35,-0.08168112248635073,0.987225,0.5411674999999999,Migrate VM,0.36277499999999996,Migrate VM
440,0,94591244395,137.15445020468692,0,144,168846390496,1.0,0.1601354086496586,0.0003585071080490368,4.112247364208333,0.0072794484758605974,0.9908751486787201,0.04426403412837246,0.012458103712655202,0.07031603284993597,0.056804851657574554,0.16415592005882165,0.07457693757534192,0.036751058377136825,0.046914573587117585,0.08788957747133581,False,False,True,True,False,0.33,-0.12411073752399981,0.9941625,0.5292487499999999,Migrate VM,0.3358375,Migrate VM
441,0,94591244395,251.75245524987943,0,144,168846390496,1.0,0.09984001489785396,0.001599772927981858,2.84845140221465,0.013724209124389111,0.9937460727997229,0.05566281183700686,0.07893078983575298,0.07214802428571707,0.12443567012476286,0.19516519921336206,0.0780112242037565,0.05488911695332158,0.013547458634218853,0.04686490831347417,False,False,True,True,False,0.27,-0.12941424762998777,0.994225,0.4872675,Scale Resources,0.275775,Scale Resources
442,0,94591244395,92.62971539689116,0,144,168846390496,1.0,0.0006553089580025803,0.002397077268740985,4.057806490593011,0.016277446462867644,0.9875692166569134,0.08696026807675969,0.04537541170847473,0.05981972844089925,0.12957620031886818,0.08300938957400719,0.031684085958701994,0.019585963140999876,0.0071025920253222855,0.038551622778390734,False,False,True,True,False,0.35,-0.10537539806133855,0.993025,0.5429075,Migrate VM,0.35697499999999993,Migrate VM
443,0,94591244395,6.27301897808735,0,144,168846390496,1.0,0.021449167012739176,0.0006736840657319341,0.7509327888433344,0.023199751986722795,0.9850934273971605,0.10867211181215959,0.02316339575650129,0.008085971234455114,0.00131021196118122,0.17007072124261977,0.03326745412435689,0.03732114599426578,0.008492716950862877,0.09639670956112156,False,False,True,True,False,0.37,-0.09734785210997232,0.9919625,0.55658875,Migrate VM,0.3780375,Migrate VM
444,0,94591244395,45.138506065183904,0,144,168846390496,1.0,0.07723611124535217,0.0021117102680869738,1.1503218189946365,0.00845947173463721,0.9968083283086637,0.034300923778489874,0.00047773502494474155,0.03186369256577996,0.0016250479343921434,0.21634220811762775,0.08320381397440584,0.042706222013108114,0.015338678506018449,0.06847943602929227,False,False,True,True,False,0.4,-0.09446816435780625,0.9911,0.5773299999999999,Migrate VM,0.40890000000000004,Migrate VM
445,0,94591244395,243.81167172420447,0,144,168846390496,1.0,0.011336920111005927,0.002184105854136889,2.7217123563795824,0.02511071037746394,0.9877152462511459,0.015315568621405134,0.07319659016424011,0.05911479963569933,0.0500448745976181,0.005633856483907995,0.10607736501250051,0.015096529586390118,0.025796490788586948,0.061463161031939134,False,False,True,True,False,0.3,-0.12348712643072979,0.99415,0.508245,Migrate VM,0.30584999999999996,Migrate VM
446,0,94591244395,35.98369891606898,0,144,168846390496,1.0,0.01349920615096184,6.373386964389012e-05,4.305786151269731,0.009866711272050214,0.9943443189789684,0.12413743115115222,0.069766475757688,0.03910007635159544,0.0675313683343881,0.0896282477040301,0.0777546380156617,0.07023217152401029,0.05996122531264647,0.041504332887049585,False,False,True,True,False,0.315,-0.12140926023886622,0.994075,0.5187225,Migrate VM,0.3209249999999999,Migrate VM
447,0,94591244395,119.68013845171197,0,144,168846390496,1.0,0.16566216180433527,0.0003366881815234535,3.990806632393453,0.008082556926157182,0.9952604917828834,0.10117123498981022,0.04976148789937955,0.014318020684422283,0.10951456830530305,0.0873909004106271,0.04157256306548285,0.037359058904398106,0.03310513501489426,0.06682660978104375,False,False,True,True,False,0.52,-0.10697192862178784,0.9932125,0.66196375,Restart Task,0.5267875,Restart Task
448,0,94591244395,49.39121101415954,0,144,168846390496,1.0,0.08169181013397618,0.002211022099671825,0.16939947913924497,0.014491571449994477,0.9943422048354525,0.11139733855946789,0.06190139338162705,0.061393482111326954,0.02886936793637234,0.08389560324363653,0.12213677672260514,0.06489832594159298,0.04245390241945346,0.04651953805671025,False,False,True,True,False,0.33,-0.12893160014081684,0.994225,0.5292675,Migrate VM,0.33577499999999993,Migrate VM
449,0,94591244395,162.38426092360507,0,144,168846390496,1.0,0.011023061543815507,0.0022126965239401123,3.8431416478906217,0.01445712196783863,0.9879906776649844,0.043032517505673024,0.012981408768666438,0.05374655056109506,0.07216594087661851,0.05566814790806828,0.08076561493487627,0.07172933040380666,0.009312883521263577,0.044856012660858494,False,False,True,True,False,0.315,-0.1149907999935933,0.9937125,0.51861375,Migrate VM,0.32128749999999995,Migrate VM
450,0,94591244395,177.89717553196562,0,144,168846390496,1.0,0.03127447759196295,0.0013180814252786548,2.846492500510675,0.004985739137222527,0.9859120784187829,0.10746172847552504,0.032546969676053,0.04693644605932189,0.08125402909754363,0.19954893379333166,0.0959189573202976,0.06157283940592147,0.04757176409940863,0.043972770353019455,False,False,True,True,False,0.235,-0.12035833017040842,0.9940375,0.46271124999999996,Scale Resources,0.24096249999999997,Scale Resources
451,0,94591244395,141.6839476727069,0,144,168846390496,1.0,0.07106808124901923,0.0010374279542577634,0.6074119305801319,0.013433868494806218,0.9898240914912221,0.004338338609758539,0.028778207121052612,0.055989166820255405,0.0749240962935818,0.19170096236337242,0.07035335731596341,0.06256226137069641,0.06057168975595263,0.009615699140643023,False,False,True,True,False,0.315,-0.12199174768726184,0.9941,0.5187299999999999,Migrate VM,0.32089999999999996,Migrate VM
452,0,94591244395,351.72229248575724,0,144,168846390496,1.0,0.0027651462939991475,0.001479891680352189,3.7227107717599845,0.010516651006097374,0.9933095029188472,0.04544213399794639,0.006479998615472009,0.0006300691704701968,0.012297787594980713,0.02340110953928847,0.07919493940334014,0.03852001332320265,0.034655598412637115,0.06769433623928248,False,False,True,True,False,0.375,-0.05172438010056213,0.9725375,0.5542612499999999,Migrate VM,0.40246249999999995,Migrate VM
453,0,94591244395,6.057409324481422,0,144,168846390496,1.0,0.05080940276544955,0.001927586652133743,4.274488807622178,0.013889467912576382,0.9846914142683932,0.10023109667076241,0.0921898214801822,0.030802339492574327,0.0315482519120281,0.010456153527624199,0.0766271919985763,0.06664860659202151,0.05157960075430294,0.031038107667678862,False,False,True,True,False,0.32,-0.14356533385859316,0.99885,0.523655,Migrate VM,0.32115000000000005,Migrate VM
454,0,94591244395,231.43979674438808,0,144,168846390496,1.0,0.15601282639650477,0.0011798459570966393,3.850652637814493,0.012418349107531828,0.9891417716651528,0.07315824064979902,0.04848189361262897,0.07275857806167733,0.06694403903648945,0.0915912002354016,0.05119866001007147,0.04013700270561691,0.027004786239301727,0.07072577497382208,False,False,True,True,False,0.31,-0.1382172634952168,0.99675,0.516025,Migrate VM,0.31325000000000003,Migrate VM
455,0,94591244395,137.03865397259074,0,144,168846390496,1.0,0.07202707247348308,0.0015298180087849234,0.2858195821138642,0.02076607608089334,0.9917495448208994,0.05684946844319673,0.07494325004602782,0.056461917361201805,0.10970813439258201,0.08912554679594571,0.0423967320767933,0.052326082134255054,0.044268760063055385,0.06181248569861422,False,False,True,True,False,0.37,-0.12292958588475322,0.9941375,0.55724125,Migrate VM,0.3758625,Migrate VM
456,0,94591244395,199.9882465581007,0,144,168846390496,1.0,0.14487994185072273,0.00047121649749716596,2.6103791783889947,0.0050097339425961345,0.9901208750763265,0.08332344366109923,0.05143244064449643,0.02826548307739631,0.11472633563273604,0.1837725209766953,0.06822763838749978,0.0695920894929433,0.03228939202199389,0.07710134115258925,False,False,True,True,False,0.27,-0.12391677142920587,0.9941625,0.48724874999999995,Scale Resources,0.27583750000000007,Scale Resources
457,0,94591244395,60.45704632851045,0,144,168846390496,1.0,0.05358608945823693,0.0008383011927302025,0.4970780251614274,0.015900570331567037,0.9865376817407876,0.07958289726004017,0.01993874609553136,0.009196632931757563,0.12563111629761448,0.15652491646973082,0.12140025285893735,0.035884639568039486,0.0025415491115907546,0.056193768380269266,False,False,True,True,False,0.295,-0.11587483794019882,0.99385,0.504655,Migrate VM,0.30115000000000003,Migrate VM
458,0,94591244395,200.99839926085505,0,144,168846390496,1.0,0.0028079261131113697,0.0021354954866835757,2.9122246223223622,0.02359685271686233,0.9915653598131993,0.07760225905391777,0.026942418700918284,0.07250881815660093,0.051948809572219284,0.03860012919503192,0.007248800575421657,0.0466000600447436,0.07482406858356076,0.08764031181141616,False,False,True,True,False,0.32,-0.10690374095320754,0.9932125,0.5219637500000001,Migrate VM,0.3267875,Migrate VM
459,0,94591244395,252.7576442951089,0,144,168846390496,1.0,0.18573711168616142,0.0017922911465734854,1.5935841897196539,0.01905065659421297,0.9846627920014746,0.02781855468124658,0.04358120337111154,0.015027988412287306,0.12361060519378872,0.2367460915647677,0.048087640035303796,0.05195154268497872,0.031026734055017918,0.01364892306886744,False,False,True,True,False,0.305,-0.13512459585154424,0.9950875,0.51202625,Migrate VM,0.30991250000000004,Migrate VM
460,0,94591244395,121.29366517275909,0,144,168846390496,1.0,0.04375719350918685,0.0008134874086945287,1.0100339820304838,0.003559853180609933,0.9869571529280136,0.11366189315442851,0.009037784077999154,0.024182318443688115,0.06850754247580551,0.08430061697209949,0.06710189635132548,0.0031805512139683654,0.049348803181206505,0.05512811034378391,False,False,True,True,False,0.205,-0.09504785081182776,0.9913,0.44089,Scale Resources,0.2137,Scale Resources
461,0,94591244395,245.14785570768896,0,144,168846390496,1.0,0.10636084046760694,0.0010858052390162482,1.6447403928084068,0.007174998241452619,0.9916678033929863,0.0032692774712008263,0.03429882418091838,0.050476330453413445,0.014093932635121282,0.014955095219536339,0.08454756821526244,0.029137289662584318,0.06100980354133926,0.0917021205573539,False,False,True,True,False,0.315,-0.10964310985284564,0.9933875,0.51851625,Migrate VM,0.3216125000000001,Migrate VM
462,0,94591244395,344.5345633437277,0,144,168846390496,1.0,0.0797986601051586,0.0006554134207869245,2.8588769934849685,0.019905400467312463,0.9937057549372639,0.040379445178590066,0.0068060546279669655,0.01563756734419133,0.02001872956049954,0.029462631052964882,0.12008213952368293,0.0010143502099119817,0.045794557112686506,0.09269637085754584,False,False,True,True,False,0.37,-0.0940396053651682,0.9910125,0.55630375,Migrate VM,0.37898750000000003,Migrate VM
463,0,94591244395,129.61912589788602,0,144,168846390496,1.0,0.09883089171983672,0.001725232625041369,1.4898598000147398,0.015135245410908629,0.9969517170792844,0.09353340135597057,0.08421492407232464,0.07352020261387575,0.048008762009548595,0.17765304934068432,0.07814419070584788,0.048829287434866246,0.05629602409707359,0.07335017866629512,False,False,True,True,False,0.235,-0.13017201356684094,0.994275,0.4627825,Scale Resources,0.24072499999999997,Scale Resources
464,0,94591244395,318.86825374613505,0,144,168846390496,1.0,0.0654978141067604,0.0016203418024930318,1.3166246756800264,0.018839957745778287,0.9958529229578301,0.0992613667693074,0.043849829416553965,0.03788077833896844,0.04327985131136762,0.04019565467031253,0.0337731304094811,0.0668147036780077,0.023509082684385535,0.09536585928333177,False,False,True,True,False,0.305,-0.10718065870245108,0.993225,0.5114675,Migrate VM,0.3117749999999999,Migrate VM
465,0,94591244395,86.93211067753742,0,144,168846390496,1.0,0.1355758289026959,0.0014230237610690524,3.273448535932841,0.020404942943958428,0.9951124810543989,0.11363554269917625,0.058750069105354456,0.005052216500419565,0.035109449631665936,0.16840949387649803,0.06405117857790102,0.04018183449836381,0.045393015583534646,0.037434644788064124,False,False,True,True,False,0.36,-0.11339548493110985,0.99365,0.550095,Migrate VM,0.36634999999999995,Migrate VM
466,0,94591244395,278.60238903162787,0,144,168846390496,1.0,0.13566279073060283,0.001771143409444865,3.3600684138014896,0.028212563132601228,0.9932565527551132,0.12135622815953041,0.012568958484359414,0.04705749215359586,0.0929414052470477,0.11347965826893217,0.03736295244351398,0.04029064627055054,0.027753167215207694,0.0889444145327451,False,False,True,True,False,0.435,-0.14099708182626058,0.9983375,0.60400125,Migrate VM,0.43666249999999995,Migrate VM
467,0,94591244395,128.44526851197176,0,144,168846390496,1.0,0.0329450611316492,0.001429187550001285,1.860119213586885,0.003038701802495508,0.9927473794332763,0.06749342171366468,0.018182538145650354,0.044501865608582054,0.07355166384724772,0.18395964229553458,0.046873445494736043,0.01822181730527837,0.07237705956208053,0.054906877485712324,False,False,True,True,False,0.385,-0.07818597610469524,0.986725,0.5655174999999999,Migrate VM,0.39827500000000005,Migrate VM
468,0,94591244395,9.77038519830491,0,144,168846390496,1.0,0.15388344077095184,0.00048787208403514455,3.692294474331924,0.022344314823826972,0.9994802292334117,0.12116888696767247,0.028703351910773948,0.05707205133621646,0.04107667249734854,0.14961884580567011,0.07749100857199437,0.003995352468114302,0.00039427247222912455,0.005651358953857267,False,False,True,True,False,0.37,-0.1074509963712903,0.993225,0.5569675000000001,Migrate VM,0.37677499999999997,Migrate VM
469,0,94591244395,46.05913711142679,0,144,168846390496,1.0,0.048309842127707565,0.002248843746595969,2.43620366947644,0.02525091979869091,0.9973051984384189,0.09222674625867631,0.04086246571449962,0.0643254675589599,0.09619834448569552,0.17671618795813504,0.11687889837034114,0.04385253783174843,0.04021852730833474,0.08708930941785256,False,False,True,True,False,0.28,-0.14248977675527763,0.998725,0.4956175,Scale Resources,0.28127500000000005,Scale Resources
470,0,94591244395,163.60622213911086,0,144,168846390496,1.0,0.15216950550540803,0.00013351491656923034,0.006059331714516613,0.016739879001199613,0.9845602129548153,0.12254470432492058,0.0007511006123212698,0.05347549783498221,0.03155206871642656,0.23007706375365788,0.049462552852395716,0.0019985309568063482,0.0020495066640691373,0.05413944271462591,False,False,True,True,False,0.29,-0.1291731972415825,0.994225,0.5012675,Migrate VM,0.2957749999999999,Migrate VM
471,0,94591244395,355.2163124512612,0,144,168846390496,1.0,0.18370753782107238,0.0008362862853546842,2.2674321486542883,0.0031831193271038695,0.9920362885279899,0.07525552292744443,0.026276304556088315,0.045579810291535156,0.1166349734254665,0.00022717157091553644,0.02967867044861292,0.015376761763158676,0.009426336874067878,0.016250559841329306,False,False,True,True,False,0.35,-0.11324656399850819,0.99365,0.543095,Migrate VM,0.35634999999999994,Migrate VM
472,0,94591244395,225.32851633153956,0,144,168846390496,1.0,0.019255198153245494,0.0018312284311807992,4.16666321415693,0.029360565769843,0.9943362689733549,0.024770936295331697,0.009045569661597547,0.01727724875760129,0.12470685196578554,0.22883892248661955,0.04951145687515616,0.02386446900224703,0.03880602875851126,0.028537388182087252,False,False,True,True,False,0.42,-0.09395549961356264,0.990975,0.5912925,Migrate VM,0.429025,Migrate VM
473,0,94591244395,352.67848259600277,0,144,168846390496,1.0,0.041479010629608265,0.0009153089272262373,2.0169089852424977,0.00396287408013272,0.9897137569225706,0.10750966555967147,0.014769335290909647,0.04348796264696951,0.05271589851315159,0.040552434384375224,0.0015992439752266336,0.020022597183250102,0.004704483613512074,0.036861251572103286,False,False,True,True,False,0.305,-0.056798776459130784,0.9735875,0.50557625,Migrate VM,0.3314124999999999,Migrate VM
474,0,94591244395,291.67554805176445,0,144,168846390496,1.0,0.13494098641455232,0.0023490883354421086,2.005844552590487,0.02242793528672144,0.9944223673542837,0.02723676753499644,0.031735672771443325,0.03945263859529221,0.1032775967754259,0.10981582113449617,0.029524110280567624,0.0727720894490409,0.008794238079076915,0.09351966573198271,False,False,True,True,False,0.365,-0.13108168625338146,0.99465,0.553895,Migrate VM,0.37034999999999996,Migrate VM
475,0,94591244395,291.25666383497594,0,144,168846390496,1.0,0.1572925348702222,0.001971040454900605,0.9778535661018201,0.02004448797638218,0.9959458340738732,0.09357482840338106,0.028407597121362392,0.013486673161113972,0.04253742784634414,0.11410364352724112,0.07438417399678034,0.06130722704063231,0.058514794387983245,0.06615138082393812,False,False,True,True,False,0.295,-0.11582468511884281,0.99385,0.504655,Migrate VM,0.30115000000000003,Migrate VM
476,0,94591244395,94.85614545939382,0,144,168846390496,1.0,0.08979009355030187,0.0008317311026884854,1.1035419098919064,0.0003246423080357864,0.988991043341814,0.03213959023567271,0.059626634090539636,0.004639169906379937,0.03506980123367109,0.010645869933768688,0.08315256525796742,0.041620301319613716,0.025678407343710106,0.01441452293828642,False,False,True,True,False,0.365,-0.103350019385129,0.9929125,0.55337375,Migrate VM,0.3720875,Migrate VM
477,0,94591244395,344.85113979674463,0,144,168846390496,1.0,0.109573583885365,0.0016838977366326723,2.4959356477519727,0.02555642800478436,0.9982730024727968,0.04802568833231975,0.07190512917746913,0.017118086617834736,0.08450562256910216,0.09491640224540095,0.0008791575395734703,0.06999311621147015,0.06607856535443969,0.02845407741197195,False,False,True,True,False,0.425,-0.11075186601677878,0.9934625,0.59553875,Migrate VM,0.4315374999999999,Migrate VM
478,0,94591244395,359.1926331238298,0,144,168846390496,1.0,0.05946143897935015,0.0011377285812316613,3.9986689266247484,0.009651672446180164,0.9908423468065519,0.08352338962435384,0.013740944108320887,0.0314494293093198,0.0401114933444882,0.16093217136531562,0.017626891143080425,0.01704775130177,0.05412767181939924,0.015284256069182855,False,False,True,True,False,0.355,-0.07497665478813265,0.9859,0.5442699999999999,Migrate VM,0.3691,Migrate VM
479,0,94591244395,151.9269344063603,0,144,168846390496,1.0,0.13366513539236602,0.0018980195994548548,0.44569092275116196,0.026996983095323886,0.9953995427395081,0.04257749477254963,0.07957406136383427,0.054231238752173096,0.0778987405458869,0.13280289621515928,0.09524598452287107,0.07319651967973555,0.04402127329555926,0.07912114519371807,False,False,True,True,False,0.27,-0.14569189146726846,0.9989,0.48867,Scale Resources,0.2711,Scale Resources
480,0,94591244395,267.93853823360985,0,144,168846390496,1.0,0.16046407538134233,0.002366795196150503,0.90698106943586,0.005242880312213109,0.9931058703816756,0.05638126521573811,0.05950401501834071,0.05942456885207034,0.1207862277602905,0.0992585482771962,0.09307183466398061,0.01441568464941343,0.04067334883069708,0.0021332766950357012,False,False,True,True,False,0.255,-0.13425396749298446,0.9949875,0.47699625,Scale Resources,0.2600125,Scale Resources
481,0,94591244395,181.3502041679149,0,144,168846390496,1.0,0.10225058608603123,0.0018235758524166325,3.050862979494527,0.01135643243991089,0.9834288641487003,0.014492123789598571,0.10132572026443605,0.06867959308744342,0.042144645897482465,0.061553409054166654,0.056576428698586395,0.05053861249625459,0.02715054433902746,0.006583712915084439,False,False,True,True,False,0.3,-0.1395557284806238,0.9975125,0.50925375,Migrate VM,0.3024875,Migrate VM
482,0,94591244395,145.0062332799827,0,144,168846390496,1.0,0.048860436465268484,0.0008056812564364754,0.7654686236061538,0.02087650924570542,0.9921105230780857,0.033990147043411155,0.05775145157785865,0.03668845053369326,0.10318912325111348,0.22732633748470615,0.016939951237223222,0.06474730972757747,0.05362706423629006,0.06775617495942875,False,False,True,True,False,0.45,-0.0966029700634522,0.991725,0.6125175,Migrate VM,0.458275,Migrate VM
483,0,94591244395,134.74832297129,0,144,168846390496,1.0,0.06448278664967269,1.3983402765792685e-05,4.613768536989162,0.019218206670040386,0.9900388198984627,0.06823661485658686,0.004391923350235848,0.012930552090810303,0.08081155277235516,0.122287823415978,0.10203533471058915,0.04825338455267754,0.045762442879264204,0.07976175427066987,False,False,True,True,False,0.345,-0.13387086160548467,0.99495,0.5399849999999999,Migrate VM,0.35005,Migrate VM
484,0,94591244395,24.574717998684225,0,144,168846390496,1.0,0.12954127433086599,0.0017743452592386272,1.2925418727011346,0.0061995036951603515,0.9868975537530783,0.02486435639747193,0.054624704509136215,0.01009912718910588,0.08546894346036989,0.024986871146509163,0.003485937257018077,0.02338824411431816,0.014598351908318813,0.09672603606887728,False,False,True,True,False,0.38,-0.10097308200327282,0.9925625,0.5637687499999999,Migrate VM,0.3874375,Migrate VM
485,0,94591244395,109.07866822219826,0,144,168846390496,1.0,0.04163701612978383,0.00048790124997896917,1.756121165944406,0.019197390461591416,0.9963657580499912,0.04575004671385185,0.06524689241424891,0.03589557348027665,0.10973853243665882,0.13531413353328023,0.037581171330029826,0.051538281911005505,0.06239761921231886,0.04553652029802994,False,False,True,True,False,0.38,-0.09684177042468889,0.9918,0.5635399999999999,Migrate VM,0.3882,Migrate VM
486,0,94591244395,355.3910059976348,0,144,168846390496,1.0,0.16483066484837128,0.0004883595858862567,3.6956744799157177,0.019042199754854255,0.9922468623574392,0.06449326989792435,0.08888854788488053,0.0454873536659062,0.06970748976160464,0.011618542280844678,0.05811738863325048,0.06651470948933706,0.05415510373352668,0.0049850970737093546,False,False,True,True,False,0.34,-0.14496089311990412,0.9989,0.53767,Migrate VM,0.34109999999999996,Migrate VM
487,0,94591244395,318.2372215743752,0,144,168846390496,1.0,0.15500010400819764,0.001355532598572487,0.10524650506625569,0.017821574104957886,0.9842431658590094,0.04020380499357054,0.06555235424052744,0.0679781471152498,0.046384151216988086,0.20450760852746178,0.119055101690106,0.0015414796564966592,0.018217746612742475,0.06944958187005079,False,False,True,True,False,0.265,-0.13990471073589184,0.998,0.4849,Scale Resources,0.267,Scale Resources
488,0,94591244395,272.46349550863744,0,144,168846390496,1.0,0.07357815941569765,0.0016284580165952572,2.875528559634442,0.02344107400541154,0.9953109782675559,0.010775778849376399,0.016628856550928592,0.009883247049338717,0.12088547780433029,0.21723401843159462,0.10337546756738063,0.0085497200567411,0.04369555446904821,0.01831776206365445,False,False,True,True,False,0.395,-0.10362273860720561,0.99295,0.5743849999999999,Migrate VM,0.40205,Migrate VM
489,0,94591244395,132.6182175211689,0,144,168846390496,1.0,0.05007961436951493,0.002055378486506813,0.6785400270714146,0.020475326279442953,0.9997315779855902,0.08621729877743349,0.008415331795189246,0.06760109816859622,0.08336799532548232,0.10850754251354204,0.08552165676399755,0.06439064103841756,0.03630397794087892,0.051981989831043074,False,False,True,True,False,0.305,-0.11255962235517114,0.9936,0.51158,Migrate VM,0.3113999999999999,Migrate VM
490,0,94591244395,162.88106371846325,0,144,168846390496,1.0,0.013610892435687229,0.001951582269679156,0.5938012939876961,0.012502646468956975,0.9897803905063172,0.035141837678853344,0.042018561119204094,0.04601874479166033,0.040367837593333726,0.0410221258100882,0.11270364943343715,0.07111420266110507,0.03489303492234791,0.03199406745549274,False,False,True,True,False,0.3,-0.0995189248877778,0.992275,0.5076825,Migrate VM,0.307725,Migrate VM
491,0,94591244395,17.093548000162556,0,144,168846390496,1.0,0.006909663864384963,0.0009741718184261559,4.369680365725268,0.023153788559147688,0.9891545006575969,0.12147848206630354,0.04474724292604417,0.02061078782037767,0.05527186839566252,0.0503034919634407,0.11481303392983949,0.0264562095193291,0.050063985820209246,0.03806254440567471,False,False,True,True,False,0.38,-0.11777310056648371,0.9939625,0.56418875,Migrate VM,0.38603750000000003,Migrate VM
492,0,94591244395,324.6233104670265,0,144,168846390496,1.0,0.12044639094668065,0.0012106465480149775,0.6207229156934488,0.028578819692512875,0.9924469550076813,0.03577080764213101,0.09143687921427852,0.004053791590648042,0.040716514429199845,0.12765401923117475,0.04405307920873745,0.03492113337709862,0.02011147306760763,0.012726716552611551,False,False,True,True,False,0.47,-0.1278907126909984,0.9942,0.6272599999999999,Migrate VM,0.4758,Migrate VM
493,0,94591244395,13.267489902066618,0,144,168846390496,1.0,0.029558730921026607,0.002362881599869214,2.7028748698221796,0.015493563687975644,0.9897387404410041,0.08889842652232911,0.014862728749322955,0.020561428133316004,0.08503027967320623,0.11391813747705372,0.09983377397150295,0.06571395313269901,0.06264932840838457,0.018022014616873805,False,False,True,True,False,0.38,-0.1200307325087252,0.9940375,0.5642112499999999,Migrate VM,0.3859625,Migrate VM
494,0,94591244395,32.92928478971227,0,144,168846390496,1.0,0.031770112602196594,0.001942806051407393,4.29259234778374,0.029324479094453515,0.988303607644067,0.10545299519017798,0.05591918859479823,0.06126745941069415,0.07108928986908705,0.03469238185177273,0.01026991738765008,0.07011700376782835,0.03239875176146457,0.03429328793969039,False,False,True,True,False,0.395,-0.1433660586181993,0.998825,0.5761474999999999,Migrate VM,0.39617500000000005,Migrate VM
495,0,94591244395,128.26911051659175,0,144,168846390496,1.0,0.071050202151651,0.002343169930005293,0.2945459343118097,0.003772666815686462,0.9964941952680966,0.06894445277071076,0.013540244142005045,0.0025660013958478008,0.02906944309967523,0.06201895960200294,0.0018425582773766837,0.015828790202636715,0.056177708653454145,0.08369160064916333,False,False,True,True,False,0.315,-0.05454930651325407,0.9731375,0.51244125,Migrate VM,0.34186249999999996,Migrate VM
496,0,94591244395,323.3648987170984,0,144,168846390496,1.0,0.07310888112066438,0.0007920033334247906,4.696704976680457,0.02437790866343888,0.9922892087020498,0.031970829199792446,0.03357791478040117,0.03837551913890701,0.07027490976779506,0.0032526854303130365,0.1243753528513557,0.04216357920510908,0.044828269395087536,0.020689339091216518,False,False,True,True,False,0.365,-0.12840636731569122,0.9942,0.55376,Migrate VM,0.3708,Migrate VM
497,0,94591244395,275.39538436844924,0,144,168846390496,1.0,0.13823709751722052,0.00023594925961721572,2.794901944904444,0.020856029326519723,0.9972594721898047,0.025862027823169747,0.09140651690045067,0.034363214568070476,0.012513193811351901,0.02511598382607255,0.025643106665149667,0.020711696306226136,0.037770859260276644,0.07325428842276653,False,False,True,True,False,0.45,-0.08068391457382307,0.9871125,0.61113375,Migrate VM,0.4628875000000001,Migrate VM
498,0,94591244395,67.22132472699562,0,144,168846390496,1.0,0.1861222114686631,0.0004005022264507335,2.8154932648467126,0.0294351155880593,0.9972084597101699,0.08130250235714458,0.07455241106803961,0.00999333890262112,0.0012527054557353052,0.1032375283122566,0.011605114718173564,0.026205637185916633,0.017024292404518148,0.08965104469780918,False,False,True,True,False,0.46,-0.10937765227010232,0.9933625,0.62000875,Migrate VM,0.46663750000000004,Migrate VM
499,0,94591244395,316.8201596429007,0,144,168846390496,1.0,0.15355178409956408,0.0017702628859294226,0.7237311046698646,0.0015326071789883197,0.9942314697988826,0.08059586975292994,0.03857970879515181,0.03519761554268973,0.0634126770396417,0.05705322297243584,0.04072814231516799,0.030647341316763676,0.045895092367691785,0.09351284646826663,False,False,True,True,False,0.325,-0.11799422176915697,0.993975,0.5256925,Migrate VM,0.3310249999999999,Migrate VM
500,0,94591244395,193.8544594268544,0,144,168846390496,1.0,0.13709323303935028,0.002001002184132,0.5331883523582969,0.02069540665955651,0.9913685202358687,0.071833375077006,0.004172585582181454,0.06747944327318176,0.1235176717345127,0.0008279769699247677,0.027586019378428292,0.013199355202335191,0.05944842444723165,0.05851333431192613,False,False,True,True,False,0.3,-0.12365598321281301,0.9941625,0.5082487499999999,Migrate VM,0.3058375,Migrate VM
501,0,94591244395,63.840118786823425,0,144,168846390496,1.0,0.15261955412228634,0.0008764597575139307,2.1648100216173147,0.012272492675957796,0.9920230110481438,0.06025225316844845,0.028721373983264593,0.03161366978408723,0.11775562172183432,0.11958468968036735,0.11879911717145543,0.040297209177749864,0.05849828813413689,0.028723590080409502,False,False,True,True,False,0.415,-0.12275398357115552,0.9941375,0.58874125,Migrate VM,0.4208624999999999,Migrate VM
502,0,94591244395,284.54885641598685,0,144,168846390496,1.0,0.049560302434684796,4.8475195190171046e-05,0.7550014871292429,0.0006861095230330595,0.9991177115396072,0.1254853975817126,0.07941059594924788,0.008051535630916559,0.11653809556558518,0.17686474670439103,0.043071737714479655,0.03679222491933431,0.050352390561145,0.002352985193187748,False,False,True,True,False,0.37,-0.09754429161517297,0.992,0.5566,Migrate VM,0.378,Migrate VM
