profile_index,failure_probability,raw_isolation_forest_score,calibrated_anomaly_score,risk_score,risk_band,final_recommended_action,confidence,confidence_level
0,0.99,0.05578327776684383,0.860175,0.9510525,Restart Task,Restart Task,0.870175,HIGH
1,0.91,0.1377305702883117,0.27035,0.718105,Restart Task,Restart Task,0.36035,LOW
2,0.0,0.0656185104573681,0.8271125,0.24813375,Normal,Normal,0.172887,LOW
3,0.97,-0.041383335517228836,0.970225,0.9700674999999999,Restart Task,Restart Task,0.999775,HIGH
4,0.0,0.12382636619255594,0.4590375,0.13771124999999998,Normal,Normal,0.540963,LOW
5,0.0,-0.03765547248619905,0.9691875,0.29075625,Normal,Normal,0.030813,LOW
6,0.0,0.12823167006766456,0.4064875,0.12194624999999999,Normal,Normal,0.593512,MEDIUM
7,0.005,0.1103162017742016,0.5906125,0.18068375,Normal,Normal,0.414388,LOW
8,0.0,0.14162760087350268,0.2059375,0.061781249999999996,Normal,Normal,0.794063,MEDIUM
9,0.0,0.08860580388486311,0.7306250000000001,0.2191875,Normal,Normal,0.269375,LOW
10,0.0,0.11170043146148001,0.579475,0.17384249999999998,Normal,Normal,0.420525,LOW
11,0.0,0.13288466806181004,0.34481249999999997,0.10344374999999999,Normal,Normal,0.655188,MEDIUM
12,0.0,0.11309477705813226,0.5668375,0.17005125,Normal,Normal,0.433163,LOW
13,0.0,0.11249413729898555,0.5727125,0.17181375,Normal,Normal,0.427288,LOW
14,0.0,0.08307853881649474,0.7572375,0.22717125,Normal,Normal,0.242762,LOW
15,0.0,0.06106760249940174,0.84405,0.25321499999999997,Normal,Normal,0.15595,LOW
16,0.995,0.03186589409589524,0.9162625,0.97137875,Restart Task,Restart Task,0.921262,HIGH
17,0.0,0.08319651911648901,0.7566625,0.22699875,Normal,Normal,0.243337,LOW
18,0.0,0.08938147342925479,0.7273375,0.21820124999999999,Normal,Normal,0.272663,LOW
19,1.0,0.005255095141012411,0.946825,0.9840475,Restart Task,Restart Task,0.946825,HIGH
20,1.0,0.06384843664889867,0.8333875,0.95001625,Restart Task,Restart Task,0.833387,HIGH
21,0.0,0.12023352438666718,0.4986125,0.14958375,Normal,Normal,0.501387,LOW
22,0.02,0.11957663692004739,0.5052375,0.16557125,Normal,Normal,0.514763,LOW
23,0.0,0.09352308125573972,0.7049875,0.21149625,Normal,Normal,0.295013,LOW
24,0.0,0.06811863662326378,0.8175625,0.24526874999999998,Normal,Normal,0.182438,LOW
25,0.0,0.07209913289166137,0.8012375,0.24037125,Normal,Normal,0.198762,LOW
26,0.995,0.042238638365582615,0.89405,0.964715,Restart Task,Restart Task,0.89905,HIGH
27,1.0,0.1293285693634013,0.3933375,0.81800125,Restart Task,Restart Task,0.393338,LOW
28,0.0,0.11334407423415394,0.564875,0.1694625,Normal,Normal,0.435125,LOW
29,0.0,0.1435567730503658,0.16932499999999995,0.05079749999999998,Normal,Normal,0.830675,HIGH
30,0.005,0.08985096758811917,0.7250375,0.22101125,Normal,Normal,0.279963,LOW
31,0.0,0.1253620864798743,0.44132499999999997,0.13239749999999997,Normal,Normal,0.558675,MEDIUM
32,0.995,0.08074411095966355,0.7664,0.92642,Restart Task,Restart Task,0.7714,MEDIUM
33,0.0,0.12393619293704278,0.45767500000000005,0.13730250000000002,Normal,Normal,0.542325,LOW
34,0.005,-0.022888133960506152,0.9632375,0.29247124999999996,Normal,Normal,0.041763,LOW
35,0.0,0.13819212847084822,0.26215,0.07864499999999999,Normal,Normal,0.73785,MEDIUM
36,0.995,0.1311001846671755,0.370375,0.8076125000000001,Restart Task,Restart Task,0.375375,LOW
37,0.0,0.096522717544682,0.6881875,0.20645624999999998,Normal,Normal,0.311813,LOW
38,0.995,0.1289864266902318,0.39756250000000004,0.81576875,Restart Task,Restart Task,0.402563,LOW
39,0.03,0.08901212986990736,0.7289375,0.23968124999999998,Normal,Normal,0.301063,LOW
40,0.0,0.06113080767929696,0.8438875,0.25316625,Normal,Normal,0.156112,LOW
41,0.005,0.1384325320174321,0.258,0.0809,Normal,Normal,0.747,MEDIUM
42,0.005,0.13684478701635588,0.28461250000000005,0.08888375000000001,Normal,Normal,0.720387,MEDIUM
43,0.99,0.08173355191931653,0.7624375,0.9217312499999999,Restart Task,Restart Task,0.772437,MEDIUM
44,0.0,0.12263965394020893,0.473,0.1419,Normal,Normal,0.527,LOW
45,0.0,0.10510648545637508,0.631,0.1893,Normal,Normal,0.369,LOW
46,0.0,0.05196037248389068,0.8716125,0.26148375,Normal,Normal,0.128387,LOW
47,0.005,0.11294728588768066,0.56855,0.174065,Normal,Normal,0.43645,LOW
48,0.005,0.13418012215795477,0.32630000000000003,0.10139000000000001,Normal,Normal,0.6787,MEDIUM
49,0.995,0.015197993411579569,0.9383625,0.97800875,Restart Task,Restart Task,0.943362,HIGH
50,0.0,0.10611934127908829,0.6234625,0.18703875,Normal,Normal,0.376537,LOW
51,0.0,0.1415902667011104,0.20672500000000005,0.06201750000000001,Normal,Normal,0.793275,MEDIUM
52,0.0,-0.14094116623291342,0.998325,0.29949749999999997,Normal,Normal,0.001675,LOW
53,0.0,0.14092047930100138,0.21799999999999997,0.06539999999999999,Normal,Normal,0.782,MEDIUM
54,0.99,0.13619762836522104,0.2962625,0.78187875,Restart Task,Restart Task,0.306262,LOW
55,0.995,0.11375007373359247,0.561375,0.8649125,Restart Task,Restart Task,0.566375,MEDIUM
56,0.0,0.1324215182125874,0.3516625,0.10549874999999999,Normal,Normal,0.648338,MEDIUM
57,0.0,0.11254485169238704,0.5723750000000001,0.17171250000000002,Normal,Normal,0.427625,LOW
58,0.0,0.11092218504896961,0.585575,0.17567249999999998,Normal,Normal,0.414425,LOW
59,0.005,0.10286069835651263,0.6461,0.19733,Normal,Normal,0.3589,LOW
60,1.0,0.11737534261639065,0.5280875,0.85842625,Restart Task,Restart Task,0.528088,LOW
61,0.995,0.12339352979956625,0.4641875,0.83575625,Restart Task,Restart Task,0.469187,LOW
62,0.0,-0.14140419584477093,0.9984875,0.29954624999999996,Normal,Normal,0.001513,LOW
63,0.995,0.11696458468194015,0.5322374999999999,0.8561712499999999,Restart Task,Restart Task,0.537237,LOW
64,0.0,0.14091944942580764,0.2180375,0.06541124999999999,Normal,Normal,0.781963,MEDIUM
65,0.0,0.12484962005984723,0.44733750000000005,0.13420125000000002,Normal,Normal,0.552662,MEDIUM
66,0.99,0.1364010014117939,0.2927875,0.7808362499999999,Restart Task,Restart Task,0.302787,LOW
67,0.015,0.07338574113631263,0.7960875000000001,0.24932625000000003,Normal,Normal,0.218912,LOW
68,0.0,0.05562454125436972,0.8604875,0.25814624999999997,Normal,Normal,0.139513,LOW
69,0.0,0.1326529338034539,0.34835000000000005,0.10450500000000001,Normal,Normal,0.65165,MEDIUM
70,0.025,0.09620235162743423,0.6901125,0.22453374999999998,Normal,Normal,0.334888,LOW
71,0.0,0.13525672283237172,0.310175,0.0930525,Normal,Normal,0.689825,MEDIUM
72,0.0,0.10703489487695994,0.617225,0.1851675,Normal,Normal,0.382775,LOW
73,0.0,0.14121857805611354,0.21342499999999998,0.06402749999999999,Normal,Normal,0.786575,MEDIUM
74,0.995,0.13180533010812967,0.3607625,0.80472875,Restart Task,Restart Task,0.365762,LOW
75,0.995,0.07961672586350366,0.771225,0.9278675000000001,Restart Task,Restart Task,0.776225,MEDIUM
76,0.005,0.040449908440200355,0.89785,0.272855,Normal,Normal,0.10715,LOW
77,0.0,0.017935369799727208,0.935725,0.2807175,Normal,Normal,0.064275,LOW
78,0.0,0.1322249058203408,0.35455000000000003,0.106365,Normal,Normal,0.64545,MEDIUM
79,1.0,-0.046201989429257906,0.9714625,0.9914387499999999,Restart Task,Restart Task,0.971463,HIGH
80,0.0,0.10784111523947537,0.6112500000000001,0.183375,Normal,Normal,0.38875,LOW
81,0.015,0.06043618322052696,0.8459125000000001,0.26427375000000003,Normal,Normal,0.169087,LOW
82,0.0,0.1403847537661549,0.22653749999999995,0.06796124999999999,Normal,Normal,0.773463,MEDIUM
83,0.0,0.048953587827644585,0.879075,0.2637225,Normal,Normal,0.120925,LOW
84,0.0,0.1277786779205321,0.41169999999999995,0.12350999999999998,Normal,Normal,0.5883,MEDIUM
85,0.0,0.1382418409136527,0.2610125,0.07830374999999999,Normal,Normal,0.738988,MEDIUM
86,0.99,0.039743109249997466,0.8991750000000001,0.9627524999999999,Restart Task,Restart Task,0.909175,HIGH
87,1.0,0.13835796315953552,0.2590125,0.7777037499999999,Restart Task,Restart Task,0.259012,LOW
88,0.015,0.13255498151442802,0.34981249999999997,0.11544374999999998,Normal,Normal,0.665188,MEDIUM
89,0.0,0.14025030987853454,0.22868750000000004,0.06860625000000001,Normal,Normal,0.771312,MEDIUM
90,0.995,0.1307632356040676,0.37478750000000005,0.80893625,Restart Task,Restart Task,0.379788,LOW
91,0.99,0.08681848963942929,0.739975,0.9149925,Restart Task,Restart Task,0.749975,MEDIUM
92,0.005,0.13106840594275498,0.37070000000000003,0.11471,Normal,Normal,0.6343,MEDIUM
93,0.0,0.10886589356029269,0.6030249999999999,0.18090749999999997,Normal,Normal,0.396975,LOW
94,0.995,0.1038763469696864,0.6390875,0.88822625,Restart Task,Restart Task,0.644088,MEDIUM
95,0.0,0.11883659266955932,0.512375,0.1537125,Normal,Normal,0.487625,LOW
96,1.0,0.07138844088093593,0.8040125,0.9412037499999999,Restart Task,Restart Task,0.804013,HIGH
97,0.0,0.12591554741118843,0.4345875,0.13037625,Normal,Normal,0.565412,MEDIUM
98,1.0,0.12897521156828828,0.39768749999999997,0.8193062499999999,Restart Task,Restart Task,0.397687,LOW
99,0.92,0.12935522741648842,0.39295,0.761885,Restart Task,Restart Task,0.47295,LOW
100,0.0,-0.06833507596728039,0.982375,0.2947125,Normal,Normal,0.017625,LOW
101,0.995,0.11476414504320182,0.5523750000000001,0.8622125,Restart Task,Restart Task,0.557375,MEDIUM
102,1.0,0.08476702188035057,0.7498374999999999,0.9249512499999999,Restart Task,Restart Task,0.749837,MEDIUM
103,0.995,0.12970222602145515,0.38816249999999997,0.81294875,Restart Task,Restart Task,0.393162,LOW
104,0.0,0.10729012833048357,0.6149125,0.18447375,Normal,Normal,0.385088,LOW
105,0.015,0.12089052241835929,0.49158749999999996,0.15797624999999998,Normal,Normal,0.523413,LOW
106,0.065,0.12171139968427658,0.4828,0.19034,Normal,Normal,0.5822,MEDIUM
107,1.0,0.08243143192968388,0.7599,0.92797,Restart Task,Restart Task,0.7599,MEDIUM
108,0.99,0.05051037642048928,0.8749875,0.9554962499999999,Restart Task,Restart Task,0.884988,HIGH
109,0.005,0.0941003213065667,0.7018375,0.21405125,Normal,Normal,0.303163,LOW
110,0.005,0.1094500464474662,0.59785,0.182855,Normal,Normal,0.40715,LOW
111,0.0,0.12926372273007514,0.39416249999999997,0.11824874999999999,Normal,Normal,0.605838,MEDIUM
112,0.97,0.12599253491622875,0.43352500000000005,0.8090575,Restart Task,Restart Task,0.463525,LOW
113,0.005,0.09776086289109942,0.6804749999999999,0.20764249999999998,Normal,Normal,0.324525,LOW
114,0.995,0.12727791156546242,0.41764999999999997,0.821795,Restart Task,Restart Task,0.42265,LOW
115,0.0,0.07037223820573058,0.8087625,0.24262875,Normal,Normal,0.191237,LOW
116,0.0,0.1342755776681327,0.32513749999999997,0.09754124999999998,Normal,Normal,0.674863,MEDIUM
117,1.0,-0.005047655891309066,0.95275,0.985825,Restart Task,Restart Task,0.95275,HIGH
118,1.0,0.13257464762271126,0.34943749999999996,0.8048312499999999,Restart Task,Restart Task,0.349437,LOW
119,0.0,0.1380913621391251,0.263475,0.0790425,Normal,Normal,0.736525,MEDIUM
120,0.01,0.11998879933808032,0.50105,0.157315,Normal,Normal,0.50895,LOW
121,0.005,0.07903046764051447,0.7734375,0.23553125,Normal,Normal,0.231563,LOW
122,0.0,0.10929003095587381,0.5995125,0.17985375,Normal,Normal,0.400487,LOW
123,0.0,0.126627085469466,0.42598749999999996,0.12779624999999997,Normal,Normal,0.574013,MEDIUM
124,0.0,0.025246913343677457,0.926775,0.2780325,Normal,Normal,0.073225,LOW
125,0.005,0.10887648659122406,0.6029249999999999,0.18437749999999997,Normal,Normal,0.402075,LOW
126,0.0,0.04453560423020514,0.8890750000000001,0.26672250000000003,Normal,Normal,0.110925,LOW
127,0.0,0.10023301711536214,0.6638999999999999,0.19916999999999999,Normal,Normal,0.3361,LOW
128,0.005,0.13337246561625105,0.33801250000000005,0.10490375000000002,Normal,Normal,0.666987,MEDIUM
129,0.83,0.07587564076498315,0.7865875,0.81697625,Restart Task,Restart Task,0.956588,HIGH
130,0.005,0.12051034580411335,0.49563749999999995,0.15219124999999997,Normal,Normal,0.509363,LOW
131,0.0,0.10402772240603092,0.6382,0.19146,Normal,Normal,0.3618,LOW
132,0.0,-0.01533453780145777,0.9599125,0.28797375,Normal,Normal,0.040088,LOW
133,0.85,0.12184647652513336,0.48121250000000004,0.73936375,Restart Task,Restart Task,0.631213,MEDIUM
134,0.0,0.061306756286284625,0.84325,0.252975,Normal,Normal,0.15675,LOW
135,0.005,0.10604717497052418,0.624025,0.1907075,Normal,Normal,0.380975,LOW
136,0.005,0.047931844408031665,0.8810625,0.26781875,Normal,Normal,0.123938,LOW
137,0.0,0.09239355411065225,0.7115750000000001,0.2134725,Normal,Normal,0.288425,LOW
138,1.0,0.12090976798337316,0.49131250000000004,0.84739375,Restart Task,Restart Task,0.491313,LOW
139,0.0,0.018529642968688642,0.9350625,0.28051875,Normal,Normal,0.064937,LOW
140,0.0,0.10776798724698072,0.6117250000000001,0.18351750000000003,Normal,Normal,0.388275,LOW
141,1.0,0.1259375779572554,0.4343,0.83029,Restart Task,Restart Task,0.4343,LOW
142,0.0,0.07209913289166137,0.8012375,0.24037125,Normal,Normal,0.198762,LOW
143,0.0,0.14025030987853454,0.22868750000000004,0.06860625000000001,Normal,Normal,0.771312,MEDIUM
144,1.0,0.12357520390167986,0.46211250000000004,0.83863375,Restart Task,Restart Task,0.462113,LOW
145,0.99,0.12074094890495474,0.49315,0.8409449999999999,Restart Task,Restart Task,0.50315,LOW
146,0.005,0.10801143715909728,0.6099749999999999,0.18649249999999998,Normal,Normal,0.395025,LOW
147,0.0,0.08048716171812331,0.7675,0.23024999999999998,Normal,Normal,0.2325,LOW
148,0.0,0.0746434072534709,0.791175,0.23735249999999997,Normal,Normal,0.208825,LOW
149,0.0,0.12294487998971232,0.469375,0.14081249999999998,Normal,Normal,0.530625,LOW
150,1.0,0.11833718130409449,0.5180125,0.8554037499999999,Restart Task,Restart Task,0.518012,LOW
151,0.0,0.1306602273096939,0.37606249999999997,0.11281874999999998,Normal,Normal,0.623938,MEDIUM
152,0.005,0.08558265095921469,0.746275,0.22738250000000002,Normal,Normal,0.258725,LOW
153,0.015,0.08097737412308359,0.76555,0.240165,Normal,Normal,0.24945,LOW
154,0.995,0.12642665346085685,0.4283625,0.82500875,Restart Task,Restart Task,0.433362,LOW
155,0.0,0.12677308147566496,0.4243625,0.12730875,Normal,Normal,0.575638,MEDIUM
156,0.0,-0.06822002709018782,0.982275,0.2946825,Normal,Normal,0.017725,LOW
157,1.0,0.1291225465371899,0.39595,0.818785,Restart Task,Restart Task,0.39595,LOW
158,0.85,0.1280455378280969,0.4087375,0.71762125,Restart Task,Restart Task,0.558737,MEDIUM
159,0.0,0.12306908668288552,0.46806250000000005,0.14041875,Normal,Normal,0.531937,LOW
160,0.0,0.11424573100994018,0.556975,0.1670925,Normal,Normal,0.443025,LOW
161,0.0,0.029293063356973903,0.92085,0.276255,Normal,Normal,0.07915,LOW
162,0.0,0.11930130061719041,0.508,0.1524,Normal,Normal,0.492,LOW
163,0.0,0.07208739992048169,0.8013250000000001,0.24039750000000001,Normal,Normal,0.198675,LOW
164,0.0,0.0996938040179286,0.6676500000000001,0.20029500000000003,Normal,Normal,0.33235,LOW
165,0.0,0.14363249796336297,0.16808749999999995,0.050426249999999985,Normal,Normal,0.831913,HIGH
166,0.0,-0.09787138471603807,0.9920375,0.29761125,Normal,Normal,0.007962,LOW
167,0.985,0.09591540732372072,0.691975,0.8970925,Restart Task,Restart Task,0.706975,MEDIUM
168,0.005,0.07910735379373346,0.7731875,0.23545625,Normal,Normal,0.231812,LOW
169,0.005,0.10712657728589703,0.6165375,0.18846125,Normal,Normal,0.388463,LOW
170,1.0,0.055280893341088766,0.861575,0.9584725,Restart Task,Restart Task,0.861575,HIGH
171,0.005,0.09672519237382882,0.6870125,0.20960375,Normal,Normal,0.317987,LOW
172,0.0,0.09544795880167223,0.69445,0.208335,Normal,Normal,0.30555,LOW
173,0.005,0.12202729556147085,0.47924999999999995,0.147275,Normal,Normal,0.52575,LOW
174,1.0,0.1433255450682489,0.17345,0.752035,Restart Task,Restart Task,0.17345,LOW
175,0.0,0.1399021087028423,0.23417500000000002,0.07025250000000001,Normal,Normal,0.765825,MEDIUM
176,0.0,0.13301932874318767,0.3431375,0.10294125,Normal,Normal,0.656863,MEDIUM
177,0.0,0.13046399616399046,0.378525,0.11355749999999999,Normal,Normal,0.621475,MEDIUM
178,0.0,-0.014637713321556833,0.9594875,0.28784625,Normal,Normal,0.040512,LOW
179,0.96,0.12680940656112205,0.4239625,0.7991887499999999,Restart Task,Restart Task,0.463963,LOW
180,0.0,0.1247171453752638,0.448925,0.1346775,Normal,Normal,0.551075,MEDIUM
181,0.015,0.13060660456491308,0.3767125,0.12351374999999999,Normal,Normal,0.638288,MEDIUM
182,0.0,0.12669112904464802,0.4252125,0.12756375,Normal,Normal,0.574788,MEDIUM
183,0.005,0.13585908916580752,0.30145,0.093935,Normal,Normal,0.70355,MEDIUM
184,0.0,0.08297965517594974,0.757725,0.22731749999999998,Normal,Normal,0.242275,LOW
185,0.01,0.13341717454166757,0.33740000000000003,0.10822000000000001,Normal,Normal,0.6726,MEDIUM
186,0.0,0.08076478058639741,0.7663375,0.22990125,Normal,Normal,0.233662,LOW
187,0.0,0.12689667439285818,0.422875,0.1268625,Normal,Normal,0.577125,MEDIUM
188,0.005,0.1396568208013107,0.2391375,0.07524125,Normal,Normal,0.765863,MEDIUM
189,0.995,0.06613514985842034,0.8249875,0.94399625,Restart Task,Restart Task,0.829987,HIGH
190,0.0,0.06486294196920805,0.8298875,0.24896625,Normal,Normal,0.170112,LOW
191,0.0,0.09091059795843759,0.7197625000000001,0.21592875000000003,Normal,Normal,0.280237,LOW
192,0.0,0.14162760087350268,0.2059375,0.061781249999999996,Normal,Normal,0.794063,MEDIUM
193,0.995,0.1331488651648724,0.34125000000000005,0.798875,Restart Task,Restart Task,0.34625,LOW
194,0.58,0.09421238092461354,0.7011875000000001,0.6163562499999999,Migrate VM,Migrate VM,0.878812,HIGH
195,0.0,0.1109737290368299,0.585125,0.17553749999999999,Normal,Normal,0.414875,LOW
196,0.0,0.08734861737530347,0.7370875,0.22112625,Normal,Normal,0.262912,LOW
197,1.0,0.08828429002858812,0.7319625000000001,0.91958875,Restart Task,Restart Task,0.731963,MEDIUM
198,0.98,0.08711057834313857,0.7384875,0.9075462499999999,Restart Task,Restart Task,0.758487,MEDIUM
199,0.0,0.13856477330664624,0.2558125,0.07674375,Normal,Normal,0.744188,MEDIUM
200,0.0,0.07766117677244205,0.7792250000000001,0.23376750000000002,Normal,Normal,0.220775,LOW
201,1.0,0.0706832845945769,0.8073875,0.94221625,Restart Task,Restart Task,0.807388,HIGH
202,0.0,0.13232425297059336,0.35301249999999995,0.10590374999999998,Normal,Normal,0.646988,MEDIUM
203,0.0,0.1079616214572216,0.6103875000000001,0.18311625,Normal,Normal,0.389612,LOW
204,0.0,0.13326560802564646,0.33957499999999996,0.10187249999999999,Normal,Normal,0.660425,MEDIUM
205,0.0,0.056070741963946735,0.8592875,0.25778625,Normal,Normal,0.140713,LOW
206,0.0,0.1275871706497264,0.41405000000000003,0.124215,Normal,Normal,0.58595,MEDIUM
207,0.0,0.11617233166339197,0.5398625,0.16195875,Normal,Normal,0.460137,LOW
208,1.0,0.051617760620461806,0.872425,0.9617275,Restart Task,Restart Task,0.872425,HIGH
209,0.995,0.13308607243231352,0.342075,0.7991225,Restart Task,Restart Task,0.347075,LOW
210,0.0,0.13041119581443122,0.3791875,0.11375625,Normal,Normal,0.620812,MEDIUM
211,0.0,0.11022272771503511,0.5914874999999999,0.17744624999999997,Normal,Normal,0.408513,LOW
212,0.005,0.12195209329627749,0.4800375,0.14751125,Normal,Normal,0.524962,LOW
213,1.0,0.05727718475007271,0.8557875,0.95673625,Restart Task,Restart Task,0.855788,HIGH
214,0.0,0.13371458825806348,0.3329,0.09986999999999999,Normal,Normal,0.6671,MEDIUM
215,0.005,0.10942304431789068,0.5981875,0.18295625,Normal,Normal,0.406813,LOW
216,0.995,0.10517943746846098,0.6305125,0.88565375,Restart Task,Restart Task,0.635513,MEDIUM
217,1.0,0.012924003571840537,0.9406125,0.9821837499999999,Restart Task,Restart Task,0.940612,HIGH
218,0.0,0.14142112329144574,0.20972500000000005,0.06291750000000002,Normal,Normal,0.790275,MEDIUM
219,0.03,0.11166653291488376,0.5798625,0.19495874999999996,Normal,Normal,0.450138,LOW
220,0.0,0.02998798275732839,0.9197375,0.27592125,Normal,Normal,0.080263,LOW
221,0.0,-0.10003216934927395,0.9923875,0.29771624999999996,Normal,Normal,0.007613,LOW
222,0.0,0.07173420417252907,0.8027875,0.24083624999999997,Normal,Normal,0.197213,LOW
223,0.975,0.06999111213157938,0.81045,0.925635,Restart Task,Restart Task,0.83545,HIGH
224,0.0,0.12032641574761815,0.497625,0.1492875,Normal,Normal,0.502375,LOW
225,0.0,0.0318758723924053,0.9162375,0.27487125,Normal,Normal,0.083762,LOW
226,0.0,0.11148427202673333,0.581175,0.1743525,Normal,Normal,0.418825,LOW
227,0.005,0.1203343767634496,0.497575,0.1527725,Normal,Normal,0.507425,LOW
228,1.0,0.03546895844800513,0.907875,0.9723625,Restart Task,Restart Task,0.907875,HIGH
229,0.0,0.14521732041228397,0.13905,0.041715,Normal,Normal,0.86095,HIGH
230,0.0,0.127825783531278,0.4112,0.12336,Normal,Normal,0.5888,MEDIUM
231,0.985,0.13554732411986015,0.305925,0.7812775,Restart Task,Restart Task,0.320925,LOW
232,0.005,0.1102897008990637,0.5908249999999999,0.18074749999999998,Normal,Normal,0.414175,LOW
233,0.985,0.12894542702383588,0.3979625,0.8088887499999999,Restart Task,Restart Task,0.412963,LOW
234,0.975,0.1269768387922678,0.4216,0.80898,Restart Task,Restart Task,0.4466,LOW
235,0.005,0.12565597063853973,0.4380125,0.13490375000000002,Normal,Normal,0.566987,MEDIUM
236,0.0,0.12468745879926635,0.44920000000000004,0.13476000000000002,Normal,Normal,0.5508,MEDIUM
237,0.0,0.05201942368934365,0.871475,0.26144249999999997,Normal,Normal,0.128525,LOW
238,1.0,0.05571802671833853,0.860275,0.9580825,Restart Task,Restart Task,0.860275,HIGH
239,0.0,0.1239616421963598,0.45745,0.137235,Normal,Normal,0.54255,LOW
240,0.005,0.09967770651028973,0.667725,0.2038175,Normal,Normal,0.337275,LOW
241,0.005,0.09342445722328319,0.7057125,0.21521374999999998,Normal,Normal,0.299288,LOW
242,0.0,0.1364477383986334,0.291875,0.0875625,Normal,Normal,0.708125,MEDIUM
243,0.0,0.13451313918762003,0.32165,0.096495,Normal,Normal,0.67835,MEDIUM
244,0.0,0.13506313392730424,0.3133,0.09399,Normal,Normal,0.6867,MEDIUM
245,0.0,0.13960897962225594,0.23986249999999998,0.07195874999999999,Normal,Normal,0.760138,MEDIUM
246,0.0,0.11176615665780087,0.579,0.1737,Normal,Normal,0.421,LOW
247,0.0,-0.0686484566565555,0.9827125,0.29481375,Normal,Normal,0.017288,LOW
248,0.0,0.10434719829194122,0.6364125,0.19092375,Normal,Normal,0.363587,LOW
249,0.005,0.09310354975817331,0.70775,0.215825,Normal,Normal,0.29725,LOW
250,0.0,0.11934384304856044,0.5076499999999999,0.15229499999999999,Normal,Normal,0.49235,LOW
251,0.0,0.13537113091611513,0.30845,0.09253499999999999,Normal,Normal,0.69155,MEDIUM
252,0.07,0.07037375079760805,0.80875,0.29162499999999997,Normal,Normal,0.26125,LOW
253,0.005,0.09596692724845796,0.6916375,0.21099125,Normal,Normal,0.313362,LOW
254,0.0,0.12468745879926635,0.44920000000000004,0.13476000000000002,Normal,Normal,0.5508,MEDIUM
255,0.0,0.08380627313035782,0.7541,0.22623,Normal,Normal,0.2459,LOW
256,0.0,0.11863010440834643,0.514475,0.1543425,Normal,Normal,0.485525,LOW
257,0.0,0.14147551514243,0.20871249999999997,0.06261374999999998,Normal,Normal,0.791288,MEDIUM
258,1.0,0.05252276695416236,0.8701375,0.96104125,Restart Task,Restart Task,0.870138,HIGH
259,0.0,0.1341175269241765,0.327075,0.0981225,Normal,Normal,0.672925,MEDIUM
260,0.0,0.055077512148819896,0.8621375,0.25864125,Normal,Normal,0.137862,LOW
261,0.0,0.13754043237460162,0.2731125,0.08193374999999999,Normal,Normal,0.726888,MEDIUM
262,0.01,0.05865253437384399,0.8515125,0.26245375,Normal,Normal,0.158488,LOW
263,0.0,0.12586942079869906,0.43533750000000004,0.13060125,Normal,Normal,0.564662,MEDIUM
264,0.0,0.13342478667957391,0.337325,0.1011975,Normal,Normal,0.662675,MEDIUM
265,0.0,0.022073824758413352,0.930525,0.2791575,Normal,Normal,0.069475,LOW
266,0.0,0.12711981125968175,0.41964999999999997,0.12589499999999998,Normal,Normal,0.58035,MEDIUM
267,0.0,0.13477405074455806,0.31747499999999995,0.09524249999999998,Normal,Normal,0.682525,MEDIUM
268,0.0,0.1297484750247208,0.38759999999999994,0.11627999999999998,Normal,Normal,0.6124,MEDIUM
269,0.0,0.11987782941825459,0.502075,0.15062250000000002,Normal,Normal,0.497925,LOW
270,0.98,0.007941352476671382,0.9447,0.9694099999999999,Restart Task,Restart Task,0.9647,HIGH
271,0.0,0.11307180844429576,0.567125,0.1701375,Normal,Normal,0.432875,LOW
272,0.01,0.022385613690637296,0.9301375000000001,0.28604125,Normal,Normal,0.079862,LOW
273,1.0,0.14526124000143564,0.13832500000000003,0.7414974999999999,Restart Task,Restart Task,0.138325,LOW
274,0.01,-0.01196166771151519,0.957175,0.2941525,Normal,Normal,0.052825,LOW
275,0.02,0.05088040441649028,0.874025,0.2762075,Normal,Normal,0.145975,LOW
276,0.985,0.06302215650486659,0.83685,0.940555,Restart Task,Restart Task,0.85185,HIGH
277,0.0,0.13479874732597752,0.3172125,0.09516375,Normal,Normal,0.682787,MEDIUM
278,0.0,0.12928128791297733,0.39395,0.118185,Normal,Normal,0.60605,MEDIUM
279,0.0,-0.1001911052921679,0.99245,0.297735,Normal,Normal,0.00755,LOW
280,0.0,0.09925080043645274,0.6706,0.20118,Normal,Normal,0.3294,LOW
281,0.0,0.09755586367196384,0.6818375,0.20455125,Normal,Normal,0.318163,LOW
282,0.0,0.11838382430606875,0.51755,0.155265,Normal,Normal,0.48245,LOW
283,0.98,0.1052313211511059,0.6300250000000001,0.8750074999999999,Restart Task,Restart Task,0.650025,MEDIUM
284,0.005,0.1144975052610111,0.5547124999999999,0.16991374999999997,Normal,Normal,0.450288,LOW
285,0.935,0.13810551278690247,0.263375,0.7335125,Restart Task,Restart Task,0.328375,LOW
286,0.0,0.05408575767461815,0.865675,0.2597025,Normal,Normal,0.134325,LOW
287,0.1,0.12984320661297233,0.38616249999999996,0.18584874999999998,Normal,Normal,0.713838,MEDIUM
288,0.015,0.07049661121024903,0.8081,0.25293,Normal,Normal,0.2069,LOW
289,0.0,0.13147000338336529,0.36539999999999995,0.10961999999999998,Normal,Normal,0.6346,MEDIUM
290,0.0,0.1377305702883117,0.27035,0.081105,Normal,Normal,0.72965,MEDIUM
291,0.0,0.13653347604136362,0.2903875,0.08711625,Normal,Normal,0.709612,MEDIUM
292,0.0,0.13035662334237474,0.37987499999999996,0.11396249999999998,Normal,Normal,0.620125,MEDIUM
293,0.0,0.05192937205524123,0.871675,0.26150249999999997,Normal,Normal,0.128325,LOW
294,0.015,0.1263880521645812,0.4287875,0.13913625,Normal,Normal,0.586213,MEDIUM
295,1.0,0.1289864266902318,0.39756250000000004,0.81926875,Restart Task,Restart Task,0.397563,LOW
296,0.995,0.09384927674525634,0.7032625,0.90747875,Restart Task,Restart Task,0.708263,MEDIUM
297,0.02,0.1392362051479772,0.245525,0.0876575,Normal,Normal,0.774475,MEDIUM
298,0.98,0.06095179896786401,0.84445,0.9393349999999999,Restart Task,Restart Task,0.86445,HIGH
299,1.0,0.12924363163317187,0.39444999999999997,0.8183349999999999,Restart Task,Restart Task,0.39445,LOW
300,1.0,0.050939011685310176,0.8739,0.96217,Restart Task,Restart Task,0.8739,HIGH
301,0.0,0.11841052775813726,0.5171,0.15513,Normal,Normal,0.4829,LOW
302,0.0,0.06449752801127845,0.8313375000000001,0.24940125000000002,Normal,Normal,0.168662,LOW
303,0.0,0.12088112810017337,0.4917,0.14751,Normal,Normal,0.5083,LOW
304,0.0,0.13423384943664035,0.32572500000000004,0.09771750000000001,Normal,Normal,0.674275,MEDIUM
305,0.005,0.0420216425468799,0.8945,0.27185,Normal,Normal,0.1105,LOW
306,0.0,0.13889367083948462,0.25070000000000003,0.07521000000000001,Normal,Normal,0.7493,MEDIUM
307,0.0,0.11272628483191721,0.5707125,0.17121374999999997,Normal,Normal,0.429288,LOW
308,1.0,0.02845468522913419,0.9219875,0.9765962499999999,Restart Task,Restart Task,0.921987,HIGH
309,0.015,0.09070100030052025,0.7206375,0.22669125,Normal,Normal,0.294362,LOW
310,1.0,0.13131011219365685,0.36736250000000004,0.8102087499999999,Restart Task,Restart Task,0.367363,LOW
311,0.0,0.1380731558895545,0.26385000000000003,0.079155,Normal,Normal,0.73615,MEDIUM
312,0.0,0.10641495649460081,0.6211875,0.18635625,Normal,Normal,0.378812,LOW
313,0.0,0.13148482400852418,0.36507500000000004,0.10952250000000001,Normal,Normal,0.634925,MEDIUM
314,0.0,0.13147300803204887,0.3653875,0.10961624999999998,Normal,Normal,0.634613,MEDIUM
315,0.01,0.08443584165211793,0.751325,0.2323975,Normal,Normal,0.258675,LOW
316,0.995,0.06438343321430828,0.831725,0.9460175,Restart Task,Restart Task,0.836725,HIGH
317,0.0,0.12373601214815771,0.4599875,0.13799625,Normal,Normal,0.540013,LOW
318,0.0,0.058745560624626214,0.8511875,0.25535625,Normal,Normal,0.148813,LOW
319,0.0,0.11343285669051034,0.564025,0.16920749999999998,Normal,Normal,0.435975,LOW
320,0.005,0.1383246344866791,0.25936250000000005,0.08130875000000001,Normal,Normal,0.745637,MEDIUM
321,0.0,0.11908438255122772,0.5097375,0.15292124999999998,Normal,Normal,0.490263,LOW
322,0.0,0.11850138289099799,0.516175,0.1548525,Normal,Normal,0.483825,LOW
323,0.0,0.12444624098231205,0.45228749999999995,0.13568624999999998,Normal,Normal,0.547713,LOW
324,0.0,0.10586705333632851,0.6253,0.18758999999999998,Normal,Normal,0.3747,LOW
325,0.0,0.11069205838300156,0.5873625,0.17620875,Normal,Normal,0.412637,LOW
326,0.0,0.04223260673618823,0.8940875,0.26822625,Normal,Normal,0.105912,LOW
327,0.0,0.11523317867268362,0.548725,0.1646175,Normal,Normal,0.451275,LOW
328,0.015,0.09054106253447336,0.7215750000000001,0.22697250000000002,Normal,Normal,0.293425,LOW
329,0.0,0.10932241354775807,0.5991875,0.17975624999999998,Normal,Normal,0.400813,LOW
330,0.15,0.10186827312718566,0.6528,0.30084,Scale Resources,Scale Resources,0.4972,LOW
331,0.0,0.017609848856937838,0.9361125,0.28083375,Normal,Normal,0.063887,LOW
332,0.995,0.13121008891753289,0.36887499999999995,0.8071625,Restart Task,Restart Task,0.373875,LOW
333,0.0,0.08363778234158492,0.7548625,0.22645875,Normal,Normal,0.245138,LOW
334,0.99,0.11974403285910501,0.503425,0.8440274999999999,Restart Task,Restart Task,0.513425,LOW
335,1.0,0.1371955659459847,0.27936249999999996,0.7838087499999999,Restart Task,Restart Task,0.279362,LOW
336,0.965,0.12537154819785395,0.4412125,0.80786375,Restart Task,Restart Task,0.476213,LOW
337,0.0,0.11141751642003167,0.5816250000000001,0.17448750000000002,Normal,Normal,0.418375,LOW
338,0.0,0.13211539344882817,0.35621250000000004,0.10686375000000001,Normal,Normal,0.643787,MEDIUM
339,0.0,0.10190606651281786,0.6524375,0.19573125,Normal,Normal,0.347562,LOW
340,0.0,0.13833128663163646,0.25925,0.077775,Normal,Normal,0.74075,MEDIUM
341,0.055,0.05125830266058706,0.8731875,0.30045625,Scale Resources,Scale Resources,0.181813,LOW
342,0.0,0.14610481726526858,0.12341250000000004,0.03702375000000001,Normal,Normal,0.876587,HIGH
343,0.0,0.10306402134339804,0.644925,0.1934775,Normal,Normal,0.355075,LOW
344,0.0,0.02571268326269316,0.9261,0.27783,Normal,Normal,0.0739,LOW
345,0.035,0.09745691331622813,0.6823125,0.22919374999999997,Normal,Normal,0.352688,LOW
346,0.0,0.0381028360704222,0.90235,0.270705,Normal,Normal,0.09765,LOW
347,0.005,0.10575908728965355,0.6260749999999999,0.19132249999999998,Normal,Normal,0.378925,LOW
348,0.005,0.12937044299835276,0.39268749999999997,0.12130624999999999,Normal,Normal,0.612313,MEDIUM
349,0.0,0.09979266388667435,0.6667875,0.20003625,Normal,Normal,0.333213,LOW
350,0.005,0.10203362226427887,0.651525,0.1989575,Normal,Normal,0.353475,LOW
351,0.0,0.11962489822045175,0.5045875,0.15137625,Normal,Normal,0.495413,LOW
352,0.0,0.12096236633373347,0.49083750000000004,0.14725125,Normal,Normal,0.509162,LOW
353,0.0,0.1269728303775839,0.4216375,0.12649125,Normal,Normal,0.578363,MEDIUM
354,0.0,0.10703489487695994,0.617225,0.1851675,Normal,Normal,0.382775,LOW
355,1.0,0.08828429002858812,0.7319625000000001,0.91958875,Restart Task,Restart Task,0.731963,MEDIUM
356,0.0,0.10471298119032513,0.6337999999999999,0.19013999999999998,Normal,Normal,0.3662,LOW
357,0.0,0.1382977365116826,0.25985,0.07795500000000001,Normal,Normal,0.74015,MEDIUM
358,1.0,0.08918806332529189,0.728325,0.9184975,Restart Task,Restart Task,0.728325,MEDIUM
359,0.0,0.055077512148819896,0.8621375,0.25864125,Normal,Normal,0.137862,LOW
360,0.01,0.1289612617264842,0.39783749999999996,0.12635124999999997,Normal,Normal,0.612163,MEDIUM
361,0.005,0.08482379929587258,0.7496125,0.22838375,Normal,Normal,0.255387,LOW
362,1.0,0.1371955659459847,0.27936249999999996,0.7838087499999999,Restart Task,Restart Task,0.279362,LOW
363,0.995,0.11604397883923528,0.5409375000000001,0.85878125,Restart Task,Restart Task,0.545938,LOW
364,0.0,0.0964223500075192,0.6888624999999999,0.20665874999999997,Normal,Normal,0.311138,LOW
365,0.005,0.11294702429891967,0.5685625000000001,0.17406875000000002,Normal,Normal,0.436437,LOW
366,0.0,0.10402772240603092,0.6382,0.19146,Normal,Normal,0.3618,LOW
367,0.99,0.10759102173007895,0.612725,0.8768174999999999,Restart Task,Restart Task,0.622725,MEDIUM
368,0.0,0.10370928447362482,0.6402749999999999,0.19208249999999996,Normal,Normal,0.359725,LOW
369,0.975,0.13103208465639632,0.3712875,0.79388625,Restart Task,Restart Task,0.396288,LOW
370,0.01,0.08516775809994392,0.7478875,0.23136625000000002,Normal,Normal,0.262112,LOW
371,0.0,0.11304802903892142,0.5675875,0.17027625,Normal,Normal,0.432412,LOW
372,0.0,0.1402326054135204,0.22895,0.068685,Normal,Normal,0.77105,MEDIUM
373,0.0,0.1238203852699763,0.45911250000000003,0.13773375000000002,Normal,Normal,0.540887,LOW
374,0.145,0.07722203779458087,0.781075,0.33582249999999997,Scale Resources,Scale Resources,0.363925,LOW
375,0.0,0.13674329221800197,0.28642500000000004,0.0859275,Normal,Normal,0.713575,MEDIUM
376,0.0,0.12887302744113394,0.3991125,0.11973374999999999,Normal,Normal,0.600888,MEDIUM
377,0.0,-0.0205458672801222,0.9622125,0.28866375,Normal,Normal,0.037787,LOW
378,0.0,0.13525672283237172,0.310175,0.0930525,Normal,Normal,0.689825,MEDIUM
379,0.995,0.05549320642413952,0.8609,0.95477,Restart Task,Restart Task,0.8659,HIGH
380,0.0,0.13644317575783638,0.29198749999999996,0.08759624999999999,Normal,Normal,0.708013,MEDIUM
381,0.0,0.11104006035930386,0.584775,0.17543250000000002,Normal,Normal,0.415225,LOW
382,0.0,0.09932588903928763,0.6700875,0.20102625,Normal,Normal,0.329913,LOW
383,0.95,0.13238666923423864,0.3521375,0.7706412499999999,Restart Task,Restart Task,0.402138,LOW
384,0.0,0.033883115788521656,0.911725,0.27351749999999997,Normal,Normal,0.088275,LOW
385,0.715,0.11863580270036661,0.5143625000000001,0.6548087499999999,Restart Task,Restart Task,0.799363,MEDIUM
386,0.0,0.08489525762656336,0.749275,0.2247825,Normal,Normal,0.250725,LOW
387,0.0,0.12420482639641012,0.45494999999999997,0.136485,Normal,Normal,0.54505,LOW
388,0.0,0.13856477330664624,0.2558125,0.07674375,Normal,Normal,0.744188,MEDIUM
389,0.0,0.13024333219405249,0.38122500000000004,0.11436750000000001,Normal,Normal,0.618775,MEDIUM
390,0.005,-0.03555430605785548,0.9684625,0.29403875,Normal,Normal,0.036538,LOW
391,0.99,0.1443831693419615,0.15351250000000005,0.73905375,Restart Task,Restart Task,0.163513,LOW
392,0.0,0.135778076188187,0.30256249999999996,0.09076874999999998,Normal,Normal,0.697438,MEDIUM
393,0.0,0.136553167134213,0.2901625,0.08704875,Normal,Normal,0.709838,MEDIUM
394,0.0,0.06357007824386313,0.8346750000000001,0.25040250000000003,Normal,Normal,0.165325,LOW
395,0.0,0.1043598815504026,0.6363,0.19088999999999998,Normal,Normal,0.3637,LOW
396,0.0,0.07514229379551185,0.7894,0.23681999999999997,Normal,Normal,0.2106,LOW
397,0.0,0.10915004291225916,0.60085,0.180255,Normal,Normal,0.39915,LOW
398,0.0,0.08548622446410614,0.7467250000000001,0.2240175,Normal,Normal,0.253275,LOW
399,1.0,0.11783616419627502,0.5230125,0.85690375,Restart Task,Restart Task,0.523012,LOW
400,0.99,0.11382445549716186,0.5608625,0.86125875,Restart Task,Restart Task,0.570863,MEDIUM
401,0.01,0.07428718261401479,0.7926,0.24478,Normal,Normal,0.2174,LOW
402,0.0,0.13971696918061793,0.23788750000000003,0.07136625,Normal,Normal,0.762112,MEDIUM
403,0.0,0.12754597571686427,0.41485000000000005,0.12445500000000001,Normal,Normal,0.58515,MEDIUM
404,0.0,0.0964223500075192,0.6888624999999999,0.20665874999999997,Normal,Normal,0.311138,LOW
405,0.985,0.05564806740954786,0.8604499999999999,0.947635,Restart Task,Restart Task,0.87545,HIGH
406,0.0,0.1083636533926069,0.6072124999999999,0.18216374999999999,Normal,Normal,0.392788,LOW
407,0.0,0.1364477383986334,0.291875,0.0875625,Normal,Normal,0.708125,MEDIUM
408,0.005,-0.180605486018659,0.9996625,0.30339875,Scale Resources,Scale Resources,0.005337,LOW
409,1.0,0.1080826958059507,0.6093999999999999,0.8828199999999999,Restart Task,Restart Task,0.6094,MEDIUM
410,0.0,0.1284631271419855,0.40369999999999995,0.12110999999999998,Normal,Normal,0.5963,MEDIUM
411,0.0,0.1270974687409953,0.42008749999999995,0.12602624999999998,Normal,Normal,0.579913,MEDIUM
412,0.995,0.1224382576346178,0.47521250000000004,0.83906375,Restart Task,Restart Task,0.480213,LOW
413,0.0,0.11783606646110645,0.5230250000000001,0.1569075,Normal,Normal,0.476975,LOW
414,0.005,0.12011357683850954,0.49987499999999996,0.15346249999999997,Normal,Normal,0.505125,LOW
415,0.0,0.147809973792775,0.09635000000000005,0.028905000000000014,Normal,Normal,0.90365,HIGH
416,0.0,0.03790892687479608,0.9028375,0.27085125,Normal,Normal,0.097163,LOW
417,0.995,0.06698378138758165,0.822025,0.9431075,Restart Task,Restart Task,0.827025,HIGH
418,0.0,0.13180876360536853,0.36075,0.108225,Normal,Normal,0.63925,MEDIUM
419,0.0,0.05727672598626371,0.8558,0.25673999999999997,Normal,Normal,0.1442,LOW
420,0.0,0.14043514953288033,0.22567499999999996,0.06770249999999998,Normal,Normal,0.774325,MEDIUM
421,1.0,0.1289864266902318,0.39756250000000004,0.81926875,Restart Task,Restart Task,0.397563,LOW
422,0.005,0.11839428347092762,0.5174624999999999,0.15873874999999998,Normal,Normal,0.487538,LOW
423,0.0,0.10049690119371751,0.662175,0.19865249999999998,Normal,Normal,0.337825,LOW
424,0.0,0.127406161098793,0.41617499999999996,0.12485249999999998,Normal,Normal,0.583825,MEDIUM
425,0.0,0.03360325949763432,0.9123625,0.27370875,Normal,Normal,0.087638,LOW
426,0.0,0.0964223500075192,0.6888624999999999,0.20665874999999997,Normal,Normal,0.311138,LOW
427,0.0,0.13271359034956226,0.34755,0.10426500000000001,Normal,Normal,0.65245,MEDIUM
428,0.0,-0.0002518006995377853,0.95025,0.285075,Normal,Normal,0.04975,LOW
429,0.0,0.10937952419485558,0.5985625,0.17956875,Normal,Normal,0.401438,LOW
430,0.0,0.0875489619317546,0.7361,0.22083,Normal,Normal,0.2639,LOW
431,0.0,0.12026140676797425,0.49824999999999997,0.149475,Normal,Normal,0.50175,LOW
432,0.0,0.1269728303775839,0.4216375,0.12649125,Normal,Normal,0.578363,MEDIUM
433,0.0,0.14489486879538305,0.14461250000000003,0.043383750000000006,Normal,Normal,0.855387,HIGH
434,0.0,0.14389588924088126,0.16331249999999997,0.04899374999999999,Normal,Normal,0.836688,HIGH
435,0.0,0.13238399073909796,0.3521875,0.10565625,Normal,Normal,0.647813,MEDIUM
436,0.0,0.1393885609718133,0.24303750000000002,0.07291125,Normal,Normal,0.756962,MEDIUM
437,0.0,0.12548700904950333,0.44015000000000004,0.132045,Normal,Normal,0.55985,MEDIUM
438,0.0,0.14548649141707237,0.13442500000000002,0.0403275,Normal,Normal,0.865575,HIGH
439,0.0,0.06364484295423306,0.834325,0.2502975,Normal,Normal,0.165675,LOW
440,0.0,0.13138131938087977,0.36668750000000006,0.11000625000000001,Normal,Normal,0.633312,MEDIUM
441,0.0,0.007397321245546595,0.9450875,0.28352625,Normal,Normal,0.054913,LOW
442,0.0,0.14389588924088126,0.16331249999999997,0.04899374999999999,Normal,Normal,0.836688,HIGH
443,0.0,0.11122287610394843,0.583325,0.1749975,Normal,Normal,0.416675,LOW
444,0.97,0.12338696646557634,0.46430000000000005,0.81829,Restart Task,Restart Task,0.4943,LOW
445,0.005,0.10032870619098361,0.6632875,0.20248625,Normal,Normal,0.341712,LOW
446,0.98,0.09248295659109673,0.7111875,0.89935625,Restart Task,Restart Task,0.731187,MEDIUM
447,0.995,0.0674661509643606,0.8202125,0.94256375,Restart Task,Restart Task,0.825213,HIGH
448,0.975,0.08719832442453429,0.737975,0.9038925,Restart Task,Restart Task,0.762975,MEDIUM
449,0.005,0.033847620727664895,0.911775,0.2770325,Normal,Normal,0.093225,LOW
450,0.0,0.05192937205524123,0.871675,0.26150249999999997,Normal,Normal,0.128325,LOW
451,0.99,0.1267780149103006,0.4243125,0.8202937499999999,Restart Task,Restart Task,0.434312,LOW
452,0.98,0.13750301864109465,0.27366250000000003,0.7680987499999999,Restart Task,Restart Task,0.293663,LOW
453,0.0,0.10253993785061138,0.6482375,0.19447125,Normal,Normal,0.351762,LOW
454,0.735,0.03911591612285403,0.900375,0.7846124999999999,Restart Task,Restart Task,0.834625,HIGH
455,0.0,0.10245955420613112,0.648825,0.1946475,Normal,Normal,0.351175,LOW
456,0.0,0.13381839221773645,0.3315,0.09945,Normal,Normal,0.6685,MEDIUM
457,0.01,0.12584088462940968,0.4356375,0.13769125000000002,Normal,Normal,0.574362,MEDIUM
458,0.0,0.0532781496655485,0.86795,0.260385,Normal,Normal,0.13205,LOW
459,1.0,0.06446241944375236,0.8314874999999999,0.9494462499999999,Restart Task,Restart Task,0.831487,HIGH
460,0.005,0.042186001378022975,0.894225,0.2717675,Normal,Normal,0.110775,LOW
461,0.0,0.14075712041116467,0.22058750000000005,0.06617625,Normal,Normal,0.779412,MEDIUM
462,0.0,0.14092047930100138,0.21799999999999997,0.06539999999999999,Normal,Normal,0.782,MEDIUM
463,0.005,0.09264957945126467,0.7102625,0.21657875000000001,Normal,Normal,0.294737,LOW
464,0.0,0.1282363142214592,0.4063875,0.12191625,Normal,Normal,0.593612,MEDIUM
465,0.0,0.1110710667346878,0.5844625,0.17533875,Normal,Normal,0.415538,LOW
466,0.0,0.1312822768217463,0.3677625,0.11032874999999999,Normal,Normal,0.632238,MEDIUM
467,0.0,0.10937952419485558,0.5985625,0.17956875,Normal,Normal,0.401438,LOW
468,0.975,-0.0030457445514429082,0.9518375,0.96805125,Restart Task,Restart Task,0.976838,HIGH
469,0.0,0.12934089124109166,0.39312499999999995,0.11793749999999997,Normal,Normal,0.606875,MEDIUM
470,0.995,0.14402447801680357,0.1609125,0.74477375,Restart Task,Restart Task,0.165913,LOW
471,0.0,0.13366629234416338,0.33362499999999995,0.10008749999999998,Normal,Normal,0.666375,MEDIUM
472,0.0,0.13558322255259492,0.30533750000000004,0.09160125000000001,Normal,Normal,0.694662,MEDIUM
473,0.0,0.13700937942086777,0.28200000000000003,0.08460000000000001,Normal,Normal,0.718,MEDIUM
474,1.0,0.12494274805011069,0.4461625,0.8338487499999999,Restart Task,Restart Task,0.446163,LOW
475,1.0,0.14209850645807176,0.19645,0.7589349999999999,Restart Task,Restart Task,0.19645,LOW
476,1.0,0.10698476406398261,0.617425,0.8852275,Restart Task,Restart Task,0.617425,MEDIUM
477,0.0,0.05141567955900833,0.8728625,0.26185875,Normal,Normal,0.127138,LOW
478,0.0,0.11601306588792365,0.5411250000000001,0.16233750000000002,Normal,Normal,0.458875,LOW
479,0.0,0.12824313212223165,0.40631249999999997,0.12189374999999998,Normal,Normal,0.593688,MEDIUM
480,0.0,0.06360352757011939,0.83455,0.250365,Normal,Normal,0.16545,LOW
481,0.005,0.13746462903549295,0.2742375,0.08577125000000001,Normal,Normal,0.730762,MEDIUM
482,0.0,0.12696354295429918,0.42179999999999995,0.12653999999999999,Normal,Normal,0.5782,MEDIUM
483,0.0,0.08786370214046363,0.7343124999999999,0.22029374999999998,Normal,Normal,0.265688,LOW
484,0.02,0.11888530869079506,0.5118750000000001,0.1675625,Normal,Normal,0.508125,LOW
485,0.0,-0.0698300697531955,0.9839375,0.29518125,Normal,Normal,0.016062,LOW
486,0.0,0.11873213757013917,0.5132625,0.15397874999999997,Normal,Normal,0.486738,LOW
487,1.0,0.09500035501259863,0.6969125,0.9090737499999999,Restart Task,Restart Task,0.696913,MEDIUM
488,0.0,0.061843632987771735,0.8411125,0.25233375,Normal,Normal,0.158887,LOW
489,0.0,0.14043514953288033,0.22567499999999996,0.06770249999999998,Normal,Normal,0.774325,MEDIUM
490,0.0,0.10523177323169608,0.6300250000000001,0.18900750000000002,Normal,Normal,0.369975,LOW
491,0.005,0.1256424268257189,0.4382125,0.13496375,Normal,Normal,0.566787,MEDIUM
492,0.005,0.016703813998762862,0.9370875,0.28462624999999997,Normal,Normal,0.067913,LOW
493,0.0,-0.08167872679212984,0.9872125,0.29616375,Normal,Normal,0.012787,LOW
494,0.0,0.13201750146806907,0.35775,0.107325,Normal,Normal,0.64225,MEDIUM
495,0.0,0.1066668624997783,0.619475,0.1858425,Normal,Normal,0.380525,LOW
496,0.005,0.1071815089153817,0.6156625,0.18819875,Normal,Normal,0.389338,LOW
497,0.0,0.12489085925361187,0.44686250000000005,0.13405875,Normal,Normal,0.553137,MEDIUM
498,0.0,0.13337857685048077,0.33787500000000004,0.10136250000000001,Normal,Normal,0.662125,MEDIUM
499,1.0,0.046771017985369256,0.883725,0.9651175,Restart Task,Restart Task,0.883725,HIGH
500,0.01,0.11192767903075235,0.5777749999999999,0.18033249999999998,Normal,Normal,0.432225,LOW
501,0.0,0.09412397294818692,0.70165,0.210495,Normal,Normal,0.29835,LOW
502,0.005,0.11673364935323716,0.534375,0.1638125,Normal,Normal,0.470625,LOW
503,0.0,0.13496489179590931,0.31476249999999995,0.09442874999999998,Normal,Normal,0.685238,MEDIUM
504,0.08,0.1188297195788125,0.512425,0.20972749999999998,Normal,Normal,0.567575,MEDIUM
505,0.0,0.10758495167541382,0.6127750000000001,0.1838325,Normal,Normal,0.387225,LOW
506,0.0,0.13223213600691863,0.35450000000000004,0.10635000000000001,Normal,Normal,0.6455,MEDIUM
507,0.0,0.01614188020287044,0.937575,0.2812725,Normal,Normal,0.062425,LOW
508,0.97,0.057055858561664674,0.8565,0.93595,Restart Task,Restart Task,0.8865,HIGH
509,0.0,0.0983454706536866,0.6767375,0.20302125,Normal,Normal,0.323263,LOW
510,0.1,0.10096614515595714,0.6587375,0.26762125,Normal,Normal,0.441263,LOW
511,0.0,0.08665520038077645,0.7408625,0.22225874999999998,Normal,Normal,0.259138,LOW
512,0.0,0.12576457718688028,0.43662500000000004,0.1309875,Normal,Normal,0.563375,MEDIUM
513,0.0,0.053637745756002664,0.8670249999999999,0.2601075,Normal,Normal,0.132975,LOW
514,0.0,0.07035788492101502,0.808825,0.2426475,Normal,Normal,0.191175,LOW
515,0.0,0.14661420166421907,0.11555000000000004,0.03466500000000001,Normal,Normal,0.88445,HIGH
516,0.0,0.12864585327517492,0.40161250000000004,0.12048375,Normal,Normal,0.598387,MEDIUM
517,0.0,0.1205719596196892,0.49511249999999996,0.14853375,Normal,Normal,0.504888,LOW
518,0.0,0.09133486021101722,0.7173875000000001,0.21521625000000003,Normal,Normal,0.282612,LOW
519,0.995,0.10276443155463272,0.6468,0.89054,Restart Task,Restart Task,0.6518,MEDIUM
520,0.0,0.06312304556073522,0.83645,0.250935,Normal,Normal,0.16355,LOW
521,0.0,0.1066060457837465,0.6198375,0.18595125,Normal,Normal,0.380162,LOW
522,0.0,0.12072667448052227,0.49326250000000005,0.14797875000000002,Normal,Normal,0.506737,LOW
523,1.0,0.12924363163317187,0.39444999999999997,0.8183349999999999,Restart Task,Restart Task,0.39445,LOW
524,1.0,0.039743109249997466,0.8991750000000001,0.9697525,Restart Task,Restart Task,0.899175,HIGH
525,0.0,0.11991137885147618,0.5016625,0.15049875,Normal,Normal,0.498337,LOW
526,0.0,0.13745614995781613,0.27435,0.08230499999999999,Normal,Normal,0.72565,MEDIUM
527,0.0,0.09543901208540745,0.6945375,0.20836125,Normal,Normal,0.305462,LOW
528,0.0,0.08150433375992783,0.763625,0.2290875,Normal,Normal,0.236375,LOW
529,0.005,0.03245125515603253,0.9151875,0.27805625,Normal,Normal,0.089812,LOW
530,0.0,0.11383709151900234,0.5607875,0.16823625,Normal,Normal,0.439213,LOW
531,0.0,0.09537232699341591,0.6948624999999999,0.20845874999999997,Normal,Normal,0.305138,LOW
532,0.0,0.118298598538708,0.5185875,0.15557625,Normal,Normal,0.481413,LOW
533,1.0,0.07999092344555658,0.7695375,0.93086125,Restart Task,Restart Task,0.769537,MEDIUM
534,0.005,0.14181158108776964,0.20228749999999995,0.06418624999999999,Normal,Normal,0.802713,HIGH
535,0.005,0.07985010355354938,0.7701625,0.23454874999999997,Normal,Normal,0.234838,LOW
536,0.0,0.11154284967715744,0.5808375,0.17425125,Normal,Normal,0.419162,LOW
537,0.865,0.09958687560860002,0.6685,0.8060499999999999,Restart Task,Restart Task,0.8035,HIGH
538,1.0,0.03648633462533102,0.9057999999999999,0.9717399999999999,Restart Task,Restart Task,0.9058,HIGH
539,0.005,0.1076726831303157,0.612225,0.18716750000000001,Normal,Normal,0.392775,LOW
540,0.0,0.1257612432883996,0.4366375,0.13099125,Normal,Normal,0.563362,MEDIUM
541,0.0,0.09404232153185843,0.702175,0.2106525,Normal,Normal,0.297825,LOW
542,1.0,0.1292431947256944,0.394475,0.8183425,Restart Task,Restart Task,0.394475,LOW
543,0.0,0.10291352840823864,0.6457625,0.19372875,Normal,Normal,0.354237,LOW
544,0.0,0.13048493036710013,0.37829999999999997,0.11348999999999998,Normal,Normal,0.6217,MEDIUM
545,0.98,0.12017383829551159,0.499275,0.8357825,Restart Task,Restart Task,0.519275,LOW
546,0.97,0.1044383459715525,0.6359,0.8697699999999999,Restart Task,Restart Task,0.6659,MEDIUM
547,1.0,0.13282668893920513,0.3458,0.8037399999999999,Restart Task,Restart Task,0.3458,LOW
548,0.005,0.13298009923551973,0.34376249999999997,0.10662875,Normal,Normal,0.661238,MEDIUM
549,0.0,0.08721803578836129,0.7377625,0.22132875,Normal,Normal,0.262238,LOW
550,0.945,-0.009406772975947941,0.9553,0.94809,Restart Task,Restart Task,0.9897,HIGH
551,0.965,0.11694841703929443,0.5323249999999999,0.8351974999999999,Restart Task,Restart Task,0.567325,MEDIUM
552,0.0,0.11471540108938594,0.552725,0.1658175,Normal,Normal,0.447275,LOW
553,0.0,0.10257036486131649,0.6480125,0.19440375,Normal,Normal,0.351988,LOW
554,0.0,0.10494710373078892,0.6320625,0.18961874999999997,Normal,Normal,0.367938,LOW
555,0.01,0.053884723657477485,0.8662375,0.26687125,Normal,Normal,0.143763,LOW
556,0.0,0.025989415236700175,0.925675,0.2777025,Normal,Normal,0.074325,LOW
557,0.0,0.1026112953972444,0.6477625,0.19432875,Normal,Normal,0.352237,LOW
558,0.0,0.13392546455794896,0.32987500000000003,0.09896250000000001,Normal,Normal,0.670125,MEDIUM
559,0.0,0.12878922250744418,0.4001125,0.12003375,Normal,Normal,0.599888,MEDIUM
560,0.02,0.07826384037044032,0.7769125,0.24707374999999998,Normal,Normal,0.243088,LOW
561,0.985,0.13239545742958758,0.352,0.7951,Restart Task,Restart Task,0.367,LOW
562,0.0,0.1393154903769963,0.24444999999999995,0.07333499999999998,Normal,Normal,0.75555,MEDIUM
563,0.005,0.1189159321914734,0.51135,0.156905,Normal,Normal,0.49365,LOW
564,0.0,0.13439387879113096,0.32338750000000005,0.09701625000000001,Normal,Normal,0.676612,MEDIUM
565,0.0,0.13537520010632675,0.30838750000000004,0.09251625000000001,Normal,Normal,0.691612,MEDIUM
566,1.0,0.038666581086170826,0.9013375,0.9704012499999999,Restart Task,Restart Task,0.901338,HIGH
567,1.0,0.03278493891101031,0.9144125,0.9743237499999999,Restart Task,Restart Task,0.914412,HIGH
568,0.0,0.12968702511623603,0.3883875,0.11651624999999999,Normal,Normal,0.611613,MEDIUM
569,0.0,0.13921108695217943,0.24591249999999998,0.07377374999999999,Normal,Normal,0.754088,MEDIUM
570,0.0,0.12612029557019339,0.43215000000000003,0.129645,Normal,Normal,0.56785,MEDIUM
571,0.0,0.12624918866280604,0.4305375,0.12916125,Normal,Normal,0.569462,MEDIUM
572,0.0,0.014840758839676282,0.9386125,0.28158374999999997,Normal,Normal,0.061388,LOW
573,1.0,0.121961955348875,0.47996249999999996,0.84398875,Restart Task,Restart Task,0.479962,LOW
574,0.0,0.13613162797152395,0.29715,0.089145,Normal,Normal,0.70285,MEDIUM
575,0.0,0.016880567691186066,0.93695,0.281085,Normal,Normal,0.06305,LOW
576,0.075,0.09299822241108069,0.708375,0.2650125,Normal,Normal,0.366625,LOW
577,0.0,0.12662131695797207,0.42610000000000003,0.12783,Normal,Normal,0.5739,MEDIUM
578,0.0,0.12988108731030956,0.385775,0.11573249999999999,Normal,Normal,0.614225,MEDIUM
579,0.0,0.07876822076507606,0.774425,0.2323275,Normal,Normal,0.225575,LOW
580,0.0,0.08297983972761497,0.7577125,0.22731374999999998,Normal,Normal,0.242287,LOW
581,0.005,0.00021403116007134848,0.949925,0.2884775,Normal,Normal,0.055075,LOW
582,0.0,-0.018487469873755935,0.961325,0.2883975,Normal,Normal,0.038675,LOW
583,0.0,0.1169994070211492,0.5318499999999999,0.15955499999999997,Normal,Normal,0.46815,LOW
584,0.0,0.0647413968517816,0.8303875000000001,0.24911625,Normal,Normal,0.169612,LOW
585,0.0,0.11709705991986852,0.5309375000000001,0.15928125,Normal,Normal,0.469062,LOW
586,0.0,0.13847284068435106,0.2574375,0.07723124999999999,Normal,Normal,0.742563,MEDIUM
587,0.005,0.1489469071253527,0.08025000000000004,0.027575000000000013,Normal,Normal,0.92475,HIGH
588,0.0,0.1275002415911477,0.4153125,0.12459374999999999,Normal,Normal,0.584688,MEDIUM
589,0.0,0.0796795914599881,0.7708625,0.23125874999999999,Normal,Normal,0.229137,LOW
590,1.0,0.11448805509196869,0.5548375,0.8664512499999999,Restart Task,Restart Task,0.554837,MEDIUM
591,0.005,0.12242989745917315,0.47529999999999994,0.14608999999999997,Normal,Normal,0.5297,LOW
592,0.0,0.07188994567614149,0.80215,0.240645,Normal,Normal,0.19785,LOW
593,1.0,0.11989236077298326,0.5018125,0.8505437499999999,Restart Task,Restart Task,0.501812,LOW
594,0.0,0.11930848732121446,0.5079125,0.15237375,Normal,Normal,0.492088,LOW
595,1.0,0.051617760620461806,0.872425,0.9617275,Restart Task,Restart Task,0.872425,HIGH
596,0.0,0.11810078387347989,0.5202875,0.15608625,Normal,Normal,0.479712,LOW
597,0.01,0.14535390978120133,0.13673749999999996,0.04802124999999999,Normal,Normal,0.873263,HIGH
598,0.0,0.052108546740708916,0.8712,0.26136,Normal,Normal,0.1288,LOW
599,0.0,0.1269728303775839,0.4216375,0.12649125,Normal,Normal,0.578363,MEDIUM
600,0.995,0.1049013765402177,0.6324375,0.88623125,Restart Task,Restart Task,0.637437,MEDIUM
601,0.975,0.032484796137673744,0.91515,0.9570449999999999,Restart Task,Restart Task,0.94015,HIGH
602,1.0,0.13265036870106822,0.34840000000000004,0.80452,Restart Task,Restart Task,0.3484,LOW
603,0.0,0.13440484638980843,0.32330000000000003,0.09699,Normal,Normal,0.6767,MEDIUM
604,0.0,0.13168632201521968,0.3622875,0.10868625,Normal,Normal,0.637713,MEDIUM
605,0.0,0.07444368568998927,0.7920125,0.23760375,Normal,Normal,0.207987,LOW
606,0.805,0.034282317626247005,0.91085,0.836755,Restart Task,Restart Task,0.89415,HIGH
607,0.0,0.11727294767644247,0.5290375,0.15871125,Normal,Normal,0.470962,LOW
608,0.0,0.09340796830166731,0.705925,0.2117775,Normal,Normal,0.294075,LOW
609,0.0,0.1324833855197287,0.35077499999999995,0.10523249999999998,Normal,Normal,0.649225,MEDIUM
610,0.0,0.07404456250930558,0.7935,0.23804999999999998,Normal,Normal,0.2065,LOW
611,0.0,0.12139391498571706,0.486275,0.1458825,Normal,Normal,0.513725,LOW
612,1.0,0.11141001861764721,0.5817,0.8745099999999999,Restart Task,Restart Task,0.5817,MEDIUM
613,0.0,0.014840758839676282,0.9386125,0.28158374999999997,Normal,Normal,0.061388,LOW
614,0.0,0.12743028247083515,0.41598749999999995,0.12479624999999998,Normal,Normal,0.584013,MEDIUM
615,0.0,0.041445452212290124,0.895725,0.2687175,Normal,Normal,0.104275,LOW
616,0.0,-0.13314910055862894,0.9949,0.29847,Normal,Normal,0.0051,LOW
617,0.0,0.10708190770101461,0.6168374999999999,0.18505124999999997,Normal,Normal,0.383163,LOW
618,0.0,0.10225972676134903,0.6501250000000001,0.1950375,Normal,Normal,0.349875,LOW
619,0.0,0.13105134539437446,0.3708625,0.11125874999999999,Normal,Normal,0.629138,MEDIUM
620,1.0,0.06562702967093892,0.8270375,0.94811125,Restart Task,Restart Task,0.827037,HIGH
621,1.0,0.030926038037477177,0.9182125,0.97546375,Restart Task,Restart Task,0.918212,HIGH
622,0.985,-0.0384374048357502,0.9694375,0.98033125,Restart Task,Restart Task,0.984437,HIGH
623,0.0,0.12662131695797207,0.42610000000000003,0.12783,Normal,Normal,0.5739,MEDIUM
624,0.0,0.1337779225377353,0.3321375,0.09964124999999999,Normal,Normal,0.667863,MEDIUM
625,0.0,0.14162760087350268,0.2059375,0.061781249999999996,Normal,Normal,0.794063,MEDIUM
626,0.0,0.13252961780867084,0.35016250000000004,0.10504875000000001,Normal,Normal,0.649837,MEDIUM
627,0.0,0.13897026364260584,0.24943749999999998,0.07483124999999999,Normal,Normal,0.750563,MEDIUM
628,0.0,0.11619517196448209,0.5396624999999999,0.16189874999999998,Normal,Normal,0.460338,LOW
629,0.0,-0.19431997686280256,0.9999625,0.29998874999999997,Normal,Normal,3.8e-05,LOW
630,0.0,0.0573619671087755,0.8554625,0.25663874999999997,Normal,Normal,0.144537,LOW
631,0.0,0.13006945246456642,0.38334999999999997,0.11500499999999998,Normal,Normal,0.61665,MEDIUM
632,0.0,0.10940252333940431,0.5983625,0.17950875,Normal,Normal,0.401637,LOW
633,0.0,0.12510930982009094,0.44433750000000005,0.13330125,Normal,Normal,0.555662,MEDIUM
634,0.98,0.07934715191135921,0.77225,0.9176749999999999,Restart Task,Restart Task,0.79225,MEDIUM
635,0.0,-0.06829118619605312,0.982325,0.2946975,Normal,Normal,0.017675,LOW
636,1.0,0.11449268879204016,0.5547875,0.8664362499999999,Restart Task,Restart Task,0.554787,MEDIUM
637,0.0,0.13252072579580898,0.35021250000000004,0.10506375000000001,Normal,Normal,0.649787,MEDIUM
638,0.025,0.1339386959833625,0.3296375,0.11639125,Normal,Normal,0.695362,MEDIUM
639,0.0,0.14021971741190054,0.22914999999999996,0.06874499999999999,Normal,Normal,0.77085,MEDIUM
640,1.0,0.12202826013594487,0.47924999999999995,0.8437749999999999,Restart Task,Restart Task,0.47925,LOW
641,0.0,0.13758697842368262,0.2725375,0.08176125,Normal,Normal,0.727463,MEDIUM
642,0.005,0.10272766019014251,0.6470125,0.19760375,Normal,Normal,0.357988,LOW
643,0.0,0.12711981125968175,0.41964999999999997,0.12589499999999998,Normal,Normal,0.58035,MEDIUM
644,0.0,0.09291419400677536,0.7087875,0.21263625,Normal,Normal,0.291212,LOW
645,0.0,-0.10028138994603741,0.9924625,0.29773875,Normal,Normal,0.007537,LOW
646,0.935,0.09639156003796295,0.6890125,0.8612037499999999,Restart Task,Restart Task,0.754012,MEDIUM
647,0.0,0.11788910827843024,0.5224375,0.15673125,Normal,Normal,0.477563,LOW
648,0.0,0.05441656619372526,0.864625,0.2593875,Normal,Normal,0.135375,LOW
649,1.0,0.07290324264648279,0.7981125,0.93943375,Restart Task,Restart Task,0.798113,MEDIUM
650,0.0,0.139858605923884,0.23506249999999995,0.07051874999999998,Normal,Normal,0.764938,MEDIUM
651,0.0,0.10745313360877207,0.6137625,0.18412874999999998,Normal,Normal,0.386238,LOW
652,0.0,0.14086403121207502,0.21892500000000004,0.06567750000000001,Normal,Normal,0.781075,MEDIUM
653,0.01,0.11547908464886059,0.546475,0.17094250000000002,Normal,Normal,0.463525,LOW
654,0.015,0.12464797747606549,0.44965,0.145395,Normal,Normal,0.56535,MEDIUM
655,0.0,0.06898058735028617,0.8143,0.24429,Normal,Normal,0.1857,LOW
656,0.83,0.06119361703023385,0.8436625,0.8340987499999999,Restart Task,Restart Task,0.986337,HIGH
657,0.0,0.13020166037453962,0.3818625,0.11455874999999999,Normal,Normal,0.618138,MEDIUM
658,0.0,0.12533674520539811,0.44172500000000003,0.1325175,Normal,Normal,0.558275,MEDIUM
659,1.0,0.06176915794518223,0.841425,0.9524275,Restart Task,Restart Task,0.841425,HIGH
660,0.0,0.03245125515603253,0.9151875,0.27455625,Normal,Normal,0.084812,LOW
661,0.005,0.10577936216293288,0.6259625,0.19128874999999998,Normal,Normal,0.379038,LOW
662,0.005,0.0505103937208225,0.8749875,0.26599625,Normal,Normal,0.130012,LOW
663,0.995,0.08972972655061029,0.7257125,0.91421375,Restart Task,Restart Task,0.730712,MEDIUM
664,0.0,0.1457554803660377,0.12908750000000002,0.038726250000000004,Normal,Normal,0.870912,HIGH
665,0.925,0.13881611233062136,0.25202500000000005,0.7231075,Restart Task,Restart Task,0.327025,LOW
666,0.0,0.1326643525584133,0.348225,0.1044675,Normal,Normal,0.651775,MEDIUM
667,0.99,0.0608272668457952,0.8447125,0.9464137499999999,Restart Task,Restart Task,0.854712,HIGH
668,0.005,0.1394804516528611,0.2417625,0.07602874999999999,Normal,Normal,0.763238,MEDIUM
669,0.0,0.12662131695797207,0.42610000000000003,0.12783,Normal,Normal,0.5739,MEDIUM
670,1.0,0.0355189592841908,0.9077,0.97231,Restart Task,Restart Task,0.9077,HIGH
671,0.0,0.11840669894787476,0.5172875,0.15518625,Normal,Normal,0.482712,LOW
672,0.0,0.11609214134677548,0.5405125,0.16215374999999999,Normal,Normal,0.459488,LOW
673,0.985,0.007579088824116731,0.944925,0.9729775,Restart Task,Restart Task,0.959925,HIGH
674,0.0,0.02633922692723656,0.9251375,0.27754124999999996,Normal,Normal,0.074863,LOW
675,0.025,0.06325622434491068,0.8358375,0.26825125,Normal,Normal,0.189163,LOW
676,1.0,0.004023372837333783,0.9478875,0.9843662499999999,Restart Task,Restart Task,0.947887,HIGH
677,1.0,0.11454820566261598,0.554175,0.8662525,Restart Task,Restart Task,0.554175,MEDIUM
678,0.99,0.07642237706304539,0.78445,0.9283349999999999,Restart Task,Restart Task,0.79445,MEDIUM
679,0.005,0.050729956115118435,0.8744875,0.26584625,Normal,Normal,0.130513,LOW
680,0.0,0.11455754719151257,0.5540875000000001,0.16622625000000002,Normal,Normal,0.445912,LOW
681,0.03,0.07773674788407553,0.7790625,0.25471875,Normal,Normal,0.250938,LOW
682,0.985,0.03615882523947789,0.906425,0.9614275,Restart Task,Restart Task,0.921425,HIGH
683,0.0,0.114495192859003,0.5547625,0.16642875000000001,Normal,Normal,0.445237,LOW
684,0.0,0.13265865296730184,0.34830000000000005,0.10449000000000001,Normal,Normal,0.6517,MEDIUM
685,0.975,0.02514406944125247,0.9269000000000001,0.9605699999999999,Restart Task,Restart Task,0.9519,HIGH
686,0.0,0.08129654838679412,0.764525,0.2293575,Normal,Normal,0.235475,LOW
687,0.0,0.07954433112937775,0.771475,0.2314425,Normal,Normal,0.228525,LOW
688,0.985,0.1223896515273854,0.47558750000000005,0.8321762500000001,Restart Task,Restart Task,0.490588,LOW
689,0.005,0.1144975052610111,0.5547124999999999,0.16991374999999997,Normal,Normal,0.450288,LOW
690,0.0,-0.038246812545266407,0.969375,0.2908125,Normal,Normal,0.030625,LOW
691,1.0,0.11565944751708779,0.5445125,0.8633537499999999,Restart Task,Restart Task,0.544512,LOW
692,0.0,-0.13132117123916576,0.9946625,0.29839875,Normal,Normal,0.005337,LOW
693,0.005,0.0638823438451045,0.83325,0.253475,Normal,Normal,0.17175,LOW
694,0.0,0.12357053157506287,0.4621875,0.13865624999999998,Normal,Normal,0.537813,LOW
695,0.0,0.12976486695939243,0.387375,0.1162125,Normal,Normal,0.612625,MEDIUM
696,0.995,0.07101849135706967,0.8056625,0.93819875,Restart Task,Restart Task,0.810662,HIGH
697,0.0,0.1412991237272983,0.2120375,0.06361125,Normal,Normal,0.787963,MEDIUM
698,0.0,0.10817554803981966,0.6086125,0.18258375,Normal,Normal,0.391387,LOW
699,0.0,0.12180825924803251,0.4817,0.14451,Normal,Normal,0.5183,LOW
700,0.985,0.09487722015066985,0.6975750000000001,0.8987725,Restart Task,Restart Task,0.712575,MEDIUM
701,0.0,0.04572522617765229,0.88625,0.265875,Normal,Normal,0.11375,LOW
702,0.0,0.13439387879113096,0.32338750000000005,0.09701625000000001,Normal,Normal,0.676612,MEDIUM
703,0.0,0.1268564309955097,0.42333750000000003,0.12700125,Normal,Normal,0.576662,MEDIUM
704,0.0,0.11669929008531987,0.5347625,0.16042875,Normal,Normal,0.465237,LOW
705,0.0,0.08974409507426329,0.7255875,0.21767625000000002,Normal,Normal,0.274412,LOW
706,0.0,0.10646912274456621,0.620625,0.18618749999999998,Normal,Normal,0.379375,LOW
707,0.01,0.11512891173719614,0.54965,0.171895,Normal,Normal,0.46035,LOW
708,0.995,0.12905140304481522,0.39678749999999996,0.81553625,Restart Task,Restart Task,0.401787,LOW
709,0.99,0.06243106955425348,0.8389,0.9446699999999999,Restart Task,Restart Task,0.8489,HIGH
710,0.0,-0.10846429035483007,0.993275,0.2979825,Normal,Normal,0.006725,LOW
711,0.0,0.0896271507139893,0.7262500000000001,0.217875,Normal,Normal,0.27375,LOW
712,0.0,0.11107039026532439,0.5844750000000001,0.1753425,Normal,Normal,0.415525,LOW
713,0.0,0.1251426721078252,0.44399999999999995,0.13319999999999999,Normal,Normal,0.556,MEDIUM
714,0.0,0.12316498276722793,0.4670375,0.14011125,Normal,Normal,0.532963,LOW
715,0.0,0.12224622605093921,0.47714999999999996,0.143145,Normal,Normal,0.52285,LOW
716,0.0,0.13333664841542975,0.33855,0.101565,Normal,Normal,0.66145,MEDIUM
717,0.0,0.06477011966241891,0.8302375,0.24907124999999997,Normal,Normal,0.169763,LOW
718,0.0,0.11344163988899886,0.56395,0.16918499999999997,Normal,Normal,0.43605,LOW
719,1.0,0.07654307830864598,0.7839,0.93517,Restart Task,Restart Task,0.7839,MEDIUM
720,0.0,0.017417832380162368,0.9364125,0.28092374999999997,Normal,Normal,0.063588,LOW
721,0.0,0.1172135107037186,0.5297375,0.15892125,Normal,Normal,0.470263,LOW
722,0.0,0.13384390015071546,0.33099999999999996,0.09929999999999999,Normal,Normal,0.669,MEDIUM
723,1.0,0.04307225528064729,0.89235,0.9677049999999999,Restart Task,Restart Task,0.89235,HIGH
724,0.0,0.12561361210612515,0.4385375,0.13156125,Normal,Normal,0.561462,MEDIUM
725,0.0,0.08867699768873605,0.7302500000000001,0.21907500000000002,Normal,Normal,0.26975,LOW
726,0.0,0.13856477330664624,0.2558125,0.07674375,Normal,Normal,0.744188,MEDIUM
727,0.955,0.07263529240862615,0.79925,0.9082749999999999,Restart Task,Restart Task,0.84425,HIGH
728,0.0,0.12342359759170912,0.4638875,0.13916625,Normal,Normal,0.536112,LOW
729,0.005,0.10842897567602361,0.6067875,0.18553625,Normal,Normal,0.398212,LOW
730,0.0,0.11929606326575187,0.508025,0.15240749999999997,Normal,Normal,0.491975,LOW
731,0.995,0.12065476113784929,0.494225,0.8447675,Restart Task,Restart Task,0.499225,LOW
732,0.0,0.13347296555706717,0.33667499999999995,0.10100249999999998,Normal,Normal,0.663325,MEDIUM
733,0.0,-0.008767451060104903,0.954925,0.2864775,Normal,Normal,0.045075,LOW
734,0.72,0.08506583850521221,0.748275,0.7284825,Restart Task,Restart Task,0.971725,HIGH
735,0.005,0.11428303204177576,0.5566375,0.17049125,Normal,Normal,0.448362,LOW
736,0.0,0.1327477405697185,0.34709999999999996,0.10412999999999999,Normal,Normal,0.6529,MEDIUM
737,0.0,0.12202729556147085,0.47924999999999995,0.143775,Normal,Normal,0.52075,LOW
738,0.995,0.09504296384727667,0.6967,0.90551,Restart Task,Restart Task,0.7017,MEDIUM
739,0.0,0.1331179485571558,0.34153750000000005,0.10246125000000002,Normal,Normal,0.658462,MEDIUM
740,0.0,0.09989777712694498,0.665925,0.1997775,Normal,Normal,0.334075,LOW
741,0.005,0.10950764445986033,0.5975625,0.18276875,Normal,Normal,0.407438,LOW
742,0.015,0.09257817319309936,0.71065,0.223695,Normal,Normal,0.30435,LOW
743,0.01,-0.011560495915745594,0.95685,0.294055,Normal,Normal,0.05315,LOW
744,0.98,0.09445352246178007,0.6998249999999999,0.8959474999999999,Restart Task,Restart Task,0.719825,MEDIUM
745,0.99,0.13980003485221376,0.23628749999999998,0.76388625,Restart Task,Restart Task,0.246287,LOW
746,0.0,0.13510522994899632,0.31228750000000005,0.09368625000000001,Normal,Normal,0.687712,MEDIUM
747,0.0,0.11270576005020388,0.5708500000000001,0.17125500000000002,Normal,Normal,0.42915,LOW
748,0.02,0.12830445274420954,0.405725,0.1357175,Normal,Normal,0.614275,MEDIUM
749,0.0,0.02672595731891203,0.924525,0.2773575,Normal,Normal,0.075475,LOW
750,0.0,0.10533152388206823,0.629375,0.1888125,Normal,Normal,0.370625,LOW
751,0.995,0.04135881948909792,0.8959,0.9652700000000001,Restart Task,Restart Task,0.9009,HIGH
752,0.0,0.06274868524585392,0.8377875,0.25133625,Normal,Normal,0.162212,LOW
753,0.0,0.13237089015637704,0.35238749999999996,0.10571624999999998,Normal,Normal,0.647613,MEDIUM
754,0.0,0.14121189116073607,0.21352499999999996,0.06405749999999999,Normal,Normal,0.786475,MEDIUM
755,0.93,0.07765754635502148,0.7792625,0.88477875,Restart Task,Restart Task,0.849262,HIGH
756,0.0,0.12369732950599294,0.4605,0.13815,Normal,Normal,0.5395,LOW
757,0.0,0.14121857805611354,0.21342499999999998,0.06402749999999999,Normal,Normal,0.786575,MEDIUM
758,0.02,0.065109306747899,0.8289875,0.26269624999999996,Normal,Normal,0.191013,LOW
759,0.0,0.05628495948381523,0.8586374999999999,0.25759125,Normal,Normal,0.141363,LOW
760,0.0,0.13896485505345074,0.24955000000000005,0.07486500000000001,Normal,Normal,0.75045,MEDIUM
761,1.0,0.12246734206944687,0.47497500000000004,0.8424925,Restart Task,Restart Task,0.474975,LOW
762,0.965,0.06358451878476484,0.8346125,0.9258837499999999,Restart Task,Restart Task,0.869613,HIGH
763,0.0,0.10953804583922444,0.5972999999999999,0.17919,Normal,Normal,0.4027,LOW
764,0.005,0.08359201515599146,0.7550375,0.23001125,Normal,Normal,0.249962,LOW
765,1.0,0.14022828245453434,0.22904999999999998,0.7687149999999999,Restart Task,Restart Task,0.22905,LOW
766,0.01,0.09187031465370277,0.714275,0.2212825,Normal,Normal,0.295725,LOW
767,0.015,0.14199701066213644,0.19842499999999996,0.07002749999999998,Normal,Normal,0.816575,HIGH
768,1.0,0.02331962338245097,0.9291375,0.9787412499999999,Restart Task,Restart Task,0.929137,HIGH
769,0.0,0.09971130997971828,0.6675125,0.20025374999999998,Normal,Normal,0.332488,LOW
770,0.0,0.05415460280997081,0.86545,0.259635,Normal,Normal,0.13455,LOW
771,0.0,0.13758979587417258,0.27251250000000005,0.08175375000000001,Normal,Normal,0.727487,MEDIUM
772,0.0,0.148406362158575,0.08802500000000002,0.026407500000000004,Normal,Normal,0.911975,HIGH
773,1.0,0.11604397883923528,0.5409375000000001,0.86228125,Restart Task,Restart Task,0.540938,LOW
774,0.98,-0.014544626608913203,0.9594,0.9738199999999999,Restart Task,Restart Task,0.9794,HIGH
775,0.0,0.12859261219055101,0.4021625,0.12064874999999999,Normal,Normal,0.597838,MEDIUM
776,1.0,0.12244643737668409,0.47509999999999997,0.84253,Restart Task,Restart Task,0.4751,LOW
777,0.0,0.12861321586633223,0.40188749999999995,0.12056624999999999,Normal,Normal,0.598113,MEDIUM
778,0.005,0.1313918260783562,0.366475,0.1134425,Normal,Normal,0.638525,MEDIUM
779,0.005,0.12611855966726304,0.432175,0.13315249999999998,Normal,Normal,0.572825,MEDIUM
780,1.0,0.11949406257559447,0.50605,0.851815,Restart Task,Restart Task,0.50605,LOW
781,0.0,0.03786464676956325,0.9029875,0.27089625,Normal,Normal,0.097012,LOW
782,0.99,0.05301587886867071,0.86865,0.953595,Restart Task,Restart Task,0.87865,HIGH
783,0.04,0.0851620696587872,0.74795,0.25238499999999997,Normal,Normal,0.29205,LOW
784,1.0,0.03153233425778479,0.9169375,0.9750812499999999,Restart Task,Restart Task,0.916937,HIGH
785,0.985,0.09770421392056805,0.680975,0.8937925,Restart Task,Restart Task,0.695975,MEDIUM
786,0.0,0.10937952419485558,0.5985625,0.17956875,Normal,Normal,0.401438,LOW
787,1.0,0.13074144056429782,0.37506249999999997,0.81251875,Restart Task,Restart Task,0.375062,LOW
788,0.005,0.07492532005130215,0.79015,0.240545,Normal,Normal,0.21485,LOW
789,0.0,0.10874046923575414,0.6042875,0.18128624999999998,Normal,Normal,0.395713,LOW
790,0.0,-0.1322345175230104,0.9948,0.29844,Normal,Normal,0.0052,LOW
791,0.0,0.13856477330664624,0.2558125,0.07674375,Normal,Normal,0.744188,MEDIUM
792,0.0,0.12393619293704278,0.45767500000000005,0.13730250000000002,Normal,Normal,0.542325,LOW
793,0.0,0.08434527263463443,0.7517625,0.22552875,Normal,Normal,0.248237,LOW
794,0.015,0.052906748891532906,0.86895,0.271185,Normal,Normal,0.14605,LOW
795,0.0,0.13342478667957391,0.337325,0.1011975,Normal,Normal,0.662675,MEDIUM
796,0.0,0.10866597722648813,0.604825,0.18144749999999998,Normal,Normal,0.395175,LOW
797,0.995,0.060116264361240235,0.846975,0.9505925,Restart Task,Restart Task,0.851975,HIGH
798,0.0,0.01793715328337775,0.9357125,0.28071375,Normal,Normal,0.064288,LOW
799,0.005,0.08220239915320987,0.7607875,0.23173624999999998,Normal,Normal,0.244213,LOW
800,0.0,0.0908705692042972,0.7199625000000001,0.21598875,Normal,Normal,0.280037,LOW
801,0.0,0.08886837820062038,0.7295875,0.21887625000000002,Normal,Normal,0.270412,LOW
802,0.0,0.11170043146148001,0.579475,0.17384249999999998,Normal,Normal,0.420525,LOW
803,0.0,0.1454646544594398,0.13472499999999998,0.040417499999999995,Normal,Normal,0.865275,HIGH
804,0.0,0.14499026018112032,0.14266250000000003,0.04279875,Normal,Normal,0.857337,HIGH
805,0.0,0.11942564924641125,0.5067625,0.15202875,Normal,Normal,0.493237,LOW
806,1.0,0.11245289572652478,0.573075,0.8719224999999999,Restart Task,Restart Task,0.573075,MEDIUM
807,0.0,0.05960362282634474,0.8486374999999999,0.25459125,Normal,Normal,0.151363,LOW
808,0.895,0.07169860473741185,0.802825,0.8673474999999999,Restart Task,Restart Task,0.907825,HIGH
809,0.0,0.09527958632055533,0.6955125,0.20865375,Normal,Normal,0.304488,LOW
810,0.005,0.1410751729157969,0.2156,0.06818,Normal,Normal,0.7894,MEDIUM
811,0.005,0.12098665573404493,0.4906625,0.15069875,Normal,Normal,0.514338,LOW
812,0.98,0.07734098421913033,0.7805875,0.9201762499999999,Restart Task,Restart Task,0.800588,HIGH
813,1.0,0.08142730672620713,0.764025,0.9292075,Restart Task,Restart Task,0.764025,MEDIUM
814,0.99,0.12242450880302819,0.47533749999999997,0.83560125,Restart Task,Restart Task,0.485337,LOW
815,0.0,0.12689667439285818,0.422875,0.1268625,Normal,Normal,0.577125,MEDIUM
816,0.0,0.0906635451242565,0.7209125000000001,0.21627375000000001,Normal,Normal,0.279087,LOW
817,0.005,0.11759100099009429,0.5260875,0.16132625,Normal,Normal,0.478912,LOW
818,0.0,0.11049474033057144,0.5891124999999999,0.17673374999999997,Normal,Normal,0.410888,LOW
819,0.0,0.08568695328539966,0.7458374999999999,0.22375124999999998,Normal,Normal,0.254163,LOW
820,0.0,0.11795072446039345,0.5217875000000001,0.15653625000000002,Normal,Normal,0.478212,LOW
821,0.0,0.09107415689446102,0.71885,0.21565499999999999,Normal,Normal,0.28115,LOW
822,0.0,0.1406869520524902,0.2218,0.06654,Normal,Normal,0.7782,MEDIUM
823,0.0,0.013967738998006074,0.9394875,0.28184625,Normal,Normal,0.060512,LOW
824,0.0,0.08249905508945837,0.7596,0.22788,Normal,Normal,0.2404,LOW
825,0.78,0.0903229109000171,0.7227875,0.7628362499999999,Restart Task,Restart Task,0.942788,HIGH
826,0.0,0.121071645061962,0.48977499999999996,0.1469325,Normal,Normal,0.510225,LOW
827,0.0,0.08254095367867531,0.7595000000000001,0.22785,Normal,Normal,0.2405,LOW
828,0.0,0.1086140643702111,0.605375,0.18161249999999998,Normal,Normal,0.394625,LOW
829,0.02,0.11770802826169385,0.524825,0.17144749999999997,Normal,Normal,0.495175,LOW
830,0.0,0.08200492634893641,0.76145,0.22843499999999997,Normal,Normal,0.23855,LOW
831,0.0,0.03680472348162189,0.9051125,0.27153374999999996,Normal,Normal,0.094888,LOW
832,0.0,0.043045867341584776,0.8924,0.26771999999999996,Normal,Normal,0.1076,LOW
833,0.0,0.13571473846910714,0.3034875,0.09104625000000001,Normal,Normal,0.696512,MEDIUM
834,0.0,0.10455120389103018,0.6349374999999999,0.19048124999999996,Normal,Normal,0.365063,LOW
835,0.0,0.11307607858176133,0.567025,0.1701075,Normal,Normal,0.432975,LOW
836,0.0,0.13211547560565806,0.35621250000000004,0.10686375000000001,Normal,Normal,0.643787,MEDIUM
837,0.015,0.14099282376575767,0.21696249999999995,0.07558874999999998,Normal,Normal,0.798038,MEDIUM
838,0.0,0.14323461659188091,0.17503749999999996,0.05251124999999999,Normal,Normal,0.824963,HIGH
839,1.0,-0.027226827657819475,0.9651,0.9895299999999999,Restart Task,Restart Task,0.9651,HIGH
840,0.0,0.1273321615632495,0.41698749999999996,0.12509625,Normal,Normal,0.583013,MEDIUM
841,0.0,0.10677161361806431,0.6187750000000001,0.1856325,Normal,Normal,0.381225,LOW
842,0.0,0.1412583998173531,0.2127,0.06380999999999999,Normal,Normal,0.7873,MEDIUM
843,1.0,0.12019160555259428,0.49901249999999997,0.84970375,Restart Task,Restart Task,0.499012,LOW
844,0.0,0.1083636533926069,0.6072124999999999,0.18216374999999999,Normal,Normal,0.392788,LOW
845,0.0,0.12025701518014764,0.49829999999999997,0.14948999999999998,Normal,Normal,0.5017,LOW
846,0.0,0.13847284068435106,0.2574375,0.07723124999999999,Normal,Normal,0.742563,MEDIUM
847,0.0,0.08918422732623021,0.72835,0.218505,Normal,Normal,0.27165,LOW
848,0.995,0.13689325481222198,0.2838125,0.78164375,Restart Task,Restart Task,0.288813,LOW
849,0.01,0.08941623703046675,0.7271000000000001,0.22513000000000002,Normal,Normal,0.2829,LOW
850,1.0,0.11191894392374913,0.57785,0.8733549999999999,Restart Task,Restart Task,0.57785,MEDIUM
851,0.0,0.12654972034497924,0.42700000000000005,0.12810000000000002,Normal,Normal,0.573,MEDIUM
852,0.005,0.12579370517494365,0.43618749999999995,0.13435624999999998,Normal,Normal,0.568813,MEDIUM
853,0.0,0.07032772451551639,0.8090375,0.24271125,Normal,Normal,0.190963,LOW
854,0.015,0.11674401254195577,0.5342875,0.17078625,Normal,Normal,0.480712,LOW
855,0.0,0.12523242948015417,0.44301250000000003,0.13290375000000001,Normal,Normal,0.556987,MEDIUM
856,0.0,0.10821277214193992,0.6083875000000001,0.18251625000000002,Normal,Normal,0.391612,LOW
857,0.0,0.05534310579649432,0.8613875,0.25841624999999996,Normal,Normal,0.138613,LOW
858,0.0,0.14610481726526858,0.12341250000000004,0.03702375000000001,Normal,Normal,0.876587,HIGH
859,0.0,0.1083636533926069,0.6072124999999999,0.18216374999999999,Normal,Normal,0.392788,LOW
860,0.0,0.04221633924114365,0.8941749999999999,0.26825249999999995,Normal,Normal,0.105825,LOW
861,0.0,0.13397194116937367,0.329125,0.09873749999999999,Normal,Normal,0.670875,MEDIUM
862,0.0,0.1230018196868462,0.4688375,0.14065125,Normal,Normal,0.531162,LOW
863,0.0,0.10158578633806536,0.6545000000000001,0.19635000000000002,Normal,Normal,0.3455,LOW
864,0.0,0.10158578633806536,0.6545000000000001,0.19635000000000002,Normal,Normal,0.3455,LOW
865,0.0,0.1297835660181012,0.3871,0.11613,Normal,Normal,0.6129,MEDIUM
866,1.0,0.13487348472998434,0.316025,0.7948075,Restart Task,Restart Task,0.316025,LOW
867,0.0,0.13050856465134558,0.378,0.1134,Normal,Normal,0.622,MEDIUM
868,0.0,0.09017969050089336,0.723475,0.2170425,Normal,Normal,0.276525,LOW
869,0.0,0.12505411318551507,0.4450625,0.13351875,Normal,Normal,0.554937,MEDIUM
870,0.0,0.055077512148819896,0.8621375,0.25864125,Normal,Normal,0.137862,LOW
871,0.0,0.1143892969589197,0.5557000000000001,0.16671000000000002,Normal,Normal,0.4443,LOW
872,1.0,0.0809731949158406,0.7655625,0.9296687499999999,Restart Task,Restart Task,0.765563,MEDIUM
873,1.0,0.11194951967664768,0.5775625,0.8732687499999999,Restart Task,Restart Task,0.577562,MEDIUM
874,0.005,0.1272444064581702,0.4180125,0.12890375,Normal,Normal,0.586987,MEDIUM
875,0.0,0.11125425178420723,0.582925,0.1748775,Normal,Normal,0.417075,LOW
876,0.0,0.12652279777675496,0.42725,0.128175,Normal,Normal,0.57275,MEDIUM
877,1.0,0.08505756067958303,0.748325,0.9244975,Restart Task,Restart Task,0.748325,MEDIUM
878,0.0,0.07422784521698877,0.79285,0.237855,Normal,Normal,0.20715,LOW
879,0.0,0.0849107828272403,0.7491749999999999,0.22475249999999997,Normal,Normal,0.250825,LOW
880,1.0,0.08860582963985802,0.7306125,0.91918375,Restart Task,Restart Task,0.730612,MEDIUM
881,0.01,0.13141628927096616,0.36617500000000003,0.1168525,Normal,Normal,0.643825,MEDIUM
882,0.0,0.08918593235746253,0.7283375000000001,0.21850125,Normal,Normal,0.271662,LOW
883,1.0,0.1094702114658479,0.5977375,0.8793212499999999,Restart Task,Restart Task,0.597738,MEDIUM
884,0.0,0.10642242697560339,0.6211625000000001,0.18634875,Normal,Normal,0.378837,LOW
885,0.0,0.137814795700054,0.26890000000000003,0.08067,Normal,Normal,0.7311,MEDIUM
886,0.0,0.11560766416693558,0.5451375,0.16354125,Normal,Normal,0.454862,LOW
887,0.0,0.11238508504683808,0.573575,0.1720725,Normal,Normal,0.426425,LOW
888,0.0,0.13847284068435106,0.2574375,0.07723124999999999,Normal,Normal,0.742563,MEDIUM
889,0.99,0.06731859694400139,0.8208375,0.9392512499999999,Restart Task,Restart Task,0.830838,HIGH
890,0.0,0.06010237061980961,0.8470375,0.25411125,Normal,Normal,0.152963,LOW
891,0.0,0.12926887003614435,0.3941125,0.11823374999999998,Normal,Normal,0.605888,MEDIUM
892,0.0,0.12171503185483151,0.48267499999999997,0.14480249999999997,Normal,Normal,0.517325,LOW
893,0.0,0.12170790706306733,0.4828625,0.14485874999999998,Normal,Normal,0.517138,LOW
894,1.0,0.1342965441685769,0.32476249999999995,0.7974287499999999,Restart Task,Restart Task,0.324762,LOW
895,0.995,0.07439567990571522,0.7922875,0.93418625,Restart Task,Restart Task,0.797288,MEDIUM
896,0.0,0.12151024160556023,0.48505,0.14551499999999998,Normal,Normal,0.51495,LOW
897,0.0,0.12858955950451229,0.4022,0.12065999999999999,Normal,Normal,0.5978,MEDIUM
898,0.005,0.05953254989720086,0.848875,0.2581625,Normal,Normal,0.156125,LOW
899,1.0,0.09695325147291028,0.6854875,0.90564625,Restart Task,Restart Task,0.685488,MEDIUM
900,0.0,0.03899141449931576,0.90065,0.27019499999999996,Normal,Normal,0.09935,LOW
901,1.0,0.07992139905376722,0.7699,0.93097,Restart Task,Restart Task,0.7699,MEDIUM
902,0.0,0.13115552981670314,0.36958749999999996,0.11087624999999998,Normal,Normal,0.630413,MEDIUM
903,0.0,0.05397416739632671,0.8659875,0.25979625,Normal,Normal,0.134012,LOW
904,0.97,0.11620852873160281,0.53955,0.840865,Restart Task,Restart Task,0.56955,MEDIUM
905,0.0,0.11992752289418263,0.5016,0.15048,Normal,Normal,0.4984,LOW
906,0.005,0.12527409341161405,0.44237499999999996,0.1362125,Normal,Normal,0.562625,MEDIUM
907,0.0,0.10327051204598636,0.6435375,0.19306125,Normal,Normal,0.356463,LOW
908,0.06,0.06344372563328038,0.8351875,0.29255624999999996,Normal,Normal,0.224813,LOW
909,0.0,0.1287387400187205,0.4006375,0.12019124999999999,Normal,Normal,0.599363,MEDIUM
910,0.005,0.10524503883624581,0.6299250000000001,0.19247750000000002,Normal,Normal,0.375075,LOW
911,1.0,0.09134056791074835,0.7173499999999999,0.9152049999999999,Restart Task,Restart Task,0.71735,MEDIUM
912,0.0,0.11844409194710148,0.5167125,0.15501375,Normal,Normal,0.483287,LOW
913,0.0,0.042555175730217276,0.8934625,0.26803875,Normal,Normal,0.106537,LOW
914,0.0,0.13830077297879662,0.259775,0.07793249999999999,Normal,Normal,0.740225,MEDIUM
915,0.0,0.0574576220091913,0.8552375,0.25657125,Normal,Normal,0.144763,LOW
916,0.025,0.052362732399238665,0.8705625,0.27866875,Normal,Normal,0.154438,LOW
917,0.005,0.13285552830282277,0.3454125,0.10712375,Normal,Normal,0.659587,MEDIUM
918,1.0,0.1047930299612932,0.6332875,0.88998625,Restart Task,Restart Task,0.633288,MEDIUM
919,0.0,0.13591282935594973,0.30069999999999997,0.09020999999999998,Normal,Normal,0.6993,MEDIUM
920,0.895,0.09995426104954785,0.6656124999999999,0.8261837499999999,Restart Task,Restart Task,0.770612,MEDIUM
921,0.0,0.07038139118327758,0.8087125,0.24261374999999996,Normal,Normal,0.191288,LOW
922,1.0,0.09466278163807468,0.6986,0.9095799999999999,Restart Task,Restart Task,0.6986,MEDIUM
923,1.0,0.08185383043679778,0.761925,0.9285775,Restart Task,Restart Task,0.761925,MEDIUM
924,0.0,0.05437389001982568,0.8647875,0.25943625,Normal,Normal,0.135212,LOW
925,0.0,-0.08724441693852059,0.98845,0.296535,Normal,Normal,0.01155,LOW
926,0.0,0.13202440755349754,0.3576625,0.10729875,Normal,Normal,0.642338,MEDIUM
927,0.0,0.140034680862003,0.23223749999999999,0.06967124999999999,Normal,Normal,0.767763,MEDIUM
928,0.985,0.01503835082693139,0.9384625,0.97103875,Restart Task,Restart Task,0.953462,HIGH
929,0.995,0.08071203159841395,0.7665,0.92645,Restart Task,Restart Task,0.7715,MEDIUM
930,0.0,0.145593751242948,0.13195,0.039585,Normal,Normal,0.86805,HIGH
931,1.0,0.09040248774229986,0.7223625,0.91670875,Restart Task,Restart Task,0.722363,MEDIUM
932,0.0,0.13846059307077702,0.25763749999999996,0.07729124999999999,Normal,Normal,0.742363,MEDIUM
933,0.0,0.13631960584028646,0.29428750000000004,0.08828625000000001,Normal,Normal,0.705712,MEDIUM
934,0.0,0.1129013106604525,0.569075,0.1707225,Normal,Normal,0.430925,LOW
935,0.0,0.1386729491500704,0.25425,0.076275,Normal,Normal,0.74575,MEDIUM
936,0.0,0.13155771615653084,0.36388750000000003,0.10916625,Normal,Normal,0.636112,MEDIUM
937,0.0,0.0631854287238992,0.8361625,0.25084875,Normal,Normal,0.163837,LOW
938,0.99,0.13780317050235025,0.26907499999999995,0.7737225,Restart Task,Restart Task,0.279075,LOW
939,0.0,0.10606443571444124,0.62395,0.187185,Normal,Normal,0.37605,LOW
940,0.0,0.06372287389854864,0.83395,0.250185,Normal,Normal,0.16605,LOW
941,0.025,0.06363302621964606,0.8343875000000001,0.26781625000000003,Normal,Normal,0.190612,LOW
942,0.0,0.13381978586137772,0.33145,0.09943500000000001,Normal,Normal,0.66855,MEDIUM
943,0.0,0.13229905619722576,0.353375,0.1060125,Normal,Normal,0.646625,MEDIUM
944,0.02,0.06570927504247748,0.82675,0.262025,Normal,Normal,0.19325,LOW
945,1.0,0.10463326430781511,0.63435,0.8903049999999999,Restart Task,Restart Task,0.63435,MEDIUM
946,0.0,0.11520077192979233,0.5489875,0.16469625,Normal,Normal,0.451013,LOW
947,1.0,0.14296731590284906,0.18005000000000004,0.754015,Restart Task,Restart Task,0.18005,LOW
948,0.0,0.1083636533926069,0.6072124999999999,0.18216374999999999,Normal,Normal,0.392788,LOW
949,0.175,0.12063933562389029,0.4943375,0.27080125,Normal,Normal,0.680662,MEDIUM
950,0.965,-0.034940739212645844,0.9682125,0.96596375,Restart Task,Restart Task,0.996787,HIGH
951,0.015,0.11601971089104002,0.5411,0.17283,Normal,Normal,0.4739,LOW
952,0.0,0.11699684248493641,0.5318875000000001,0.15956625000000002,Normal,Normal,0.468112,LOW
953,0.0,0.11328348005963368,0.5653625,0.16960875,Normal,Normal,0.434638,LOW
954,0.0,0.10263017769794175,0.6476625,0.19429875,Normal,Normal,0.352337,LOW
955,0.0,0.09779077978960915,0.6802625,0.20407875,Normal,Normal,0.319738,LOW
956,0.0,-0.06680906072638104,0.9809625,0.29428875,Normal,Normal,0.019038,LOW
957,0.0,0.14052341122983297,0.22419999999999995,0.06725999999999999,Normal,Normal,0.7758,MEDIUM
958,0.0,0.1129013106604525,0.569075,0.1707225,Normal,Normal,0.430925,LOW
959,0.0,0.04404515092335265,0.88995,0.266985,Normal,Normal,0.11005,LOW
960,0.895,0.12157832506718075,0.484425,0.7718274999999999,Restart Task,Restart Task,0.589425,MEDIUM
961,0.0,0.09826277863815075,0.6771750000000001,0.2031525,Normal,Normal,0.322825,LOW
962,0.0,0.08024945865377359,0.7685375,0.23056125,Normal,Normal,0.231463,LOW
963,0.005,0.13185840369827656,0.36012500000000003,0.11153750000000001,Normal,Normal,0.644875,MEDIUM
964,0.0,0.11595999982024996,0.5417375,0.16252124999999998,Normal,Normal,0.458263,LOW
965,0.0,0.12096038250175983,0.49085,0.147255,Normal,Normal,0.50915,LOW
966,1.0,0.10880691276301568,0.6035375000000001,0.8810612499999999,Restart Task,Restart Task,0.603538,MEDIUM
967,0.0,0.11049474033057144,0.5891124999999999,0.17673374999999997,Normal,Normal,0.410888,LOW
968,0.12,0.1373005991200305,0.27678749999999996,0.16703625,Normal,Normal,0.843213,HIGH
969,0.0,0.06226243028523798,0.8396125,0.25188374999999996,Normal,Normal,0.160388,LOW
970,1.0,0.10539180631053385,0.628575,0.8885725,Restart Task,Restart Task,0.628575,MEDIUM
971,0.0,0.08393914266463115,0.753575,0.22607249999999998,Normal,Normal,0.246425,LOW
972,0.0,0.1058367219552876,0.625525,0.1876575,Normal,Normal,0.374475,LOW
973,0.995,0.1146696445932916,0.553075,0.8624225,Restart Task,Restart Task,0.558075,MEDIUM
974,0.965,0.12208838905363412,0.47865,0.819095,Restart Task,Restart Task,0.51365,LOW
975,0.0,0.12030565499433532,0.49782499999999996,0.1493475,Normal,Normal,0.502175,LOW
976,0.0,0.11536289727382498,0.5474125000000001,0.16422375000000003,Normal,Normal,0.452587,LOW
977,1.0,0.04497126662973344,0.8879875,0.96639625,Restart Task,Restart Task,0.887988,HIGH
978,0.0,0.04769545638622741,0.881625,0.2644875,Normal,Normal,0.118375,LOW
979,0.0,0.13844510588118797,0.25778749999999995,0.07733624999999998,Normal,Normal,0.742213,MEDIUM
980,0.0,0.11818055391322263,0.5195624999999999,0.15586874999999997,Normal,Normal,0.480438,LOW
981,0.93,0.13200924758480076,0.35785,0.758355,Restart Task,Restart Task,0.42785,LOW
982,0.0,0.12181539369945016,0.48163750000000005,0.14449125000000002,Normal,Normal,0.518362,LOW
983,0.005,0.10413129428524215,0.637475,0.1947425,Normal,Normal,0.367525,LOW
984,0.0,0.13448502118172057,0.322225,0.09666749999999999,Normal,Normal,0.677775,MEDIUM
985,0.0,0.10263017769794175,0.6476625,0.19429875,Normal,Normal,0.352337,LOW
986,1.0,0.10667228243330784,0.6194,0.8858199999999999,Restart Task,Restart Task,0.6194,MEDIUM
987,0.0,0.12792308643581085,0.4102,0.12306,Normal,Normal,0.5898,MEDIUM
988,0.0,0.07574280942508965,0.7869375000000001,0.23608125000000002,Normal,Normal,0.213062,LOW
989,0.0,0.09545663535612203,0.6944125,0.20832375,Normal,Normal,0.305588,LOW
990,0.0,0.14610481726526858,0.12341250000000004,0.03702375000000001,Normal,Normal,0.876587,HIGH
991,0.0,0.12888128098435986,0.399,0.1197,Normal,Normal,0.601,MEDIUM
992,0.0,0.10580298256569981,0.6257874999999999,0.18773624999999997,Normal,Normal,0.374213,LOW
993,0.0,0.14831430155088943,0.08942499999999998,0.026827499999999994,Normal,Normal,0.910575,HIGH
994,0.0,0.1208162965148305,0.49234999999999995,0.14770499999999998,Normal,Normal,0.50765,LOW
995,0.0,0.12859011280353777,0.40218750000000003,0.12065625,Normal,Normal,0.597812,MEDIUM
996,1.0,0.12816185528366475,0.40741249999999996,0.8222237499999999,Restart Task,Restart Task,0.407412,LOW
997,0.0,-0.0700343443020024,0.9840625,0.29521875,Normal,Normal,0.015938,LOW
998,0.0,0.10992996316562675,0.5939375,0.17818124999999999,Normal,Normal,0.406062,LOW
999,1.0,0.13065267483598603,0.37625,0.8128749999999999,Restart Task,Restart Task,0.37625,LOW
1000,0.0,0.13677987160622912,0.28588749999999996,0.08576624999999999,Normal,Normal,0.714113,MEDIUM
1001,0.0,0.07773834360771331,0.77905,0.233715,Normal,Normal,0.22095,LOW
1002,0.0,0.13604423054753356,0.2985375,0.08956125,Normal,Normal,0.701462,MEDIUM
1003,0.995,0.12220110431315073,0.4776125,0.83978375,Restart Task,Restart Task,0.482612,LOW
1004,0.0,0.12962512002374477,0.38921249999999996,0.11676374999999999,Normal,Normal,0.610788,MEDIUM
1005,0.0,0.08297983972761497,0.7577125,0.22731374999999998,Normal,Normal,0.242287,LOW
1006,0.005,0.013945952770051062,0.9395125,0.28535374999999996,Normal,Normal,0.065488,LOW
1007,1.0,0.08394990326860946,0.753525,0.9260575,Restart Task,Restart Task,0.753525,MEDIUM
1008,0.0,0.08291037979330779,0.75805,0.22741499999999998,Normal,Normal,0.24195,LOW
1009,0.995,0.1300769711072146,0.38321249999999996,0.8114637499999999,Restart Task,Restart Task,0.388212,LOW
1010,0.0,0.1418035428104769,0.20255,0.060765,Normal,Normal,0.79745,MEDIUM
1011,0.0,0.1199670772726395,0.501325,0.1503975,Normal,Normal,0.498675,LOW
1012,0.025,0.11868730594352689,0.5137,0.17160999999999998,Normal,Normal,0.5113,LOW
1013,0.0,0.11898555844607689,0.51065,0.153195,Normal,Normal,0.48935,LOW
1014,1.0,-0.004440141928624519,0.9526,0.9857799999999999,Restart Task,Restart Task,0.9526,HIGH
1015,0.0,0.11699684248493641,0.5318875000000001,0.15956625000000002,Normal,Normal,0.468112,LOW
1016,1.0,0.14738056260834898,0.10258750000000005,0.73077625,Restart Task,Restart Task,0.102588,LOW
1017,0.0,0.08608629798260026,0.744,0.22319999999999998,Normal,Normal,0.256,LOW
1018,0.01,-0.03810980232502337,0.9693125,0.29779375,Normal,Normal,0.040687,LOW
1019,0.0,0.08817221337876935,0.732475,0.21974249999999998,Normal,Normal,0.267525,LOW
1020,1.0,0.05354055510510425,0.8671875,0.9601562499999999,Restart Task,Restart Task,0.867188,HIGH
1021,0.0,0.12177966476611757,0.48201249999999995,0.14460374999999998,Normal,Normal,0.517988,LOW
1022,0.005,0.11682038073103962,0.5335624999999999,0.16356874999999998,Normal,Normal,0.471438,LOW
1023,0.995,0.1052427435114121,0.62995,0.885485,Restart Task,Restart Task,0.63495,MEDIUM
1024,1.0,0.12019160555259428,0.49901249999999997,0.84970375,Restart Task,Restart Task,0.499012,LOW
1025,0.0,-0.06833507596728039,0.982375,0.2947125,Normal,Normal,0.017625,LOW
1026,0.0,0.12301881756718275,0.46865,0.140595,Normal,Normal,0.53135,LOW
1027,0.0,-0.013130083117738667,0.9582125,0.28746375,Normal,Normal,0.041787,LOW
1028,0.0,0.1402285522837448,0.2290375,0.06871125,Normal,Normal,0.770962,MEDIUM
1029,0.0,0.06197718315745898,0.8406375,0.25219125,Normal,Normal,0.159362,LOW
1030,0.0,0.14444124606793945,0.15261250000000004,0.04578375000000001,Normal,Normal,0.847387,HIGH
1031,0.0,0.12292741120525141,0.46957499999999996,0.14087249999999998,Normal,Normal,0.530425,LOW
1032,1.0,0.09133863036542117,0.717375,0.9152125,Restart Task,Restart Task,0.717375,MEDIUM
1033,0.0,0.07005990954326019,0.810175,0.24305249999999998,Normal,Normal,0.189825,LOW
1034,0.995,0.10233720369012062,0.6496500000000001,0.891395,Restart Task,Restart Task,0.65465,MEDIUM
1035,0.0,0.12689662713865768,0.42290000000000005,0.12687,Normal,Normal,0.5771,MEDIUM
1036,0.0,0.11802323104845291,0.5211250000000001,0.15633750000000002,Normal,Normal,0.478875,LOW
1037,0.0,0.1496475999477685,0.07282500000000003,0.02184750000000001,Normal,Normal,0.927175,HIGH
1038,0.0,0.11818994468897798,0.5194875,0.15584625,Normal,Normal,0.480513,LOW
1039,1.0,0.11255148608152116,0.572225,0.8716674999999999,Restart Task,Restart Task,0.572225,MEDIUM
1040,0.0,0.13106351719070874,0.37070000000000003,0.11121,Normal,Normal,0.6293,MEDIUM
1041,0.0,0.08929495578642516,0.727875,0.21836250000000001,Normal,Normal,0.272125,LOW
1042,0.0,0.10448676085510272,0.6355,0.19065,Normal,Normal,0.3645,LOW
1043,0.0,0.09729237082184777,0.683175,0.20495249999999998,Normal,Normal,0.316825,LOW
1044,0.0,0.05231864106267431,0.870675,0.2612025,Normal,Normal,0.129325,LOW
1045,0.0,0.08838648353961792,0.7315625,0.21946875,Normal,Normal,0.268437,LOW
1046,0.975,0.0827329560593511,0.7587125,0.91011375,Restart Task,Restart Task,0.783713,MEDIUM
1047,0.0,0.13849648123538533,0.25697499999999995,0.07709249999999998,Normal,Normal,0.743025,MEDIUM
1048,0.995,0.11665355614239276,0.53515,0.8570450000000001,Restart Task,Restart Task,0.54015,LOW
1049,0.02,0.09623856951382909,0.6898124999999999,0.22094375,Normal,Normal,0.330188,LOW
1050,0.0,-0.06774999070026355,0.981775,0.2945325,Normal,Normal,0.018225,LOW
1051,0.0,0.12801832213836278,0.40908750000000005,0.12272625000000001,Normal,Normal,0.590912,MEDIUM
1052,0.0,0.08887695009042684,0.729575,0.2188725,Normal,Normal,0.270425,LOW
1053,0.0,0.05627050278839868,0.8587374999999999,0.25762124999999997,Normal,Normal,0.141263,LOW
1054,0.0,-0.01824268858643119,0.96115,0.28834499999999996,Normal,Normal,0.03885,LOW
1055,0.0,0.1202822378439648,0.49805,0.149415,Normal,Normal,0.50195,LOW
1056,0.995,-0.06833178749633406,0.9823625,0.99120875,Restart Task,Restart Task,0.987363,HIGH
1057,1.0,0.08686333924340006,0.7398,0.92194,Restart Task,Restart Task,0.7398,MEDIUM
1058,0.0,0.13541355330271387,0.307925,0.0923775,Normal,Normal,0.692075,MEDIUM
1059,0.0,0.09964742372455804,0.668025,0.2004075,Normal,Normal,0.331975,LOW
1060,0.0,0.120442633066778,0.49644999999999995,0.14893499999999998,Normal,Normal,0.50355,LOW
1061,1.0,0.09447257688176297,0.6996375,0.9098912499999999,Restart Task,Restart Task,0.699638,MEDIUM
1062,0.0,0.12615972893998617,0.4317,0.12951,Normal,Normal,0.5683,MEDIUM
1063,1.0,0.029268126738126954,0.9208625,0.97625875,Restart Task,Restart Task,0.920863,HIGH
1064,0.0,0.13830077297879662,0.259775,0.07793249999999999,Normal,Normal,0.740225,MEDIUM
1065,0.99,0.14464108524239888,0.14911249999999998,0.73773375,Restart Task,Restart Task,0.159112,LOW
1066,0.0,0.05230251470298547,0.870775,0.2612325,Normal,Normal,0.129225,LOW
1067,0.0,0.14716244969446612,0.10647499999999999,0.03194249999999999,Normal,Normal,0.893525,HIGH
1068,0.0,0.132173098344744,0.355275,0.1065825,Normal,Normal,0.644725,MEDIUM
1069,0.0,0.13368404833808384,0.33338749999999995,0.10001624999999999,Normal,Normal,0.666613,MEDIUM
1070,0.0,0.12034159761541591,0.49746250000000003,0.14923875,Normal,Normal,0.502537,LOW
1071,0.0,0.11465885863562081,0.553175,0.16595249999999998,Normal,Normal,0.446825,LOW
1072,0.0,0.1361107562229052,0.29757500000000003,0.0892725,Normal,Normal,0.702425,MEDIUM
1073,0.0,0.1289394120560658,0.39815,0.119445,Normal,Normal,0.60185,MEDIUM
1074,0.0,-0.07169618566356051,0.985175,0.2955525,Normal,Normal,0.014825,LOW
1075,0.0,0.133018354707435,0.34314999999999996,0.10294499999999998,Normal,Normal,0.65685,MEDIUM
1076,1.0,0.09166864044670986,0.7154750000000001,0.9146425,Restart Task,Restart Task,0.715475,MEDIUM
1077,0.0,0.13125436283978148,0.36816249999999995,0.11044874999999998,Normal,Normal,0.631838,MEDIUM
1078,0.005,-0.013078362464085336,0.9581500000000001,0.290945,Normal,Normal,0.04685,LOW
1079,0.0,0.03245125515603253,0.9151875,0.27455625,Normal,Normal,0.084812,LOW
1080,0.0,0.05342726438665413,0.8675625,0.26026875,Normal,Normal,0.132437,LOW
1081,1.0,0.08250000053456252,0.7595875,0.92787625,Restart Task,Restart Task,0.759587,MEDIUM
1082,0.0,-0.06598418650749982,0.980225,0.2940675,Normal,Normal,0.019775,LOW
1083,0.0,0.13362158233445626,0.334275,0.1002825,Normal,Normal,0.665725,MEDIUM
1084,0.0,0.13257172268652345,0.3494625,0.10483875,Normal,Normal,0.650537,MEDIUM
1085,0.0,0.05632499539109037,0.858525,0.2575575,Normal,Normal,0.141475,LOW
1086,0.0,-0.06646743096425245,0.98065,0.294195,Normal,Normal,0.01935,LOW
1087,0.995,0.10912002525912001,0.60105,0.876815,Restart Task,Restart Task,0.60605,MEDIUM
1088,0.015,0.1328318095941074,0.3456625,0.11419874999999999,Normal,Normal,0.669338,MEDIUM
1089,0.0,0.09077515818020992,0.720275,0.21608249999999998,Normal,Normal,0.279725,LOW
1090,0.005,0.06078903118541307,0.84485,0.256955,Normal,Normal,0.16015,LOW
1091,0.0,0.08233054100712967,0.7603375,0.22810124999999998,Normal,Normal,0.239663,LOW
1092,0.0,0.058990887305185535,0.8505,0.25515,Normal,Normal,0.1495,LOW
1093,0.0,0.13444393027204288,0.32272500000000004,0.09681750000000001,Normal,Normal,0.677275,MEDIUM
1094,0.765,0.042407822188531674,0.8936875,0.80360625,Restart Task,Restart Task,0.871313,HIGH
1095,0.005,0.13429300711768927,0.324875,0.10096250000000001,Normal,Normal,0.680125,MEDIUM
1096,0.0,0.08177721777112074,0.7622125,0.22866374999999997,Normal,Normal,0.237788,LOW
1097,0.985,0.038689788390610436,0.9013,0.9598899999999999,Restart Task,Restart Task,0.9163,HIGH
1098,0.005,0.13143246295061262,0.3659375,0.11328125000000001,Normal,Normal,0.639062,MEDIUM
1099,0.995,0.06365943024110432,0.8342875,0.9467862499999999,Restart Task,Restart Task,0.839287,HIGH
1100,0.0,0.12802173440405018,0.4090125,0.12270375,Normal,Normal,0.590987,MEDIUM
1101,0.99,0.1371994437952293,0.27932500000000005,0.7767974999999999,Restart Task,Restart Task,0.289325,LOW
1102,0.0,0.10739386118202848,0.6140749999999999,0.18422249999999998,Normal,Normal,0.385925,LOW
1103,0.0,0.12127835803974263,0.48748749999999996,0.14624625,Normal,Normal,0.512513,LOW
1104,0.0,0.12861192552373002,0.40190000000000003,0.12057000000000001,Normal,Normal,0.5981,MEDIUM
1105,0.0,0.13721987897632432,0.27866250000000004,0.08359875000000001,Normal,Normal,0.721337,MEDIUM
1106,0.0,0.1262516239161145,0.43051249999999996,0.12915374999999998,Normal,Normal,0.569488,MEDIUM
1107,0.01,-0.01082008569744064,0.9562375,0.29387125,Normal,Normal,0.053763,LOW
1108,0.0,0.08948795586172797,0.726775,0.2180325,Normal,Normal,0.273225,LOW
1109,0.0,0.130038966004223,0.3837625,0.11512875,Normal,Normal,0.616237,MEDIUM
1110,0.0,0.05031806996474886,0.8754875,0.26264624999999997,Normal,Normal,0.124513,LOW
1111,1.0,0.1475474618740944,0.10009999999999997,0.73003,Restart Task,Restart Task,0.1001,LOW
1112,1.0,0.0929590514274855,0.7086,0.91258,Restart Task,Restart Task,0.7086,MEDIUM
1113,0.0,0.12941577459963638,0.3921375,0.11764125,Normal,Normal,0.607862,MEDIUM
1114,0.0,0.06453442057626951,0.83115,0.249345,Normal,Normal,0.16885,LOW
1115,0.0,0.10625397879168708,0.62225,0.18667499999999998,Normal,Normal,0.37775,LOW
1116,0.0,0.11378058274959707,0.5611625,0.16834875,Normal,Normal,0.438837,LOW
1117,0.0,0.12968702511623603,0.3883875,0.11651624999999999,Normal,Normal,0.611613,MEDIUM
1118,0.995,-0.0642278037475158,0.97805,0.989915,Restart Task,Restart Task,0.98305,HIGH
1119,0.0,0.13477405074455806,0.31747499999999995,0.09524249999999998,Normal,Normal,0.682525,MEDIUM
1120,0.0,0.12990558662878465,0.38549999999999995,0.11564999999999998,Normal,Normal,0.6145,MEDIUM
1121,1.0,0.13165591156058531,0.36275,0.8088249999999999,Restart Task,Restart Task,0.36275,LOW
1122,0.995,0.040132904876907016,0.8983875,0.96601625,Restart Task,Restart Task,0.903388,HIGH
1123,0.0,0.1457554803660377,0.12908750000000002,0.038726250000000004,Normal,Normal,0.870912,HIGH
1124,0.0,-0.03591978141419716,0.9686375,0.29059125,Normal,Normal,0.031362,LOW
1125,0.0,0.1407136721189312,0.22136250000000002,0.06640875,Normal,Normal,0.778637,MEDIUM
1126,0.0,0.12565804003279457,0.4379875,0.13139625,Normal,Normal,0.562013,MEDIUM
1127,0.0,-0.12995346706520294,0.9942375,0.29827125,Normal,Normal,0.005763,LOW
1128,0.0,0.10271769163444028,0.6471125,0.19413375,Normal,Normal,0.352888,LOW
1129,0.0,0.11107039026532439,0.5844750000000001,0.1753425,Normal,Normal,0.415525,LOW
1130,1.0,0.027803082886199704,0.9230375,0.9769112499999999,Restart Task,Restart Task,0.923037,HIGH
1131,0.01,0.06631944638040049,0.8242125,0.25426375,Normal,Normal,0.185787,LOW
1132,0.0,0.07391044527367074,0.7939499999999999,0.23818499999999998,Normal,Normal,0.20605,LOW
1133,0.0,0.11605861112709276,0.54085,0.162255,Normal,Normal,0.45915,LOW
1134,0.995,0.10942807153476253,0.59805,0.875915,Restart Task,Restart Task,0.60305,MEDIUM
1135,0.0,-0.0246285021717062,0.964225,0.2892675,Normal,Normal,0.035775,LOW
1136,0.995,-0.18384014116215275,0.9997125,0.99641375,Restart Task,Restart Task,0.995287,HIGH
1137,0.0,0.06102317806125801,0.8442375,0.25327125,Normal,Normal,0.155763,LOW
1138,0.045,0.07328463670234497,0.7965875,0.27047625,Normal,Normal,0.248413,LOW
1139,0.0,0.08226890536014397,0.7605125,0.22815375,Normal,Normal,0.239487,LOW
1140,0.0,0.1435567730503658,0.16932499999999995,0.05079749999999998,Normal,Normal,0.830675,HIGH
1141,0.0,0.10548551286515229,0.62795,0.188385,Normal,Normal,0.37205,LOW
1142,0.0,0.1312891873770215,0.36765000000000003,0.110295,Normal,Normal,0.63235,MEDIUM
1143,1.0,0.11681924546712658,0.533575,0.8600725,Restart Task,Restart Task,0.533575,LOW
1144,0.0,0.13180920346302982,0.36072499999999996,0.10821749999999998,Normal,Normal,0.639275,MEDIUM
1145,0.005,0.13203524699732616,0.35748749999999996,0.11074624999999999,Normal,Normal,0.647513,MEDIUM
1146,0.0,0.11456511944088266,0.5540125,0.16620375,Normal,Normal,0.445987,LOW
1147,0.0,0.12235155333200026,0.47606250000000006,0.14281875000000002,Normal,Normal,0.523937,LOW
1148,1.0,0.12411555068347319,0.4557875,0.83673625,Restart Task,Restart Task,0.455788,LOW
1149,0.0,0.12800919270284766,0.40923750000000003,0.12277125,Normal,Normal,0.590762,MEDIUM
1150,1.0,0.10618449205047509,0.6227875,0.88683625,Restart Task,Restart Task,0.622788,MEDIUM
1151,1.0,0.14354793806472815,0.1695375,0.7508612499999999,Restart Task,Restart Task,0.169538,LOW
1152,0.005,0.14342221058511695,0.17164999999999997,0.05499499999999999,Normal,Normal,0.83335,HIGH
1153,0.0,0.1296788276980278,0.38856250000000003,0.11656875,Normal,Normal,0.611437,MEDIUM
1154,1.0,0.12019160555259428,0.49901249999999997,0.84970375,Restart Task,Restart Task,0.499012,LOW
1155,1.0,0.12019160555259428,0.49901249999999997,0.84970375,Restart Task,Restart Task,0.499012,LOW
1156,0.0,0.14499026018112032,0.14266250000000003,0.04279875,Normal,Normal,0.857337,HIGH
1157,0.0,0.10074055933107334,0.6604375,0.19813125,Normal,Normal,0.339562,LOW
1158,0.0,0.1164942477002055,0.5370874999999999,0.16112624999999997,Normal,Normal,0.462913,LOW
1159,0.0,0.14212683781117497,0.196075,0.0588225,Normal,Normal,0.803925,HIGH
1160,1.0,0.03435118126794401,0.9106625,0.9731987499999999,Restart Task,Restart Task,0.910663,HIGH
1161,0.0,-0.14724269402796075,0.9989,0.29967,Normal,Normal,0.0011,LOW
1162,0.0,0.14062921323364946,0.22276249999999997,0.06682874999999999,Normal,Normal,0.777238,MEDIUM
1163,0.0,0.12371712065263113,0.46023749999999997,0.13807124999999998,Normal,Normal,0.539763,LOW
1164,0.0,0.042789398719817906,0.8929625,0.26788875,Normal,Normal,0.107038,LOW
1165,0.995,0.13350910252677428,0.336175,0.7973525,Restart Task,Restart Task,0.341175,LOW
1166,0.0,0.07626844887111744,0.785025,0.23550749999999998,Normal,Normal,0.214975,LOW
1167,0.0,0.11857587731162722,0.5152125000000001,0.15456375000000003,Normal,Normal,0.484787,LOW
1168,0.0,0.10758611617618963,0.61275,0.183825,Normal,Normal,0.38725,LOW
1169,0.0,0.11049474033057144,0.5891124999999999,0.17673374999999997,Normal,Normal,0.410888,LOW
1170,0.0,0.13555092651694972,0.305825,0.0917475,Normal,Normal,0.694175,MEDIUM
1171,0.0,0.043777071468882045,0.89045,0.26713499999999996,Normal,Normal,0.10955,LOW
1172,0.005,0.08815006116706098,0.7326125,0.22328375,Normal,Normal,0.272388,LOW
1173,0.005,0.1389817583523647,0.24924999999999997,0.078275,Normal,Normal,0.75575,MEDIUM
1174,0.0,0.09247448168142636,0.711225,0.2133675,Normal,Normal,0.288775,LOW
1175,0.0,0.07254323659444162,0.7997,0.23990999999999998,Normal,Normal,0.2003,LOW
1176,0.0,0.09236955849672962,0.7117249999999999,0.21351749999999997,Normal,Normal,0.288275,LOW
1177,0.0,0.12553759686890492,0.4394125,0.13182375,Normal,Normal,0.560588,MEDIUM
1178,0.0,0.12475582921643558,0.4484125,0.13452375,Normal,Normal,0.551588,MEDIUM
1179,0.0,0.1180873510175579,0.5204375,0.15613125,Normal,Normal,0.479563,LOW
1180,0.085,0.10962396562166193,0.5965625,0.23846874999999998,Normal,Normal,0.488437,LOW
1181,1.0,0.09390084279719324,0.70295,0.910885,Restart Task,Restart Task,0.70295,MEDIUM
1182,0.0,0.10844037996387462,0.6067125,0.18201375,Normal,Normal,0.393288,LOW
1183,0.0,0.06006733237686468,0.847175,0.2541525,Normal,Normal,0.152825,LOW
1184,0.0,0.07945177687855243,0.7718,0.23154,Normal,Normal,0.2282,LOW
1185,0.0,0.12202729556147085,0.47924999999999995,0.143775,Normal,Normal,0.52075,LOW
1186,0.985,0.08273773775565074,0.7586875,0.91710625,Restart Task,Restart Task,0.773687,MEDIUM
1187,0.995,0.10604758471617615,0.6240125000000001,0.88370375,Restart Task,Restart Task,0.629013,MEDIUM
1188,1.0,0.12161380091456414,0.4840375,0.84521125,Restart Task,Restart Task,0.484038,LOW
1189,0.0,0.0656185104573681,0.8271125,0.24813375,Normal,Normal,0.172887,LOW
1190,0.0,0.13451232107982042,0.32166249999999996,0.09649874999999998,Normal,Normal,0.678338,MEDIUM
1191,0.0,0.14521732041228397,0.13905,0.041715,Normal,Normal,0.86095,HIGH
1192,0.985,0.03204870345610489,0.915875,0.9642625,Restart Task,Restart Task,0.930875,HIGH
1193,0.0,0.13132519291585631,0.36717500000000003,0.1101525,Normal,Normal,0.632825,MEDIUM
1194,0.0,0.1315028306628197,0.36468750000000005,0.10940625000000001,Normal,Normal,0.635312,MEDIUM
1195,0.0,0.06803910539842273,0.817825,0.2453475,Normal,Normal,0.182175,LOW
1196,1.0,0.12205537542667799,0.4790375,0.8437112499999999,Restart Task,Restart Task,0.479038,LOW
1197,0.0,0.13389121623643685,0.330325,0.09909749999999999,Normal,Normal,0.669675,MEDIUM
1198,0.0,0.14678130646409465,0.11302500000000004,0.033907500000000014,Normal,Normal,0.886975,HIGH
1199,0.0,0.1273321615632495,0.41698749999999996,0.12509625,Normal,Normal,0.583013,MEDIUM
1200,0.0,0.029930346838232924,0.9198875,0.27596624999999997,Normal,Normal,0.080113,LOW
1201,0.0,0.08854052292631565,0.73085,0.219255,Normal,Normal,0.26915,LOW
1202,0.005,0.12939581072540007,0.392425,0.1212275,Normal,Normal,0.612575,MEDIUM
1203,0.0,0.10841779918503247,0.6069,0.18206999999999998,Normal,Normal,0.3931,LOW
1204,0.95,-0.07896231275567644,0.9867875,0.9610362499999999,Restart Task,Restart Task,0.963212,HIGH
1205,0.0,0.09780021898273705,0.6802250000000001,0.2040675,Normal,Normal,0.319775,LOW
1206,0.0,0.12898544569400844,0.39759999999999995,0.11927999999999998,Normal,Normal,0.6024,MEDIUM
1207,0.0,0.10203362226427887,0.651525,0.1954575,Normal,Normal,0.348475,LOW
1208,0.0,-0.0007505126578770671,0.950525,0.28515749999999995,Normal,Normal,0.049475,LOW
1209,0.0,0.12569032298093963,0.43762500000000004,0.1312875,Normal,Normal,0.562375,MEDIUM
1210,0.0,0.13566699108624708,0.30398749999999997,0.09119624999999999,Normal,Normal,0.696013,MEDIUM
1211,0.99,0.120167110056352,0.49939999999999996,0.8428199999999999,Restart Task,Restart Task,0.5094,LOW
1212,0.995,0.12979617795594173,0.38693750000000005,0.81258125,Restart Task,Restart Task,0.391938,LOW
1213,0.0,0.14043514953288033,0.22567499999999996,0.06770249999999998,Normal,Normal,0.774325,MEDIUM
1214,0.0,0.08461918329211804,0.7504125,0.22512375,Normal,Normal,0.249587,LOW
1215,0.0,0.1371700604264373,0.27964999999999995,0.08389499999999998,Normal,Normal,0.72035,MEDIUM
1216,0.0,0.1389268361478493,0.2501875,0.07505625,Normal,Normal,0.749812,MEDIUM
1217,0.0,0.07598296593756593,0.7861374999999999,0.23584124999999997,Normal,Normal,0.213863,LOW
1218,0.0,0.09644093959924804,0.688775,0.2066325,Normal,Normal,0.311225,LOW
1219,0.0,0.055077512148819896,0.8621375,0.25864125,Normal,Normal,0.137862,LOW
1220,0.0,0.13007556717690766,0.3832375,0.11497125,Normal,Normal,0.616762,MEDIUM
1221,1.0,0.06428569074570645,0.832,0.9496,Restart Task,Restart Task,0.832,HIGH
1222,0.995,0.09109019458246048,0.7187749999999999,0.9121325,Restart Task,Restart Task,0.723775,MEDIUM
1223,0.0,0.08641907539330307,0.7421249999999999,0.22263749999999996,Normal,Normal,0.257875,LOW
1224,0.005,0.08666959046768408,0.7407625,0.22572875,Normal,Normal,0.264238,LOW
1225,0.0,0.06312942834330842,0.8364,0.25092,Normal,Normal,0.1636,LOW
1226,0.0,0.1414655799921567,0.20892500000000003,0.06267750000000001,Normal,Normal,0.791075,MEDIUM
1227,0.01,0.05013388038642147,0.8759875,0.26979625,Normal,Normal,0.134012,LOW
1228,0.0,0.0012322122874836028,0.949375,0.28481249999999997,Normal,Normal,0.050625,LOW
1229,0.0,0.07470800044631815,0.7908625,0.23725875,Normal,Normal,0.209137,LOW
1230,0.77,0.08482437566598877,0.7495875000000001,0.7638762499999999,Restart Task,Restart Task,0.979588,HIGH
1231,0.0,0.1022132035648613,0.6505125,0.19515375000000001,Normal,Normal,0.349487,LOW
1232,0.0,0.12072692488440107,0.4932375,0.14797125,Normal,Normal,0.506763,LOW
1233,0.0,0.12213705469081909,0.478225,0.1434675,Normal,Normal,0.521775,LOW
1234,0.0,0.12858955950451229,0.4022,0.12065999999999999,Normal,Normal,0.5978,MEDIUM
1235,0.0,0.14192726590229116,0.20006250000000003,0.06001875000000001,Normal,Normal,0.799937,MEDIUM
1236,0.0,0.055077512148819896,0.8621375,0.25864125,Normal,Normal,0.137862,LOW
1237,0.0,0.08871251817076337,0.7301,0.21902999999999997,Normal,Normal,0.2699,LOW
1238,0.0,0.10196821317567939,0.6520125,0.19560375,Normal,Normal,0.347988,LOW
1239,0.0,0.13173727502348254,0.3616625,0.10849874999999999,Normal,Normal,0.638338,MEDIUM
1240,0.0,0.11922988752633151,0.5085,0.15255,Normal,Normal,0.4915,LOW
1241,1.0,0.10320329843054488,0.643975,0.8931925,Restart Task,Restart Task,0.643975,MEDIUM
1242,0.0,0.13611969878131336,0.29737499999999994,0.08921249999999999,Normal,Normal,0.702625,MEDIUM
1243,0.0,0.0906635451242565,0.7209125000000001,0.21627375000000001,Normal,Normal,0.279087,LOW
1244,0.0,0.11652895638931393,0.536675,0.1610025,Normal,Normal,0.463325,LOW
1245,1.0,0.13794954120726505,0.26659999999999995,0.7799799999999999,Restart Task,Restart Task,0.2666,LOW
1246,0.985,0.08833230650633572,0.7317875,0.90903625,Restart Task,Restart Task,0.746788,MEDIUM
1247,0.0,0.14160575299804884,0.20642499999999997,0.06192749999999999,Normal,Normal,0.793575,MEDIUM
1248,1.0,0.1202622913481205,0.49822500000000003,0.8494674999999999,Restart Task,Restart Task,0.498225,LOW
1249,1.0,-0.00047518526244128,0.9504,0.98512,Restart Task,Restart Task,0.9504,HIGH
1250,0.0,0.09549456196384692,0.694175,0.20825249999999998,Normal,Normal,0.305825,LOW
1251,0.0,0.07650374188481252,0.7840875,0.23522625,Normal,Normal,0.215912,LOW
1252,0.0,0.059291024778504786,0.8495375000000001,0.25486125,Normal,Normal,0.150462,LOW
1253,0.0,-0.06626982772009593,0.9805125,0.29415375,Normal,Normal,0.019487,LOW
1254,1.0,0.11551467542016353,0.546025,0.8638075,Restart Task,Restart Task,0.546025,LOW
1255,0.0,0.12098291717380338,0.4907,0.14721,Normal,Normal,0.5093,LOW
1256,0.0,0.12317043401829875,0.46697500000000003,0.1400925,Normal,Normal,0.533025,LOW
1257,0.005,0.09596743396952773,0.6916249999999999,0.21098749999999997,Normal,Normal,0.313375,LOW
1258,0.0,0.1299250140680045,0.38522500000000004,0.1155675,Normal,Normal,0.614775,MEDIUM
1259,0.985,0.06657284954812925,0.8232375000000001,0.93647125,Restart Task,Restart Task,0.838238,HIGH
1260,0.0,0.061498909019397474,0.8426125,0.25278375,Normal,Normal,0.157388,LOW
1261,1.0,0.12938422507418895,0.39251250000000004,0.81775375,Restart Task,Restart Task,0.392513,LOW
1262,1.0,0.1459436239129861,0.12583750000000005,0.73775125,Restart Task,Restart Task,0.125838,LOW
1263,0.0,0.12681060533975075,0.42393749999999997,0.12718125,Normal,Normal,0.576063,MEDIUM
1264,0.0,0.02089862357225758,0.9319375,0.27958125,Normal,Normal,0.068063,LOW
1265,0.965,0.008174336226830947,0.9443375,0.95880125,Restart Task,Restart Task,0.979338,HIGH
1266,0.0,0.027819839027153903,0.923025,0.2769075,Normal,Normal,0.076975,LOW
1267,0.0,0.06423871031881706,0.8322375,0.24967124999999998,Normal,Normal,0.167763,LOW
1268,0.0,0.15215952433103863,0.0524,0.01572,Normal,Normal,0.9476,HIGH
1269,0.0,0.11743620586250059,0.527475,0.1582425,Normal,Normal,0.472525,LOW
1270,1.0,0.13967447642344916,0.2387625,0.77162875,Restart Task,Restart Task,0.238762,LOW
1271,0.0,0.1323788660069416,0.3522375,0.10567125,Normal,Normal,0.647763,MEDIUM
1272,0.0,0.11453400379048634,0.5543,0.16629,Normal,Normal,0.4457,LOW
1273,0.0,0.1435567730503658,0.16932499999999995,0.05079749999999998,Normal,Normal,0.830675,HIGH
1274,0.0,0.11521465558378507,0.5488875,0.16466625,Normal,Normal,0.451113,LOW
1275,0.0,0.11684227600958985,0.5333749999999999,0.16001249999999997,Normal,Normal,0.466625,LOW
1276,0.975,0.03133567783790703,0.91725,0.957675,Restart Task,Restart Task,0.94225,HIGH
1277,0.0,0.11983760168764873,0.5024,0.15072,Normal,Normal,0.4976,LOW
1278,0.0,0.12279222294174691,0.4711375,0.14134125,Normal,Normal,0.528863,LOW
1279,0.0,0.12573578994413254,0.436875,0.1310625,Normal,Normal,0.563125,MEDIUM
1280,1.0,0.13030430188961428,0.38049999999999995,0.8141499999999999,Restart Task,Restart Task,0.3805,LOW
1281,1.0,0.09375145731801615,0.7037,0.91111,Restart Task,Restart Task,0.7037,MEDIUM
1282,0.99,0.05250635929138264,0.8701875,0.9540562499999999,Restart Task,Restart Task,0.880188,HIGH
1283,0.0,0.13677987160622912,0.28588749999999996,0.08576624999999999,Normal,Normal,0.714113,MEDIUM
1284,0.0,0.1137812875130092,0.561125,0.1683375,Normal,Normal,0.438875,LOW
1285,0.0,-0.09692876281324103,0.9918,0.29753999999999997,Normal,Normal,0.0082,LOW
1286,0.0,0.1313975376782361,0.3663875,0.10991625,Normal,Normal,0.633613,MEDIUM
1287,0.0,0.10758611617618963,0.61275,0.183825,Normal,Normal,0.38725,LOW
1288,0.0,0.10626008806437098,0.6222,0.18666,Normal,Normal,0.3778,LOW
1289,0.0,0.12036837697628122,0.49722500000000003,0.1491675,Normal,Normal,0.502775,LOW
1290,0.0,0.13339766705131606,0.33771249999999997,0.10131375,Normal,Normal,0.662288,MEDIUM
1291,1.0,0.122078487437702,0.47865,0.843595,Restart Task,Restart Task,0.47865,LOW
1292,0.005,0.14553999282463792,0.13370000000000004,0.04361000000000001,Normal,Normal,0.8713,HIGH
1293,0.01,0.07118006199997068,0.804875,0.2484625,Normal,Normal,0.205125,LOW
1294,0.0,0.13622055203229977,0.29586250000000003,0.08875875000000001,Normal,Normal,0.704137,MEDIUM
1295,0.975,0.10784277626350575,0.6112,0.86586,Restart Task,Restart Task,0.6362,MEDIUM
1296,0.01,0.1268229796335028,0.42379999999999995,0.13413999999999998,Normal,Normal,0.5862,MEDIUM
1297,0.0,0.145593751242948,0.13195,0.039585,Normal,Normal,0.86805,HIGH
1298,0.0,0.11551297351539652,0.546075,0.16382249999999998,Normal,Normal,0.453925,LOW
1299,0.0,0.11669929008531987,0.5347625,0.16042875,Normal,Normal,0.465237,LOW
1300,0.995,0.12093165772634779,0.4911875,0.84385625,Restart Task,Restart Task,0.496188,LOW
1301,0.0,0.1317977134819353,0.36082499999999995,0.10824749999999998,Normal,Normal,0.639175,MEDIUM
1302,0.035,0.14563586165717957,0.13116249999999996,0.06384874999999998,Normal,Normal,0.903838,HIGH
1303,0.9,0.08226278996808828,0.760525,0.8581575,Restart Task,Restart Task,0.860525,HIGH
1304,0.995,0.10484539565524703,0.6328374999999999,0.8863512499999999,Restart Task,Restart Task,0.637837,MEDIUM
1305,0.0,0.12331959303931223,0.46499999999999997,0.13949999999999999,Normal,Normal,0.535,LOW
1306,0.0,0.1326748330931612,0.348,0.10439999999999999,Normal,Normal,0.652,MEDIUM
1307,0.91,0.1103867583923625,0.5900375,0.81401125,Restart Task,Restart Task,0.680037,MEDIUM
1308,1.0,0.047120754578560686,0.88305,0.964915,Restart Task,Restart Task,0.88305,HIGH
1309,0.0,0.10822708073451104,0.6082624999999999,0.18247874999999997,Normal,Normal,0.391738,LOW
1310,0.0,0.11238508504683808,0.573575,0.1720725,Normal,Normal,0.426425,LOW
1311,0.0,0.0790452034896359,0.77335,0.232005,Normal,Normal,0.22665,LOW
1312,0.995,0.1047483935422735,0.6335875,0.88657625,Restart Task,Restart Task,0.638587,MEDIUM
1313,0.0,-0.06722191659862664,0.981325,0.2943975,Normal,Normal,0.018675,LOW
1314,0.0,0.10217897540350263,0.6507875000000001,0.19523625000000003,Normal,Normal,0.349212,LOW
1315,0.0,0.121071645061962,0.48977499999999996,0.1469325,Normal,Normal,0.510225,LOW
1316,0.0,0.0807425246764168,0.766425,0.2299275,Normal,Normal,0.233575,LOW
1317,0.0,-0.010604957839075557,0.9560375,0.28681124999999996,Normal,Normal,0.043963,LOW
1318,0.0,0.11036097002362222,0.5903499999999999,0.17710499999999998,Normal,Normal,0.40965,LOW
1319,0.0,0.05754381897569061,0.8549125,0.25647375,Normal,Normal,0.145088,LOW
1320,0.57,0.1377305702883117,0.27035,0.48010499999999995,Scale Resources,Scale Resources,0.70035,MEDIUM
1321,0.995,0.1304090488135457,0.37925,0.810275,Restart Task,Restart Task,0.38425,LOW
1322,0.0,0.11678538704606828,0.5339875000000001,0.16019625,Normal,Normal,0.466012,LOW
1323,0.005,0.11826857233465043,0.518875,0.15916249999999998,Normal,Normal,0.486125,LOW
1324,0.915,-0.01989138324811801,0.961925,0.9290775,Restart Task,Restart Task,0.953075,HIGH
1325,0.0,0.1256510132511675,0.4381125,0.13143375,Normal,Normal,0.561887,MEDIUM
1326,0.0,0.05037194478262552,0.8753,0.26259,Normal,Normal,0.1247,LOW
1327,0.0,0.13046399616399046,0.378525,0.11355749999999999,Normal,Normal,0.621475,MEDIUM
1328,0.0,0.12989253772746168,0.38563749999999997,0.11569124999999998,Normal,Normal,0.614363,MEDIUM
1329,0.0,0.08017745056370557,0.7688,0.23064,Normal,Normal,0.2312,LOW
1330,0.0,0.09072828192130966,0.7204125,0.21612375,Normal,Normal,0.279587,LOW
1331,0.0,0.1312940650372294,0.36753749999999996,0.11026124999999999,Normal,Normal,0.632463,MEDIUM
1332,0.0,0.1083636533926069,0.6072124999999999,0.18216374999999999,Normal,Normal,0.392788,LOW
1333,0.0,0.020750017569139412,0.932125,0.2796375,Normal,Normal,0.067875,LOW
1334,0.005,0.1394804516528611,0.2417625,0.07602874999999999,Normal,Normal,0.763238,MEDIUM
1335,0.0,0.13942933842175498,0.24256250000000001,0.07276875000000001,Normal,Normal,0.757437,MEDIUM
1336,1.0,0.12145981556858165,0.485525,0.8456575,Restart Task,Restart Task,0.485525,LOW
1337,0.995,0.026776260001114438,0.92445,0.973835,Restart Task,Restart Task,0.92945,HIGH
1338,0.995,0.0747747641370684,0.7907,0.93371,Restart Task,Restart Task,0.7957,MEDIUM
1339,0.04,0.13872878856568333,0.253375,0.1040125,Normal,Normal,0.786625,MEDIUM
1340,0.0,0.13258732388958755,0.34924999999999995,0.10477499999999998,Normal,Normal,0.65075,MEDIUM
1341,0.0,0.11855088696121385,0.51555,0.15466499999999997,Normal,Normal,0.48445,LOW
1342,0.975,0.0878792492276082,0.7341875,0.9027562499999999,Restart Task,Restart Task,0.759188,MEDIUM
1343,0.0,0.1346407984824874,0.31972500000000004,0.0959175,Normal,Normal,0.680275,MEDIUM
1344,0.0,0.1320271777140143,0.3576125,0.10728375,Normal,Normal,0.642388,MEDIUM
1345,0.0,0.08073808140183747,0.7664375,0.22993124999999998,Normal,Normal,0.233563,LOW
1346,1.0,0.03124211074125849,0.917475,0.9752425,Restart Task,Restart Task,0.917475,HIGH
1347,1.0,0.11490054718641202,0.5513,0.86539,Restart Task,Restart Task,0.5513,MEDIUM
1348,1.0,0.0604820876755609,0.8457875,0.95373625,Restart Task,Restart Task,0.845788,HIGH
1349,1.0,0.09678453591887093,0.6866625,0.90599875,Restart Task,Restart Task,0.686662,MEDIUM
1350,0.0,0.07295695593530727,0.7978875,0.23936624999999997,Normal,Normal,0.202113,LOW
1351,0.005,0.11194609549196538,0.5775874999999999,0.17677624999999997,Normal,Normal,0.427413,LOW
1352,0.005,-0.03805790309805257,0.9692875,0.29428624999999997,Normal,Normal,0.035713,LOW
1353,0.995,0.0644228348419364,0.8316125,0.94598375,Restart Task,Restart Task,0.836612,HIGH
1354,0.0,0.14783857017419294,0.09573750000000003,0.028721250000000007,Normal,Normal,0.904262,HIGH
1355,1.0,0.11850798524634265,0.5160125,0.85480375,Restart Task,Restart Task,0.516012,LOW
1356,0.0,0.0755700424415694,0.7877125,0.23631375,Normal,Normal,0.212287,LOW
1357,0.005,0.13790233375113464,0.2676375,0.08379125,Normal,Normal,0.737363,MEDIUM
1358,0.005,0.07814753483406522,0.7773875,0.23671625,Normal,Normal,0.227612,LOW
1359,0.015,0.09394684229802003,0.7027,0.22131,Normal,Normal,0.3123,LOW
1360,0.86,0.0549861981424275,0.8625,0.8607499999999999,Restart Task,Restart Task,0.9975,HIGH
1361,0.94,0.06332933055460915,0.8355875,0.9086762499999999,Restart Task,Restart Task,0.895588,HIGH
1362,0.0,0.10455251723240805,0.634925,0.1904775,Normal,Normal,0.365075,LOW
1363,0.0,0.11818446123167575,0.5195125,0.15585375,Normal,Normal,0.480487,LOW
1364,0.0,0.0697520823493637,0.8115875,0.24347625,Normal,Normal,0.188412,LOW
1365,0.085,0.1339303201318524,0.3298,0.15843999999999997,Normal,Normal,0.7552,MEDIUM
1366,0.0,0.10263017769794175,0.6476625,0.19429875,Normal,Normal,0.352337,LOW
1367,0.0,0.1387429581368851,0.25315,0.075945,Normal,Normal,0.74685,MEDIUM
1368,0.0,0.10399693912464131,0.6384125,0.19152375000000002,Normal,Normal,0.361587,LOW
1369,0.0,0.10498719050312094,0.631775,0.1895325,Normal,Normal,0.368225,LOW
1370,0.965,0.12483970982344156,0.44745,0.809735,Restart Task,Restart Task,0.48245,LOW
1371,0.0,0.06483364362786492,0.8300375,0.24901125,Normal,Normal,0.169963,LOW
1372,0.995,0.1122691239853214,0.5746125,0.86888375,Restart Task,Restart Task,0.579612,MEDIUM
1373,0.0,0.1321027776286442,0.35643749999999996,0.10693124999999999,Normal,Normal,0.643563,MEDIUM
1374,0.0,0.05979230303914157,0.8480375,0.25441125,Normal,Normal,0.151963,LOW
1375,0.0,0.09663780517631237,0.6874750000000001,0.20624250000000002,Normal,Normal,0.312525,LOW
1376,0.0,0.145593751242948,0.13195,0.039585,Normal,Normal,0.86805,HIGH
1377,0.0,0.1372713661316981,0.2773375,0.08320125,Normal,Normal,0.722662,MEDIUM
1378,0.0,0.1294779288957275,0.39136249999999995,0.11740874999999998,Normal,Normal,0.608638,MEDIUM
1379,1.0,0.13526134680927193,0.31005000000000005,0.793015,Restart Task,Restart Task,0.31005,LOW
1380,0.135,0.11515234742492064,0.54935,0.259305,Normal,Normal,0.58565,MEDIUM
1381,0.0,0.054930068225225115,0.86275,0.25882499999999997,Normal,Normal,0.13725,LOW
1382,0.0,0.10263017769794175,0.6476625,0.19429875,Normal,Normal,0.352337,LOW
1383,1.0,0.05349146352925899,0.8673124999999999,0.96019375,Restart Task,Restart Task,0.867312,HIGH
1384,0.0,0.12742168834831086,0.41605000000000003,0.12481500000000001,Normal,Normal,0.58395,MEDIUM
1385,0.0,0.131969327471206,0.35850000000000004,0.10755,Normal,Normal,0.6415,MEDIUM
1386,0.905,0.03994428031547603,0.8987375,0.9031212499999999,Restart Task,Restart Task,0.993737,HIGH
1387,0.995,0.10109784384545611,0.6577,0.89381,Restart Task,Restart Task,0.6627,MEDIUM
1388,0.0,0.07531271462884187,0.7886875,0.23660625,Normal,Normal,0.211313,LOW
1389,0.995,0.05816854597690568,0.8529875,0.95239625,Restart Task,Restart Task,0.857988,HIGH
1390,0.0,0.13677987160622912,0.28588749999999996,0.08576624999999999,Normal,Normal,0.714113,MEDIUM
1391,0.01,0.11951551178949593,0.5058750000000001,0.15876250000000003,Normal,Normal,0.504125,LOW
1392,0.0,0.11661889378023654,0.535525,0.1606575,Normal,Normal,0.464475,LOW
1393,0.995,0.1355950563107337,0.305125,0.7880375,Restart Task,Restart Task,0.310125,LOW
1394,1.0,0.11642300284943913,0.537725,0.8613175,Restart Task,Restart Task,0.537725,LOW
1395,1.0,0.13217421054960055,0.355275,0.8065825,Restart Task,Restart Task,0.355275,LOW
1396,0.0,0.12865904173560272,0.40156250000000004,0.12046875000000001,Normal,Normal,0.598437,MEDIUM
1397,0.0,0.1325769645666725,0.34938749999999996,0.10481624999999999,Normal,Normal,0.650613,MEDIUM
1398,0.0,0.13830077297879662,0.259775,0.07793249999999999,Normal,Normal,0.740225,MEDIUM
1399,0.0,0.10707223189377135,0.6169625000000001,0.18508875000000002,Normal,Normal,0.383037,LOW
1400,0.0,0.06494089995711122,0.8296125,0.24888375,Normal,Normal,0.170388,LOW
1401,0.01,0.08942185080482734,0.7270875,0.22512625,Normal,Normal,0.282913,LOW
1402,0.0,0.08322919138305823,0.7565125,0.22695375,Normal,Normal,0.243487,LOW
1403,0.0,0.10312368332334015,0.6445125,0.19335375000000002,Normal,Normal,0.355487,LOW
1404,0.005,0.03207586372623983,0.9158,0.27824,Normal,Normal,0.0892,LOW
1405,0.0,0.12202729556147085,0.47924999999999995,0.143775,Normal,Normal,0.52075,LOW
1406,0.0,0.10055723874579647,0.6617875,0.19853625,Normal,Normal,0.338213,LOW
1407,0.0,0.08613917775402535,0.7436625,0.22309874999999998,Normal,Normal,0.256337,LOW
1408,0.0,-0.0663964840922937,0.9806,0.29418,Normal,Normal,0.0194,LOW
1409,0.0,0.11254894784884745,0.5722625,0.17167875,Normal,Normal,0.427737,LOW
1410,1.0,0.09705246083734836,0.6848000000000001,0.90544,Restart Task,Restart Task,0.6848,MEDIUM
1411,0.0,0.10701323521454731,0.6173875,0.18521625,Normal,Normal,0.382613,LOW
1412,0.0,0.06455124162862969,0.831075,0.2493225,Normal,Normal,0.168925,LOW
1413,0.0,0.1372713661316981,0.2773375,0.08320125,Normal,Normal,0.722662,MEDIUM
1414,0.01,0.1462851510741064,0.12061250000000001,0.04318375,Normal,Normal,0.889387,HIGH
1415,0.0,0.09083695093783523,0.720075,0.2160225,Normal,Normal,0.279925,LOW
1416,1.0,0.1297984999443244,0.38685,0.816055,Restart Task,Restart Task,0.38685,LOW
1417,0.005,0.014840758839676282,0.9386125,0.28508374999999997,Normal,Normal,0.066388,LOW
1418,0.0,0.1145000847162978,0.55465,0.166395,Normal,Normal,0.44535,LOW
1419,0.0,-0.003808926367997123,0.952275,0.2856825,Normal,Normal,0.047725,LOW
1420,0.99,0.0942275213240854,0.7011125,0.9033337499999999,Restart Task,Restart Task,0.711113,MEDIUM
1421,0.0,0.13299187710140858,0.34348749999999995,0.10304624999999998,Normal,Normal,0.656513,MEDIUM
1422,0.0,0.1170762326717496,0.531175,0.15935249999999998,Normal,Normal,0.468825,LOW
1423,0.95,0.05288670240639337,0.8690125,0.9257037499999998,Restart Task,Restart Task,0.919013,HIGH
1424,0.0,0.13954661866648094,0.24065000000000003,0.07219500000000001,Normal,Normal,0.75935,MEDIUM
1425,0.0,0.10203362226427887,0.651525,0.1954575,Normal,Normal,0.348475,LOW
1426,0.0,0.13651494345099324,0.29069999999999996,0.08720999999999998,Normal,Normal,0.7093,MEDIUM
1427,1.0,0.09632748825818377,0.6894374999999999,0.90683125,Restart Task,Restart Task,0.689437,MEDIUM
1428,1.0,0.1268051866009718,0.42403749999999996,0.82721125,Restart Task,Restart Task,0.424037,LOW
1429,0.0,0.10464294111652522,0.6342,0.19025999999999998,Normal,Normal,0.3658,LOW
1430,0.0,0.10140190795824167,0.6556500000000001,0.196695,Normal,Normal,0.34435,LOW
1431,0.97,0.07418229299540241,0.7930125,0.9169037499999999,Restart Task,Restart Task,0.823013,HIGH
1432,0.01,0.10593443623334159,0.6248374999999999,0.19445125,Normal,Normal,0.385163,LOW
1433,0.0,0.1112897788310484,0.5826125,0.17478375,Normal,Normal,0.417388,LOW
1434,0.795,0.12057901335773119,0.49501249999999997,0.7050037499999999,Restart Task,Restart Task,0.700012,MEDIUM
1435,0.0,0.07806008261439618,0.7777000000000001,0.23331000000000002,Normal,Normal,0.2223,LOW
1436,0.005,0.11362537380460164,0.5627249999999999,0.17231749999999998,Normal,Normal,0.442275,LOW
1437,0.0,0.13549150022563872,0.30667500000000003,0.0920025,Normal,Normal,0.693325,MEDIUM
1438,0.0,0.11037898391911927,0.5900624999999999,0.17701874999999997,Normal,Normal,0.409938,LOW
1439,0.005,0.11522563151725795,0.548825,0.1681475,Normal,Normal,0.456175,LOW
1440,1.0,0.03255708074814401,0.9149625,0.9744887499999999,Restart Task,Restart Task,0.914963,HIGH
1441,0.005,0.07924649912777137,0.7726375,0.23529124999999998,Normal,Normal,0.232363,LOW
1442,0.0,0.0928925162416685,0.7088875,0.21266625,Normal,Normal,0.291112,LOW
1443,0.995,0.11762324768473315,0.5257000000000001,0.85421,Restart Task,Restart Task,0.5307,LOW
1444,0.0,0.021341209826194696,0.9313375,0.27940125,Normal,Normal,0.068662,LOW
1445,1.0,0.0649592282904104,0.82955,0.948865,Restart Task,Restart Task,0.82955,HIGH
1446,0.0,-0.03428594680055619,0.9679375,0.29038125,Normal,Normal,0.032062,LOW
1447,0.0,0.14343020491917036,0.17149999999999999,0.051449999999999996,Normal,Normal,0.8285,HIGH
1448,0.0,0.0964223500075192,0.6888624999999999,0.20665874999999997,Normal,Normal,0.311138,LOW
1449,0.0,0.11105048568559489,0.5846625,0.17539875,Normal,Normal,0.415338,LOW
1450,0.0,0.13506640086764998,0.31323749999999995,0.09397124999999998,Normal,Normal,0.686763,MEDIUM
1451,0.0,0.0640289611461719,0.8328,0.24983999999999998,Normal,Normal,0.1672,LOW
1452,0.0,0.12253178585795838,0.47426250000000003,0.14227875,Normal,Normal,0.525737,LOW
1453,0.0,-0.09700953102029974,0.991825,0.29754749999999996,Normal,Normal,0.008175,LOW
1454,0.0,0.12584316093786158,0.43562500000000004,0.1306875,Normal,Normal,0.564375,MEDIUM
1455,0.02,0.08995234691376774,0.724475,0.2313425,Normal,Normal,0.295525,LOW
1456,1.0,0.11396560046830656,0.5595,0.86785,Restart Task,Restart Task,0.5595,MEDIUM
1457,0.0,0.11446590786389976,0.554975,0.1664925,Normal,Normal,0.445025,LOW
1458,0.0,0.13629000311008305,0.2949125,0.08847375,Normal,Normal,0.705087,MEDIUM
1459,0.0,0.11070336729287344,0.5871625,0.17614875,Normal,Normal,0.412837,LOW
1460,0.99,0.05441828016765787,0.8646125,0.9523837499999999,Restart Task,Restart Task,0.874613,HIGH
1461,0.0,0.1087883996091199,0.6037375,0.18112125,Normal,Normal,0.396262,LOW
1462,1.0,0.12222827126871338,0.477325,0.8431974999999999,Restart Task,Restart Task,0.477325,LOW
1463,1.0,0.09049959913787275,0.7218125,0.91654375,Restart Task,Restart Task,0.721812,MEDIUM
1464,1.0,0.12411555068347319,0.4557875,0.83673625,Restart Task,Restart Task,0.455788,LOW
1465,0.965,-0.07077987937016705,0.98475,0.970925,Restart Task,Restart Task,0.98025,HIGH
1466,0.005,0.12051112056583535,0.495625,0.1521875,Normal,Normal,0.509375,LOW
1467,0.99,0.14450960560346016,0.1514875,0.73844625,Restart Task,Restart Task,0.161488,LOW
1468,0.0,0.12990558662878465,0.38549999999999995,0.11564999999999998,Normal,Normal,0.6145,MEDIUM
1469,0.0,0.13106351719070874,0.37070000000000003,0.11121,Normal,Normal,0.6293,MEDIUM
1470,0.0,0.13211539344882817,0.35621250000000004,0.10686375000000001,Normal,Normal,0.643787,MEDIUM
1471,0.0,0.11170043146148001,0.579475,0.17384249999999998,Normal,Normal,0.420525,LOW
1472,0.0,0.14406372408069673,0.15997499999999998,0.047992499999999993,Normal,Normal,0.840025,HIGH
1473,0.0,0.1377305702883117,0.27035,0.081105,Normal,Normal,0.72965,MEDIUM
1474,0.0,0.12523799021994952,0.44289999999999996,0.13287,Normal,Normal,0.5571,MEDIUM
1475,0.0,-0.018421782050030866,0.9612625,0.28837875,Normal,Normal,0.038737,LOW
1476,0.0,0.1379615713036535,0.2664375,0.07993125,Normal,Normal,0.733563,MEDIUM
1477,0.005,-0.02457062509195418,0.9642,0.29275999999999996,Normal,Normal,0.0408,LOW
1478,0.18,0.12521640409957363,0.44325000000000003,0.258975,Normal,Normal,0.73675,MEDIUM
1479,1.0,0.13497244170316242,0.3145875,0.79437625,Restart Task,Restart Task,0.314588,LOW
1480,0.035,0.11849385015074004,0.5161875,0.17935625,Normal,Normal,0.518813,LOW
1481,0.0,0.13146775966637247,0.36543749999999997,0.10963124999999999,Normal,Normal,0.634563,MEDIUM
1482,0.0,0.12636566910962416,0.4291625,0.12874875,Normal,Normal,0.570837,MEDIUM
1483,1.0,0.12884043046063154,0.3994,0.81982,Restart Task,Restart Task,0.3994,LOW
1484,0.005,0.06343327275829963,0.8352125,0.25406375,Normal,Normal,0.169787,LOW
1485,0.0,0.12202729556147085,0.47924999999999995,0.143775,Normal,Normal,0.52075,LOW
1486,1.0,-0.0670221454994896,0.98115,0.9943449999999999,Restart Task,Restart Task,0.98115,HIGH
1487,0.0,0.13889517780372357,0.25063749999999996,0.07519124999999999,Normal,Normal,0.749363,MEDIUM
1488,0.97,0.07930556468307404,0.7723875,0.9107162499999999,Restart Task,Restart Task,0.802388,HIGH
1489,0.005,0.05902550407703189,0.850425,0.2586275,Normal,Normal,0.154575,LOW
1490,0.0,0.08897576457040002,0.7291000000000001,0.21873,Normal,Normal,0.2709,LOW
1491,0.0,0.08634034659363315,0.7424875,0.22274624999999998,Normal,Normal,0.257513,LOW
1492,0.0,0.032610984675327304,0.9147625,0.27442875,Normal,Normal,0.085237,LOW
1493,0.015,0.08762111447693632,0.7357125,0.23121375,Normal,Normal,0.279288,LOW
1494,0.0,0.0864215156522935,0.7421,0.22263,Normal,Normal,0.2579,LOW
1495,0.975,0.14121983452814602,0.21335000000000004,0.746505,Restart Task,Restart Task,0.23835,LOW
1496,0.005,0.05995981678915707,0.84755,0.257765,Normal,Normal,0.15745,LOW
1497,0.0,0.13068320751839002,0.3757125,0.11271375,Normal,Normal,0.624287,MEDIUM
1498,1.0,0.11697612227674647,0.5320875,0.8596262499999999,Restart Task,Restart Task,0.532088,LOW
1499,1.0,0.122078487437702,0.47865,0.843595,Restart Task,Restart Task,0.47865,LOW
1500,0.0,0.13331617309434896,0.33891249999999995,0.10167374999999998,Normal,Normal,0.661088,MEDIUM
1501,0.0,0.12382723055541944,0.459025,0.1377075,Normal,Normal,0.540975,LOW
1502,0.0,0.1435567730503658,0.16932499999999995,0.05079749999999998,Normal,Normal,0.830675,HIGH
1503,0.0,0.12620931391524642,0.431125,0.1293375,Normal,Normal,0.568875,MEDIUM
1504,0.01,0.09359182870795241,0.7045874999999999,0.21837624999999997,Normal,Normal,0.305413,LOW
1505,0.015,0.10475424752573836,0.6335124999999999,0.20055374999999998,Normal,Normal,0.381488,LOW
1506,1.0,0.09166864044670986,0.7154750000000001,0.9146425,Restart Task,Restart Task,0.715475,MEDIUM
1507,0.0,0.13299706632566882,0.34338749999999996,0.10301624999999999,Normal,Normal,0.656613,MEDIUM
1508,0.0,0.1369535445244507,0.282925,0.0848775,Normal,Normal,0.717075,MEDIUM
1509,0.0,0.09915443381249822,0.6711750000000001,0.20135250000000002,Normal,Normal,0.328825,LOW
1510,0.0,0.07932460678699987,0.7723375,0.23170125,Normal,Normal,0.227662,LOW
1511,0.0,0.14192726590229116,0.20006250000000003,0.06001875000000001,Normal,Normal,0.799937,MEDIUM
1512,0.0,0.11876834546303033,0.513,0.1539,Normal,Normal,0.487,LOW
1513,0.0,0.11863256822845603,0.5143875,0.15431625,Normal,Normal,0.485613,LOW
1514,1.0,0.06493119724461272,0.82965,0.9488949999999999,Restart Task,Restart Task,0.82965,HIGH
1515,1.0,0.10553718830882036,0.6275999999999999,0.88828,Restart Task,Restart Task,0.6276,MEDIUM
1516,0.0,0.052105980573068145,0.8712,0.26136,Normal,Normal,0.1288,LOW
1517,0.0,0.12854672890350144,0.40285000000000004,0.120855,Normal,Normal,0.59715,MEDIUM
1518,0.0,0.12866320221475697,0.401525,0.1204575,Normal,Normal,0.598475,MEDIUM
1519,0.0,0.10891504352241482,0.602625,0.1807875,Normal,Normal,0.397375,LOW
1520,0.0,0.1278996060654204,0.4104875,0.12314625,Normal,Normal,0.589512,MEDIUM
1521,0.025,0.011674525020192394,0.941525,0.2999575,Normal,Normal,0.083475,LOW
1522,1.0,0.044758596773004145,0.888475,0.9665425,Restart Task,Restart Task,0.888475,HIGH
1523,1.0,0.13215896940747163,0.35543749999999996,0.8066312499999999,Restart Task,Restart Task,0.355437,LOW
1524,0.995,0.1451117030045352,0.14071250000000002,0.7387137500000001,Restart Task,Restart Task,0.145713,LOW
1525,0.0,0.13622077222095436,0.29584999999999995,0.08875499999999999,Normal,Normal,0.70415,MEDIUM
1526,0.0,0.05408575767461815,0.865675,0.2597025,Normal,Normal,0.134325,LOW
1527,0.0,0.09771771039292299,0.6807624999999999,0.20422875,Normal,Normal,0.319238,LOW
1528,0.0,0.12533674520539811,0.44172500000000003,0.1325175,Normal,Normal,0.558275,MEDIUM
1529,0.0,0.10571008146680755,0.6263875,0.18791624999999998,Normal,Normal,0.373613,LOW
1530,0.0,0.12575949212045356,0.43665,0.130995,Normal,Normal,0.56335,MEDIUM
1531,0.0,0.11620854049199036,0.53955,0.16186499999999998,Normal,Normal,0.46045,LOW
1532,0.0,0.12523242948015417,0.44301250000000003,0.13290375000000001,Normal,Normal,0.556987,MEDIUM
1533,1.0,0.10569958173926758,0.6264624999999999,0.8879387499999999,Restart Task,Restart Task,0.626462,MEDIUM
1534,0.0,0.11136831533310271,0.5820375,0.17461125,Normal,Normal,0.417963,LOW
1535,0.0,0.1021022590734112,0.6511125,0.19533375,Normal,Normal,0.348888,LOW
1536,0.0,0.07006478362317015,0.81015,0.243045,Normal,Normal,0.18985,LOW
1537,0.0,0.11890587021490606,0.5115125,0.15345375,Normal,Normal,0.488487,LOW
1538,0.0,0.13758140636472221,0.27266250000000003,0.08179875,Normal,Normal,0.727337,MEDIUM
1539,0.0,0.1083636533926069,0.6072124999999999,0.18216374999999999,Normal,Normal,0.392788,LOW
1540,0.995,0.06888071595978501,0.8147,0.94091,Restart Task,Restart Task,0.8197,HIGH
1541,0.0,0.13278415971634305,0.346275,0.1038825,Normal,Normal,0.653725,MEDIUM
1542,0.0,0.08938147342925479,0.7273375,0.21820124999999999,Normal,Normal,0.272663,LOW
1543,0.0,0.14521732041228397,0.13905,0.041715,Normal,Normal,0.86095,HIGH
1544,0.0,0.1296788276980278,0.38856250000000003,0.11656875,Normal,Normal,0.611437,MEDIUM
1545,0.005,-0.0044043597448982785,0.9525875,0.28927625,Normal,Normal,0.052412,LOW
1546,0.0,0.13138559611166295,0.3666125,0.10998375,Normal,Normal,0.633387,MEDIUM
1547,0.0,0.0906635451242565,0.7209125000000001,0.21627375000000001,Normal,Normal,0.279087,LOW
1548,0.0,0.13670781918123343,0.2873,0.08619,Normal,Normal,0.7127,MEDIUM
1549,0.0,0.1399168351403836,0.23393750000000002,0.07018125,Normal,Normal,0.766062,MEDIUM
1550,0.0,0.12710726142141215,0.4199625,0.12598875,Normal,Normal,0.580037,MEDIUM
1551,0.0,0.09753261702188609,0.6819124999999999,0.20457374999999997,Normal,Normal,0.318088,LOW
1552,0.0,0.10167214771399669,0.6540250000000001,0.1962075,Normal,Normal,0.345975,LOW
1553,0.0,0.14025030987853454,0.22868750000000004,0.06860625000000001,Normal,Normal,0.771312,MEDIUM
1554,0.0,0.1257947408415121,0.4361625,0.13084874999999999,Normal,Normal,0.563837,MEDIUM
1555,0.0,0.08959166951472897,0.7263999999999999,0.21791999999999997,Normal,Normal,0.2736,LOW
1556,0.0,0.11465885863562081,0.553175,0.16595249999999998,Normal,Normal,0.446825,LOW
1557,1.0,0.08519025763198962,0.7478125,0.9243437499999999,Restart Task,Restart Task,0.747812,MEDIUM
1558,0.0,0.13677987160622912,0.28588749999999996,0.08576624999999999,Normal,Normal,0.714113,MEDIUM
1559,0.0,0.1321027776286442,0.35643749999999996,0.10693124999999999,Normal,Normal,0.643563,MEDIUM
1560,0.0,0.1238355074810028,0.458975,0.1376925,Normal,Normal,0.541025,LOW
1561,0.0,0.13362801165197935,0.33416250000000003,0.10024875000000001,Normal,Normal,0.665837,MEDIUM
1562,1.0,0.10801402567060736,0.6099625,0.88298875,Restart Task,Restart Task,0.609962,MEDIUM
1563,1.0,0.11540717299543579,0.5470625,0.8641187499999999,Restart Task,Restart Task,0.547063,LOW
1564,0.0,0.12378996103638046,0.4594125,0.13782375,Normal,Normal,0.540587,LOW
1565,0.98,0.08225593556492744,0.7605375,0.9141612499999999,Restart Task,Restart Task,0.780537,MEDIUM
1566,0.995,0.13543446551543065,0.30757500000000004,0.7887725,Restart Task,Restart Task,0.312575,LOW
1567,0.0,-0.13663753396680534,0.995375,0.2986125,Normal,Normal,0.004625,LOW
1568,0.0,0.12097028522362091,0.49078750000000004,0.14723625,Normal,Normal,0.509212,LOW
1569,1.0,0.09133863036542117,0.717375,0.9152125,Restart Task,Restart Task,0.717375,MEDIUM
1570,0.0,0.09883875046121388,0.6733125,0.20199375,Normal,Normal,0.326688,LOW
1571,0.0,0.10223263587699272,0.6503625,0.19510874999999997,Normal,Normal,0.349638,LOW
1572,0.97,0.13600866195357775,0.29903749999999996,0.76871125,Restart Task,Restart Task,0.329037,LOW
1573,0.0,0.0612095648274773,0.8436125,0.25308375,Normal,Normal,0.156388,LOW
1574,0.005,0.00021403116007134848,0.949925,0.2884775,Normal,Normal,0.055075,LOW
1575,0.0,-0.012269245847938537,0.9574374999999999,0.28723125,Normal,Normal,0.042563,LOW
1576,0.0,0.1355183139869653,0.30638750000000003,0.09191625,Normal,Normal,0.693612,MEDIUM
1577,0.0,0.1372144042720772,0.2790625,0.08371875,Normal,Normal,0.720938,MEDIUM
1578,0.0,0.08542477098517837,0.7469125,0.22407375,Normal,Normal,0.253088,LOW
1579,0.0,0.13139573239914004,0.36639999999999995,0.10991999999999998,Normal,Normal,0.6336,MEDIUM
1580,0.0,0.004074719366045976,0.947775,0.2843325,Normal,Normal,0.052225,LOW
1581,0.0,0.12858955950451229,0.4022,0.12065999999999999,Normal,Normal,0.5978,MEDIUM
1582,0.0,0.1270752060079957,0.42025,0.126075,Normal,Normal,0.57975,MEDIUM
1583,0.0,0.1401689097027084,0.22996249999999996,0.06898874999999999,Normal,Normal,0.770038,MEDIUM
1584,0.005,0.11644851022687625,0.5375125000000001,0.16475375,Normal,Normal,0.467487,LOW
1585,0.0,0.12476332611075414,0.44830000000000003,0.13449,Normal,Normal,0.5517,MEDIUM
1586,0.0,0.1371700604264373,0.27964999999999995,0.08389499999999998,Normal,Normal,0.72035,MEDIUM
1587,0.0,0.11391964426139811,0.5599375,0.16798125,Normal,Normal,0.440063,LOW
1588,1.0,0.0455695576489239,0.8865,0.9659499999999999,Restart Task,Restart Task,0.8865,HIGH
1589,0.005,0.11042831156182631,0.58965,0.180395,Normal,Normal,0.41535,LOW
1590,0.0,0.1357556074681408,0.3030125,0.09090375,Normal,Normal,0.696987,MEDIUM
1591,0.0,0.10173504169493863,0.6535,0.19604999999999997,Normal,Normal,0.3465,LOW
1592,0.0,0.11987353320370964,0.5021125,0.15063374999999998,Normal,Normal,0.497888,LOW
1593,1.0,0.10048952098220948,0.66225,0.8986749999999999,Restart Task,Restart Task,0.66225,MEDIUM
1594,0.0,0.14343020491917036,0.17149999999999999,0.051449999999999996,Normal,Normal,0.8285,HIGH
1595,1.0,0.11531531019714514,0.5479375,0.8643812499999999,Restart Task,Restart Task,0.547937,LOW
1596,0.0,0.08961439630171353,0.7262875,0.21788624999999998,Normal,Normal,0.273713,LOW
1597,0.0,0.13721834636326302,0.27873749999999997,0.08362125,Normal,Normal,0.721263,MEDIUM
1598,0.99,0.08486831496513242,0.749375,0.9178124999999999,Restart Task,Restart Task,0.759375,MEDIUM
1599,0.0,0.13745614995781613,0.27435,0.08230499999999999,Normal,Normal,0.72565,MEDIUM
1600,0.005,0.11570695252892971,0.5439875000000001,0.16669625000000002,Normal,Normal,0.461012,LOW
1601,0.0,0.10833628972082604,0.6075125,0.18225375,Normal,Normal,0.392487,LOW
1602,0.0,0.05592011069060465,0.8596874999999999,0.25790624999999995,Normal,Normal,0.140313,LOW
1603,0.0,0.09609114796343693,0.6907375,0.20722125,Normal,Normal,0.309262,LOW
1604,0.99,0.1366215934818238,0.288625,0.7795875,Restart Task,Restart Task,0.298625,LOW
1605,0.0,0.13235402019987313,0.3526625,0.10579875,Normal,Normal,0.647338,MEDIUM
1606,0.05,0.1401068530494377,0.23111250000000005,0.10433375,Normal,Normal,0.818887,HIGH
1607,1.0,0.12549387993800326,0.4400625,0.8320187499999999,Restart Task,Restart Task,0.440063,LOW
1608,0.0,0.11975144740446764,0.503325,0.1509975,Normal,Normal,0.496675,LOW
1609,1.0,0.10405059988028387,0.6380250000000001,0.8914074999999999,Restart Task,Restart Task,0.638025,MEDIUM
1610,1.0,0.1314391609072954,0.3658125,0.80974375,Restart Task,Restart Task,0.365812,LOW
1611,0.0,0.1319851554102165,0.35819999999999996,0.10745999999999999,Normal,Normal,0.6418,MEDIUM
1612,0.005,0.13767477430665276,0.2713,0.08489,Normal,Normal,0.7337,MEDIUM
1613,0.0,0.10794065341407572,0.6105125,0.18315375,Normal,Normal,0.389487,LOW
1614,0.0,0.11284021435184921,0.5695875,0.17087625,Normal,Normal,0.430412,LOW
1615,0.005,0.06089099483452476,0.8445625,0.25686875,Normal,Normal,0.160438,LOW
1616,0.0,0.1414655799921567,0.20892500000000003,0.06267750000000001,Normal,Normal,0.791075,MEDIUM
1617,1.0,0.05638576881876972,0.85835,0.9575049999999999,Restart Task,Restart Task,0.85835,HIGH
1618,1.0,0.12027711930385343,0.4981375,0.8494412499999999,Restart Task,Restart Task,0.498138,LOW
1619,0.0,0.1382470004191152,0.2608125,0.07824375,Normal,Normal,0.739187,MEDIUM
1620,0.0,0.11751780904205367,0.5267,0.15800999999999998,Normal,Normal,0.4733,LOW
1621,0.0,0.13555092651694972,0.305825,0.0917475,Normal,Normal,0.694175,MEDIUM
1622,0.0,0.10970731755427787,0.595825,0.1787475,Normal,Normal,0.404175,LOW
1623,0.0,0.10755397556387714,0.6130249999999999,0.18390749999999997,Normal,Normal,0.386975,LOW
1624,0.0,0.13115552981670314,0.36958749999999996,0.11087624999999998,Normal,Normal,0.630413,MEDIUM
1625,0.0,0.1396256651279722,0.2395625,0.07186875,Normal,Normal,0.760437,MEDIUM
1626,0.0,0.1168791766650622,0.5329625,0.15988875,Normal,Normal,0.467037,LOW
1627,0.0,0.09625170762175606,0.68975,0.206925,Normal,Normal,0.31025,LOW
1628,0.0,0.10566226600606898,0.6267625,0.18802875,Normal,Normal,0.373237,LOW
1629,0.0,0.05980888149153574,0.8479375,0.25438125,Normal,Normal,0.152062,LOW
1630,0.0,0.12988374249932683,0.38575000000000004,0.11572500000000001,Normal,Normal,0.61425,MEDIUM
1631,0.0,0.11512806611567039,0.549675,0.1649025,Normal,Normal,0.450325,LOW
1632,0.005,0.04236862947364206,0.8937875,0.27163624999999997,Normal,Normal,0.111213,LOW
1633,0.0,0.12509849337455126,0.44456249999999997,0.13336874999999998,Normal,Normal,0.555438,MEDIUM
1634,0.005,0.10594609667151683,0.62475,0.190925,Normal,Normal,0.38025,LOW
1635,0.005,0.07985557767152007,0.77015,0.234545,Normal,Normal,0.23485,LOW
1636,0.035,0.009447674130809713,0.9432,0.30746,Scale Resources,Scale Resources,0.0918,LOW
1637,0.0,0.10203362226427887,0.651525,0.1954575,Normal,Normal,0.348475,LOW
1638,1.0,0.11092727130814689,0.5855125,0.8756537499999999,Restart Task,Restart Task,0.585512,MEDIUM
1639,0.0,0.11236116120218537,0.573825,0.1721475,Normal,Normal,0.426175,LOW
1640,0.0,0.05905107899198325,0.850325,0.2550975,Normal,Normal,0.149675,LOW
1641,0.0,0.1377305702883117,0.27035,0.081105,Normal,Normal,0.72965,MEDIUM
1642,0.0,0.13100742538485,0.3716125,0.11148375,Normal,Normal,0.628387,MEDIUM
1643,0.0,0.13455902455549318,0.32101250000000003,0.09630375000000001,Normal,Normal,0.678987,MEDIUM
1644,0.005,0.11205208173673437,0.5765625,0.17646874999999998,Normal,Normal,0.428438,LOW
1645,0.0,0.10092175950049048,0.6590625,0.19771875,Normal,Normal,0.340938,LOW
1646,0.0,0.11291736667204494,0.5688500000000001,0.17065500000000003,Normal,Normal,0.43115,LOW
1647,0.0,0.10000532191156924,0.6653875,0.19961625,Normal,Normal,0.334612,LOW
1648,1.0,0.04345161363474881,0.8914375,0.96743125,Restart Task,Restart Task,0.891437,HIGH
1649,0.0,0.14521732041228397,0.13905,0.041715,Normal,Normal,0.86095,HIGH
1650,0.0,0.1296192730402967,0.38927500000000004,0.11678250000000001,Normal,Normal,0.610725,MEDIUM
1651,0.0,0.1248399665377391,0.44743750000000004,0.13423125,Normal,Normal,0.552562,MEDIUM
1652,0.995,0.11503377668215586,0.5504,0.86162,Restart Task,Restart Task,0.5554,MEDIUM
1653,0.005,0.130068049556831,0.38339999999999996,0.11851999999999999,Normal,Normal,0.6216,MEDIUM
1654,0.02,0.0793672784135499,0.7721,0.24563000000000001,Normal,Normal,0.2479,LOW
1655,0.0,0.12284130366878976,0.47063750000000004,0.14119125000000002,Normal,Normal,0.529362,LOW
1656,0.94,-0.05319930179996457,0.9728125,0.9498437499999999,Restart Task,Restart Task,0.967187,HIGH
1657,0.97,0.02805266885562141,0.922675,0.9558024999999999,Restart Task,Restart Task,0.952675,HIGH
1658,0.0,-0.012832191692002781,0.9579375,0.28738125,Normal,Normal,0.042063,LOW
1659,0.935,-0.04737525129659226,0.97165,0.9459949999999999,Restart Task,Restart Task,0.96335,HIGH
1660,0.0,0.02872104328250269,0.92175,0.27652499999999997,Normal,Normal,0.07825,LOW
1661,0.02,0.13237197915636728,0.3523625,0.11970875,Normal,Normal,0.667637,MEDIUM
1662,0.0,0.10732817114464976,0.6144375,0.18433124999999997,Normal,Normal,0.385563,LOW
1663,1.0,0.03042686021581853,0.918975,0.9756925,Restart Task,Restart Task,0.918975,HIGH
1664,0.075,0.049531875271383474,0.8772875,0.31568625,Scale Resources,Scale Resources,0.197712,LOW
1665,0.0,0.07391044527367074,0.7939499999999999,0.23818499999999998,Normal,Normal,0.20605,LOW
1666,1.0,0.0887691985744209,0.72995,0.9189849999999999,Restart Task,Restart Task,0.72995,MEDIUM
1667,0.0,0.0564605429527576,0.8580625,0.25741875,Normal,Normal,0.141938,LOW
1668,0.0,0.12365374957377451,0.461125,0.1383375,Normal,Normal,0.538875,LOW
1669,0.0,0.09176005798702297,0.714975,0.2144925,Normal,Normal,0.285025,LOW
1670,0.0,-0.18968055640627668,0.9997875,0.29993625,Normal,Normal,0.000212,LOW
1671,0.005,0.06988067955994048,0.8108625,0.24675875,Normal,Normal,0.194137,LOW
1672,0.005,0.1172233137129976,0.5296375,0.16239125,Normal,Normal,0.475363,LOW
1673,1.0,0.13481429072715473,0.3168375,0.79505125,Restart Task,Restart Task,0.316837,LOW
1674,0.005,0.12581182248356554,0.4359875,0.13429624999999998,Normal,Normal,0.569013,MEDIUM
1675,0.0,0.0864215156522935,0.7421,0.22263,Normal,Normal,0.2579,LOW
1676,0.0,0.13677988680135683,0.285875,0.08576249999999999,Normal,Normal,0.714125,MEDIUM
1677,0.0,0.09394690289211316,0.7027,0.21081,Normal,Normal,0.2973,LOW
1678,1.0,0.11970745117018855,0.5037499999999999,0.8511249999999999,Restart Task,Restart Task,0.50375,LOW
1679,0.0,0.12413072397243063,0.45558750000000003,0.13667625,Normal,Normal,0.544412,LOW
1680,0.07,0.1229407374394954,0.469475,0.18984249999999997,Normal,Normal,0.600525,MEDIUM
1681,0.0,0.11609827992107769,0.5404375,0.16213125,Normal,Normal,0.459562,LOW
1682,0.0,0.1258328809860671,0.4357,0.13071,Normal,Normal,0.5643,MEDIUM
1683,1.0,0.12480741559108266,0.4477875,0.83433625,Restart Task,Restart Task,0.447788,LOW
1684,0.98,0.12994818466260089,0.3849,0.8014699999999999,Restart Task,Restart Task,0.4049,LOW
1685,0.0,-0.13880585664940714,0.9969,0.29907,Normal,Normal,0.0031,LOW
1686,0.005,0.08344683271756026,0.7557,0.23021,Normal,Normal,0.2493,LOW
1687,0.0,0.06078903118541307,0.84485,0.253455,Normal,Normal,0.15515,LOW
1688,0.02,0.0847684880362864,0.749825,0.23894749999999998,Normal,Normal,0.270175,LOW
1689,1.0,0.0971354874568558,0.6841875,0.9052562499999999,Restart Task,Restart Task,0.684187,MEDIUM
1690,0.0,0.0908623406861172,0.7199875,0.21599625,Normal,Normal,0.280012,LOW
1691,0.92,0.026186378935408428,0.9253750000000001,0.9216125,Restart Task,Restart Task,0.994625,HIGH
1692,1.0,0.00043133495974623237,0.9497875,0.98493625,Restart Task,Restart Task,0.949788,HIGH
1693,0.99,0.0680818028964621,0.8177125000000001,0.93831375,Restart Task,Restart Task,0.827713,HIGH
1694,0.0,0.13189477668660665,0.359525,0.1078575,Normal,Normal,0.640475,MEDIUM
1695,0.0,0.1334372711196326,0.3370875,0.10112624999999999,Normal,Normal,0.662913,MEDIUM
1696,0.99,0.13324936548882005,0.3397875,0.7949362499999999,Restart Task,Restart Task,0.349788,LOW
1697,0.0,0.1132002842832675,0.5659125,0.16977375,Normal,Normal,0.434087,LOW
1698,0.0,0.024320515513676977,0.927875,0.2783625,Normal,Normal,0.072125,LOW
1699,0.0,0.053329604232615735,0.8678250000000001,0.2603475,Normal,Normal,0.132175,LOW
1700,0.0,0.13742501723834938,0.274875,0.0824625,Normal,Normal,0.725125,MEDIUM
1701,0.015,0.1172901133896771,0.5289625,0.16918875,Normal,Normal,0.486038,LOW
1702,0.0,0.12139111671482478,0.4862875,0.14588625,Normal,Normal,0.513713,LOW
1703,0.0,0.023912805662273384,0.9283875,0.27851625,Normal,Normal,0.071612,LOW
1704,1.0,0.12467400654277427,0.4493125,0.83479375,Restart Task,Restart Task,0.449313,LOW
1705,0.0,0.145593751242948,0.13195,0.039585,Normal,Normal,0.86805,HIGH
1706,0.0,0.11727664976838575,0.5290375,0.15871125,Normal,Normal,0.470962,LOW
1707,0.0,0.14584816227133984,0.1273375,0.03820125,Normal,Normal,0.872663,HIGH
1708,0.0,0.06372287389854864,0.83395,0.250185,Normal,Normal,0.16605,LOW
1709,0.955,0.12233517494819207,0.47619999999999996,0.81136,Restart Task,Restart Task,0.5212,LOW
1710,0.0,0.13545869451763143,0.30715000000000003,0.092145,Normal,Normal,0.69285,MEDIUM
1711,0.0,0.122551145708372,0.47404999999999997,0.14221499999999998,Normal,Normal,0.52595,LOW
1712,1.0,0.07976668587667379,0.7705625,0.93116875,Restart Task,Restart Task,0.770563,MEDIUM
1713,0.0,0.11599341438153105,0.541275,0.16238249999999999,Normal,Normal,0.458725,LOW
1714,0.0,0.023825128212552005,0.928525,0.2785575,Normal,Normal,0.071475,LOW
1715,0.0,-0.029977639645260012,0.966175,0.2898525,Normal,Normal,0.033825,LOW
1716,1.0,0.12931430534440713,0.39354999999999996,0.8180649999999999,Restart Task,Restart Task,0.39355,LOW
1717,0.0,0.13558322255259492,0.30533750000000004,0.09160125000000001,Normal,Normal,0.694662,MEDIUM
1718,0.985,0.11041176498033567,0.5897875,0.86643625,Restart Task,Restart Task,0.604788,MEDIUM
1719,0.005,-0.01440342962862462,0.9592625,0.29127875,Normal,Normal,0.045737,LOW
1720,0.0,0.04511901213374253,0.8877125,0.26631375,Normal,Normal,0.112287,LOW
1721,0.995,0.14839128237974553,0.088175,0.7229525,Restart Task,Restart Task,0.093175,LOW
1722,0.0,0.07523642291903337,0.7891125,0.23673375,Normal,Normal,0.210888,LOW
1723,0.025,0.1312523104664376,0.36821250000000005,0.12796375000000001,Normal,Normal,0.656787,MEDIUM
1724,0.005,0.008953936525018635,0.9435375,0.28656125,Normal,Normal,0.061462,LOW
1725,0.695,0.08295296757907367,0.7578125,0.7138437499999999,Restart Task,Restart Task,0.937187,HIGH
1726,0.005,0.11056623104304458,0.5884750000000001,0.18004250000000002,Normal,Normal,0.416525,LOW
1727,1.0,0.06998619004734113,0.8104625,0.9431387499999999,Restart Task,Restart Task,0.810462,HIGH
1728,0.0,0.11085414945141736,0.5861125,0.17583375,Normal,Normal,0.413887,LOW
1729,0.0,0.11930611231115928,0.50795,0.152385,Normal,Normal,0.49205,LOW
1730,0.0,0.09866405789963273,0.6745125000000001,0.20235375000000003,Normal,Normal,0.325487,LOW
1731,0.0,0.10703864805143343,0.6172,0.18516,Normal,Normal,0.3828,LOW
1732,0.0,0.13412281360783557,0.326925,0.0980775,Normal,Normal,0.673075,MEDIUM
1733,0.0,0.10205196080397139,0.65145,0.195435,Normal,Normal,0.34855,LOW
1734,0.0,0.15093757101808297,0.061675000000000035,0.01850250000000001,Normal,Normal,0.938325,HIGH
1735,0.0,0.13266600147117713,0.34821250000000004,0.10446375000000001,Normal,Normal,0.651787,MEDIUM
1736,0.0,0.11785235109789921,0.5228875,0.15686624999999998,Normal,Normal,0.477113,LOW
1737,0.0,0.13847284068435106,0.2574375,0.07723124999999999,Normal,Normal,0.742563,MEDIUM
1738,0.0,0.11536289727382498,0.5474125000000001,0.16422375000000003,Normal,Normal,0.452587,LOW
1739,0.0,0.08339330932961436,0.75605,0.226815,Normal,Normal,0.24395,LOW
1740,0.005,0.09336613991715353,0.7061875,0.21535625,Normal,Normal,0.298813,LOW
1741,0.0,-0.07172559852284033,0.9851875,0.29555624999999996,Normal,Normal,0.014813,LOW
1742,1.0,0.046657241025212126,0.8840625,0.96521875,Restart Task,Restart Task,0.884062,HIGH
1743,0.0,0.09412267421466597,0.7016625000000001,0.21049875,Normal,Normal,0.298337,LOW
1744,0.0,0.0955121980327217,0.694125,0.2082375,Normal,Normal,0.305875,LOW
1745,0.0,0.10289677767631,0.6458625,0.19375875,Normal,Normal,0.354137,LOW
1746,0.0,0.10047452937195428,0.6623749999999999,0.1987125,Normal,Normal,0.337625,LOW
1747,0.0,0.13555092651694972,0.305825,0.0917475,Normal,Normal,0.694175,MEDIUM
1748,0.0,0.13889517780372357,0.25063749999999996,0.07519124999999999,Normal,Normal,0.749363,MEDIUM
1749,0.0,0.03505480260145544,0.90875,0.27262499999999995,Normal,Normal,0.09125,LOW
1750,0.0,0.10017209143415845,0.6643125,0.19929375,Normal,Normal,0.335688,LOW
1751,0.0,0.047155742058827166,0.882975,0.2648925,Normal,Normal,0.117025,LOW
1752,0.005,0.1090158356908657,0.6017625,0.18402875,Normal,Normal,0.403238,LOW
1753,0.0,0.1253237541465242,0.44189999999999996,0.13257,Normal,Normal,0.5581,MEDIUM
1754,0.0,0.08294563559252482,0.7578875,0.22736625,Normal,Normal,0.242112,LOW
1755,0.005,0.07831010358294738,0.7767125,0.23651375,Normal,Normal,0.228287,LOW
1756,0.0,0.11212983263613907,0.5758,0.17273999999999998,Normal,Normal,0.4242,LOW
1757,0.0,0.09371218094940165,0.7039625,0.21118875,Normal,Normal,0.296037,LOW
1758,0.0,0.10256495362729601,0.64805,0.194415,Normal,Normal,0.35195,LOW
1759,0.995,0.12421972049866992,0.45466249999999997,0.83289875,Restart Task,Restart Task,0.459662,LOW
1760,0.0,0.10816811508864577,0.6086625,0.18259875,Normal,Normal,0.391338,LOW
1761,0.0,0.13071107425723522,0.37546250000000003,0.11263875000000001,Normal,Normal,0.624537,MEDIUM
1762,0.0,0.13278415971634305,0.346275,0.1038825,Normal,Normal,0.653725,MEDIUM
1763,0.99,0.1108228559218179,0.5862125,0.8688637499999999,Restart Task,Restart Task,0.596213,MEDIUM
1764,0.0,0.12640864189582807,0.4286,0.12858,Normal,Normal,0.5714,MEDIUM
1765,0.0,0.1312891873770215,0.36765000000000003,0.110295,Normal,Normal,0.63235,MEDIUM
1766,0.0,0.10637757633297829,0.621475,0.18644249999999998,Normal,Normal,0.378525,LOW
1767,0.0,0.12968702511623603,0.3883875,0.11651624999999999,Normal,Normal,0.611613,MEDIUM
1768,1.0,0.08768346341050998,0.7353000000000001,0.92059,Restart Task,Restart Task,0.7353,MEDIUM
1769,0.0,0.08670524377655509,0.740575,0.2221725,Normal,Normal,0.259425,LOW
1770,0.0,-0.10169188503963877,0.99265,0.297795,Normal,Normal,0.00735,LOW
1771,0.0,0.03360325949763432,0.9123625,0.27370875,Normal,Normal,0.087638,LOW
1772,0.0,0.13054393820702803,0.3777125,0.11331374999999999,Normal,Normal,0.622287,MEDIUM
1773,0.0,0.11961022767155682,0.5047125,0.15141374999999999,Normal,Normal,0.495287,LOW
1774,0.0,0.03360325949763432,0.9123625,0.27370875,Normal,Normal,0.087638,LOW
1775,0.0,0.10326281944131599,0.6436124999999999,0.19308374999999997,Normal,Normal,0.356388,LOW
1776,0.0,0.10780675105211274,0.611425,0.1834275,Normal,Normal,0.388575,LOW
1777,0.01,0.13401805797886124,0.32845,0.10553499999999999,Normal,Normal,0.68155,MEDIUM
1778,0.0,0.1439204639229561,0.16293749999999996,0.04888124999999999,Normal,Normal,0.837063,HIGH
1779,0.0,0.10584843125802096,0.6254500000000001,0.18763500000000002,Normal,Normal,0.37455,LOW
1780,0.0,0.10364583285580814,0.6406375,0.19219124999999998,Normal,Normal,0.359363,LOW
1781,0.0,0.06445628470205866,0.8314874999999999,0.24944624999999998,Normal,Normal,0.168513,LOW
1782,0.0,0.13285465238663596,0.345425,0.1036275,Normal,Normal,0.654575,MEDIUM
1783,0.015,0.12777053145342776,0.411725,0.1340175,Normal,Normal,0.603275,MEDIUM
1784,0.0,0.029024807858357038,0.921325,0.27639749999999996,Normal,Normal,0.078675,LOW
1785,0.0,0.13264325694287266,0.3485125,0.10455375,Normal,Normal,0.651487,MEDIUM
1786,0.0,0.14075894297599512,0.2205625,0.06616875,Normal,Normal,0.779438,MEDIUM
1787,0.005,0.08720481563065025,0.7379375,0.22488125,Normal,Normal,0.267062,LOW
1788,0.0,0.05908571632069731,0.8501375,0.25504125,Normal,Normal,0.149863,LOW
1789,0.0,0.059291024778504786,0.8495375000000001,0.25486125,Normal,Normal,0.150462,LOW
1790,0.0,0.13116393349969235,0.36950000000000005,0.11085000000000002,Normal,Normal,0.6305,MEDIUM
1791,0.0,0.09231860725588992,0.7121124999999999,0.21363374999999998,Normal,Normal,0.287888,LOW
1792,0.01,0.03693744072323213,0.9048125,0.27844375,Normal,Normal,0.105187,LOW
1793,0.0,0.08434527263463443,0.7517625,0.22552875,Normal,Normal,0.248237,LOW
1794,0.0,0.12978794483394368,0.38703750000000003,0.11611125,Normal,Normal,0.612962,MEDIUM
1795,0.0,0.09063933516328687,0.7211125,0.21633375000000002,Normal,Normal,0.278887,LOW
1796,0.0,0.0941420607958613,0.7015750000000001,0.2104725,Normal,Normal,0.298425,LOW
1797,1.0,-0.0003183499475855056,0.9503,0.98509,Restart Task,Restart Task,0.9503,HIGH
1798,0.0,0.10194326022420164,0.6522125,0.19566375,Normal,Normal,0.347788,LOW
1799,1.0,0.06058717495256061,0.8454625,0.9536387499999999,Restart Task,Restart Task,0.845463,HIGH
1800,0.0,0.130068049556831,0.38339999999999996,0.11501999999999998,Normal,Normal,0.6166,MEDIUM
1801,0.0,0.1418035428104769,0.20255,0.060765,Normal,Normal,0.79745,MEDIUM
1802,0.0,0.10578385157812198,0.6259250000000001,0.1877775,Normal,Normal,0.374075,LOW
1803,0.0,0.14380760214459576,0.16478749999999998,0.049436249999999994,Normal,Normal,0.835213,HIGH
1804,1.0,0.12019160555259428,0.49901249999999997,0.84970375,Restart Task,Restart Task,0.499012,LOW
1805,0.005,0.02164914846232202,0.931,0.2828,Normal,Normal,0.074,LOW
1806,0.0,0.10203362226427887,0.651525,0.1954575,Normal,Normal,0.348475,LOW
1807,0.985,0.1072361421450555,0.6152375,0.87407125,Restart Task,Restart Task,0.630238,MEDIUM
1808,0.965,0.1365710557420325,0.28969999999999996,0.76241,Restart Task,Restart Task,0.3247,LOW
1809,0.0,0.10895084427093299,0.6023499999999999,0.18070499999999998,Normal,Normal,0.39765,LOW
1810,1.0,0.02180744247136268,0.9308625,0.97925875,Restart Task,Restart Task,0.930863,HIGH
1811,0.0,0.0768848236557475,0.7824625000000001,0.23473875,Normal,Normal,0.217537,LOW
1812,0.97,0.13402554530005634,0.32838750000000005,0.7775162499999999,Restart Task,Restart Task,0.358388,LOW
1813,0.0,0.09973488505762185,0.6672875,0.20018625,Normal,Normal,0.332712,LOW
1814,0.0,0.1187922670002865,0.5128375000000001,0.15385125000000002,Normal,Normal,0.487162,LOW
1815,0.0,0.11524801302928517,0.54855,0.164565,Normal,Normal,0.45145,LOW
1816,0.005,0.09168676933350933,0.7153625,0.21810875,Normal,Normal,0.289637,LOW
1817,0.0,0.13743819669998836,0.27466250000000003,0.08239875,Normal,Normal,0.725337,MEDIUM
1818,0.965,-0.05192908099988902,0.97255,0.967265,Restart Task,Restart Task,0.99245,HIGH
1819,0.0,0.1439204639229561,0.16293749999999996,0.04888124999999999,Normal,Normal,0.837063,HIGH
1820,0.02,-0.1149157861816299,0.9937,0.31211,Scale Resources,Scale Resources,0.0263,LOW
1821,0.995,0.08642012945065408,0.7421249999999999,0.9191374999999999,Restart Task,Restart Task,0.747125,MEDIUM
1822,0.0,0.12492716895804368,0.4464125,0.13392374999999998,Normal,Normal,0.553588,MEDIUM
1823,0.91,0.12592454608832565,0.43447499999999994,0.7673425,Restart Task,Restart Task,0.524475,LOW
1824,0.0,0.09352959845018888,0.7049624999999999,0.21148874999999998,Normal,Normal,0.295038,LOW
1825,1.0,0.05984335762980547,0.847775,0.9543324999999999,Restart Task,Restart Task,0.847775,HIGH
1826,0.0,0.08614892205299052,0.743625,0.2230875,Normal,Normal,0.256375,LOW
1827,0.0,0.08568695328539966,0.7458374999999999,0.22375124999999998,Normal,Normal,0.254163,LOW
1828,0.0,0.09675576506313621,0.6868375,0.20605125,Normal,Normal,0.313163,LOW
1829,0.0,0.06922036301312207,0.813475,0.24404249999999997,Normal,Normal,0.186525,LOW
1830,0.005,0.029834673543923218,0.92005,0.279515,Normal,Normal,0.08495,LOW
1831,0.0,0.13224556064898707,0.3542375,0.10627125,Normal,Normal,0.645763,MEDIUM
1832,0.0,0.13151582519192667,0.364525,0.1093575,Normal,Normal,0.635475,MEDIUM
1833,0.0,0.13017304736694763,0.38207500000000005,0.11462250000000002,Normal,Normal,0.617925,MEDIUM
1834,0.0,0.14121857805611354,0.21342499999999998,0.06402749999999999,Normal,Normal,0.786575,MEDIUM
1835,0.0,0.1324651367539863,0.35101249999999995,0.10530374999999999,Normal,Normal,0.648988,MEDIUM
1836,0.015,0.1302188195908866,0.3816625,0.12499874999999999,Normal,Normal,0.633337,MEDIUM
1837,0.005,0.1110064600173804,0.5849625,0.17898875,Normal,Normal,0.420037,LOW
1838,0.0,0.11531047553893686,0.547975,0.1643925,Normal,Normal,0.452025,LOW
1839,0.0,0.11378844568776486,0.5610375000000001,0.16831125000000002,Normal,Normal,0.438962,LOW
1840,0.0,0.1273129110295504,0.41717499999999996,0.12515249999999997,Normal,Normal,0.582825,MEDIUM
1841,0.0,0.1289394120560658,0.39815,0.119445,Normal,Normal,0.60185,MEDIUM
1842,0.0,0.12291501763413865,0.46975,0.140925,Normal,Normal,0.53025,LOW
1843,0.0,0.12345313989073387,0.4634625,0.13903875,Normal,Normal,0.536538,LOW
1844,0.0,0.11836293260856567,0.5177499999999999,0.15532499999999996,Normal,Normal,0.48225,LOW
1845,0.0,0.12586301580357784,0.4354,0.13061999999999999,Normal,Normal,0.5646,MEDIUM
1846,1.0,0.11729014849167946,0.52895,0.8586849999999999,Restart Task,Restart Task,0.52895,LOW
1847,0.985,0.005974710490514568,0.9464125,0.97342375,Restart Task,Restart Task,0.961413,HIGH
1848,0.0,0.13689659212632316,0.28371250000000003,0.08511375,Normal,Normal,0.716287,MEDIUM
1849,0.0,0.016524267877939702,0.9373125,0.28119374999999996,Normal,Normal,0.062688,LOW
1850,0.0,0.06161529872896582,0.8421125,0.25263375,Normal,Normal,0.157887,LOW
1851,0.0,0.10712657728589703,0.6165375,0.18496125,Normal,Normal,0.383463,LOW
1852,0.0,0.11596228731977332,0.541675,0.1625025,Normal,Normal,0.458325,LOW
1853,0.0,0.11542646370759418,0.5469625,0.16408875,Normal,Normal,0.453037,LOW
1854,0.0,0.06872238167346323,0.815175,0.24455249999999998,Normal,Normal,0.184825,LOW
1855,0.0,0.12072692488440107,0.4932375,0.14797125,Normal,Normal,0.506763,LOW
1856,0.91,0.09508149522301024,0.6965,0.84595,Restart Task,Restart Task,0.7865,MEDIUM
1857,1.0,0.12019160555259428,0.49901249999999997,0.84970375,Restart Task,Restart Task,0.499012,LOW
1858,0.0,0.13271944228749966,0.347425,0.10422749999999999,Normal,Normal,0.652575,MEDIUM
1859,0.0,0.1367976778945132,0.2852875,0.08558625,Normal,Normal,0.714712,MEDIUM
1860,0.0,0.041445452212290124,0.895725,0.2687175,Normal,Normal,0.104275,LOW
1861,0.0,0.13843154023539528,0.2580125,0.07740375,Normal,Normal,0.741988,MEDIUM
1862,0.0,0.12076665829971173,0.4929125,0.14787375,Normal,Normal,0.507088,LOW
1863,0.0,0.11414648311608,0.557825,0.1673475,Normal,Normal,0.442175,LOW
1864,0.0,0.12802739722213102,0.40895000000000004,0.122685,Normal,Normal,0.59105,MEDIUM
1865,0.005,0.035310087439044846,0.9083,0.27599,Normal,Normal,0.0967,LOW
1866,0.0,0.1275548230250897,0.41469999999999996,0.12440999999999998,Normal,Normal,0.5853,MEDIUM
1867,0.995,0.07229153587693093,0.8006125,0.93668375,Restart Task,Restart Task,0.805612,HIGH
1868,0.0,0.1346407984824874,0.31972500000000004,0.0959175,Normal,Normal,0.680275,MEDIUM
1869,0.895,0.09018719878819725,0.723475,0.8435425,Restart Task,Restart Task,0.828475,HIGH
1870,0.005,0.07563606886590757,0.7874,0.23972,Normal,Normal,0.2176,LOW
1871,0.005,0.022136491625995847,0.9304625,0.28263875,Normal,Normal,0.074538,LOW
1872,0.005,0.1266300642270365,0.42595000000000005,0.131285,Normal,Normal,0.57905,MEDIUM
1873,1.0,0.0037546293994870084,0.94805,0.9844149999999999,Restart Task,Restart Task,0.94805,HIGH
1874,0.0,0.1372144042720772,0.2790625,0.08371875,Normal,Normal,0.720938,MEDIUM
1875,0.0,0.14406372408069673,0.15997499999999998,0.047992499999999993,Normal,Normal,0.840025,HIGH
1876,0.995,0.08020444886006095,0.768675,0.9271024999999999,Restart Task,Restart Task,0.773675,MEDIUM
1877,0.0,0.12944999677386793,0.39161250000000003,0.11748375,Normal,Normal,0.608387,MEDIUM
1878,0.0,0.07529660353426393,0.7888125,0.23664374999999999,Normal,Normal,0.211187,LOW
1879,0.0,0.07295695593530727,0.7978875,0.23936624999999997,Normal,Normal,0.202113,LOW
1880,0.0,0.12902727240576378,0.39703750000000004,0.11911125,Normal,Normal,0.602962,MEDIUM
1881,0.0,0.09970856261079841,0.6675375,0.20026125,Normal,Normal,0.332462,LOW
1882,0.995,0.036255099163681415,0.9061875,0.96835625,Restart Task,Restart Task,0.911188,HIGH
1883,1.0,0.10491408382837891,0.6323375,0.8897012499999999,Restart Task,Restart Task,0.632337,MEDIUM
1884,0.005,0.12532690875876595,0.44184999999999997,0.13605499999999998,Normal,Normal,0.56315,MEDIUM
1885,0.0,0.06833826743435173,0.816575,0.2449725,Normal,Normal,0.183425,LOW
1886,0.0,0.12395553601026094,0.45755,0.137265,Normal,Normal,0.54245,LOW
1887,1.0,0.1362174735295545,0.29588749999999997,0.7887662499999999,Restart Task,Restart Task,0.295887,LOW
1888,0.0,0.12575949212045356,0.43665,0.130995,Normal,Normal,0.56335,MEDIUM
1889,0.0,0.09022417537339644,0.72325,0.21697499999999997,Normal,Normal,0.27675,LOW
1890,0.0,0.11972847481842663,0.5035125,0.15105375000000001,Normal,Normal,0.496487,LOW
1891,0.0,0.13152690129126837,0.36431250000000004,0.10929375000000001,Normal,Normal,0.635687,MEDIUM
1892,0.0,0.03245125515603253,0.9151875,0.27455625,Normal,Normal,0.084812,LOW
1893,0.0,0.07732989264917584,0.7806625,0.23419875,Normal,Normal,0.219337,LOW
1894,1.0,0.10858682615414411,0.6055875,0.8816762499999999,Restart Task,Restart Task,0.605587,MEDIUM
1895,0.0,0.08058886614868938,0.7669625,0.23008874999999998,Normal,Normal,0.233038,LOW
1896,0.0,0.12206468800466658,0.4789,0.14367,Normal,Normal,0.5211,LOW
1897,0.0,0.1083636533926069,0.6072124999999999,0.18216374999999999,Normal,Normal,0.392788,LOW
1898,0.0,0.1260223310610339,0.43315000000000003,0.129945,Normal,Normal,0.56685,MEDIUM
1899,0.99,0.13712860380538472,0.28045,0.7771349999999999,Restart Task,Restart Task,0.29045,LOW
1900,0.965,0.09610149214206315,0.690625,0.8826875,Restart Task,Restart Task,0.725625,MEDIUM
1901,0.0,0.12742168834831086,0.41605000000000003,0.12481500000000001,Normal,Normal,0.58395,MEDIUM
1902,0.0,0.13677987160622912,0.28588749999999996,0.08576624999999999,Normal,Normal,0.714113,MEDIUM
1903,0.0,0.12274030834022626,0.47177500000000006,0.1415325,Normal,Normal,0.528225,LOW
1904,0.005,0.09167657841038795,0.7153875000000001,0.21811625,Normal,Normal,0.289612,LOW
1905,0.0,0.10426436024406505,0.6367625,0.19102875,Normal,Normal,0.363237,LOW
1906,0.0,0.12549950319424918,0.440025,0.1320075,Normal,Normal,0.559975,MEDIUM
1907,1.0,0.04543335193858278,0.8869375,0.96608125,Restart Task,Restart Task,0.886938,HIGH
1908,1.0,0.10788647990403316,0.6109125,0.88327375,Restart Task,Restart Task,0.610912,MEDIUM
1909,0.0,0.11194609549196538,0.5775874999999999,0.17327624999999997,Normal,Normal,0.422413,LOW
1910,1.0,0.0968080462072905,0.6865125000000001,0.90595375,Restart Task,Restart Task,0.686513,MEDIUM
1911,0.0,0.14208789887694484,0.19663750000000002,0.05899125,Normal,Normal,0.803362,HIGH
1912,0.0,0.1354126042490223,0.30794999999999995,0.09238499999999998,Normal,Normal,0.69205,MEDIUM
1913,1.0,0.13215812648243064,0.3554625,0.80663875,Restart Task,Restart Task,0.355463,LOW
1914,0.0,0.1247725209895193,0.448225,0.1344675,Normal,Normal,0.551775,MEDIUM
1915,0.0,0.07566675388671934,0.78725,0.236175,Normal,Normal,0.21275,LOW
1916,0.005,0.13811700353833223,0.26332500000000003,0.08249750000000002,Normal,Normal,0.741675,MEDIUM
1917,1.0,0.10405059988028387,0.6380250000000001,0.8914074999999999,Restart Task,Restart Task,0.638025,MEDIUM
1918,0.0,0.1396256651279722,0.2395625,0.07186875,Normal,Normal,0.760437,MEDIUM
1919,0.0,0.10794065341407572,0.6105125,0.18315375,Normal,Normal,0.389487,LOW
1920,0.0,-0.06779186900338185,0.981825,0.29454749999999996,Normal,Normal,0.018175,LOW
1921,0.0,0.07110968802424944,0.8052,0.24156,Normal,Normal,0.1948,LOW
1922,0.0,0.11864709011116775,0.5141625000000001,0.15424875000000002,Normal,Normal,0.485837,LOW
1923,1.0,0.13289743001492987,0.34468750000000004,0.80340625,Restart Task,Restart Task,0.344688,LOW
1924,0.0,0.09970856261079841,0.6675375,0.20026125,Normal,Normal,0.332462,LOW
1925,0.0,0.11048035169794179,0.5892124999999999,0.17676374999999997,Normal,Normal,0.410788,LOW
1926,0.0,-0.07908414886091952,0.986825,0.29604749999999996,Normal,Normal,0.013175,LOW
1927,1.0,0.08981153952946852,0.7253375,0.9176012499999999,Restart Task,Restart Task,0.725337,MEDIUM
1928,0.995,0.14432702256495084,0.15463749999999998,0.74289125,Restart Task,Restart Task,0.159637,LOW
1929,0.0,-0.10387758212300369,0.9929625,0.29788875,Normal,Normal,0.007038,LOW
1930,1.0,0.11456862294794584,0.5539875000000001,0.86619625,Restart Task,Restart Task,0.553988,MEDIUM
1931,0.0,0.13206000813555152,0.35706249999999995,0.10711874999999998,Normal,Normal,0.642938,MEDIUM
1932,0.0,0.07837587954795822,0.7763375,0.23290125,Normal,Normal,0.223662,LOW
1933,0.87,0.039532226936412895,0.8996500000000001,0.878895,Restart Task,Restart Task,0.97035,HIGH
1934,0.0,0.13745614995781613,0.27435,0.08230499999999999,Normal,Normal,0.72565,MEDIUM
1935,0.0,0.12561082460975914,0.43856249999999997,0.13156874999999998,Normal,Normal,0.561438,MEDIUM
1936,0.0,0.14322023925855326,0.17538750000000003,0.05261625000000001,Normal,Normal,0.824612,HIGH
1937,0.01,0.1349972181150499,0.31425000000000003,0.101275,Normal,Normal,0.69575,MEDIUM
1938,0.0,0.14548649141707237,0.13442500000000002,0.0403275,Normal,Normal,0.865575,HIGH
1939,0.0,0.11036097002362222,0.5903499999999999,0.17710499999999998,Normal,Normal,0.40965,LOW
1940,0.005,0.08825702461188106,0.7320625000000001,0.22311875,Normal,Normal,0.272937,LOW
1941,0.0,-0.06656758069516289,0.9807375,0.29422125,Normal,Normal,0.019262,LOW
1942,0.0,0.13425505550757172,0.3254,0.09762,Normal,Normal,0.6746,MEDIUM
1943,0.0,0.1179226319810292,0.5222,0.15666,Normal,Normal,0.4778,LOW
1944,1.0,0.14155900934489746,0.20733749999999995,0.7622012499999999,Restart Task,Restart Task,0.207337,LOW
1945,0.0,-0.0066952353214357885,0.953675,0.2861025,Normal,Normal,0.046325,LOW
1946,0.0,0.14151389451592394,0.2080375,0.062411249999999995,Normal,Normal,0.791963,MEDIUM
1947,0.0,0.13140176281549487,0.36636250000000004,0.10990875000000001,Normal,Normal,0.633637,MEDIUM
1948,0.0,0.15056800755189437,0.06445000000000001,0.019335,Normal,Normal,0.93555,HIGH
1949,0.0,0.13842215321030277,0.25811249999999997,0.07743374999999998,Normal,Normal,0.741888,MEDIUM
1950,0.81,0.12410344639498205,0.4559375,0.7037812499999999,Restart Task,Restart Task,0.645937,MEDIUM
1951,1.0,0.10587990944253839,0.6252,0.8875599999999999,Restart Task,Restart Task,0.6252,MEDIUM
1952,0.0,0.07426508133266979,0.7926375,0.23779124999999998,Normal,Normal,0.207363,LOW
1953,0.0,0.12475766908242358,0.44838750000000005,0.13451625,Normal,Normal,0.551612,MEDIUM
1954,0.99,0.03617019970881996,0.906375,0.9649125,Restart Task,Restart Task,0.916375,HIGH
1955,0.995,0.07530609183042009,0.7887125,0.93311375,Restart Task,Restart Task,0.793713,MEDIUM
1956,0.075,0.03264284808385265,0.9147,0.32691,Scale Resources,Scale Resources,0.1603,LOW
1957,0.0,0.05641954068421584,0.8582375,0.25747125,Normal,Normal,0.141763,LOW
1958,0.005,0.13544855225227254,0.3073625,0.09570875,Normal,Normal,0.697638,MEDIUM
1959,0.0,0.1010189348862095,0.6583625,0.19750874999999998,Normal,Normal,0.341638,LOW
1960,0.045,0.047420717593768424,0.8823624999999999,0.29620875,Normal,Normal,0.162638,LOW
1961,1.0,0.12522587384297573,0.44313749999999996,0.83294125,Restart Task,Restart Task,0.443137,LOW
1962,1.0,0.11236373038979863,0.5738,0.8721399999999999,Restart Task,Restart Task,0.5738,MEDIUM
1963,0.0,0.10295446176885742,0.645525,0.1936575,Normal,Normal,0.354475,LOW
1964,0.0,0.12312209290076914,0.46748749999999994,0.14024625,Normal,Normal,0.532513,LOW
1965,0.0,0.10539714717596432,0.6285625,0.18856875,Normal,Normal,0.371437,LOW
1966,0.0,0.11930848732121446,0.5079125,0.15237375,Normal,Normal,0.492088,LOW
1967,0.0,0.0068903637837309795,0.9454625,0.28363875,Normal,Normal,0.054538,LOW
1968,0.02,0.10730622167986648,0.6146375,0.19839124999999996,Normal,Normal,0.405363,LOW
1969,0.0,0.11942891558851781,0.5066999999999999,0.15200999999999998,Normal,Normal,0.4933,LOW
1970,0.0,0.13794451340601055,0.26668749999999997,0.08000624999999999,Normal,Normal,0.733313,MEDIUM
1971,0.0,0.12428088740297061,0.453975,0.1361925,Normal,Normal,0.546025,LOW
1972,0.0,0.058745560624626214,0.8511875,0.25535625,Normal,Normal,0.148813,LOW
1973,0.0,-0.1375580790767138,0.995975,0.2987925,Normal,Normal,0.004025,LOW
1974,0.0,0.09970856261079841,0.6675375,0.20026125,Normal,Normal,0.332462,LOW
1975,0.0,0.11732477754226889,0.528575,0.1585725,Normal,Normal,0.471425,LOW
1976,0.005,0.12939581072540007,0.392425,0.1212275,Normal,Normal,0.612575,MEDIUM
1977,0.0,0.13722548076950963,0.27854999999999996,0.08356499999999999,Normal,Normal,0.72145,MEDIUM
1978,0.0,0.1408429263856274,0.21926250000000003,0.06577875000000001,Normal,Normal,0.780737,MEDIUM
1979,0.0,0.1410870923943049,0.215325,0.06459749999999999,Normal,Normal,0.784675,MEDIUM
1980,0.0,0.08434527263463443,0.7517625,0.22552875,Normal,Normal,0.248237,LOW
1981,0.0,0.06733203642596608,0.82075,0.24622499999999997,Normal,Normal,0.17925,LOW
1982,0.0,0.13022921948898408,0.38146250000000004,0.11443875,Normal,Normal,0.618537,MEDIUM
1983,0.0,0.10275927064923362,0.646825,0.19404749999999998,Normal,Normal,0.353175,LOW
1984,0.0,0.133018354707435,0.34314999999999996,0.10294499999999998,Normal,Normal,0.65685,MEDIUM
1985,0.0,0.13732767239604876,0.27631249999999996,0.08289374999999999,Normal,Normal,0.723688,MEDIUM
1986,0.0,0.11543712745702372,0.5468375,0.16405124999999998,Normal,Normal,0.453163,LOW
1987,0.005,0.11901311219296101,0.510475,0.1566425,Normal,Normal,0.494525,LOW
1988,0.005,0.022136491625995847,0.9304625,0.28263875,Normal,Normal,0.074538,LOW
1989,0.0,0.09129828028093445,0.7176125,0.21528375,Normal,Normal,0.282388,LOW
1990,0.0,0.1342596573826545,0.3253625,0.09760875,Normal,Normal,0.674638,MEDIUM
1991,1.0,0.08860582963985802,0.7306125,0.91918375,Restart Task,Restart Task,0.730612,MEDIUM
1992,0.9,0.1287009351063707,0.40113750000000004,0.75034125,Restart Task,Restart Task,0.501138,LOW
1993,0.005,0.13176701521118422,0.361275,0.11188250000000001,Normal,Normal,0.643725,MEDIUM
1994,0.0,-0.06598418650749982,0.980225,0.2940675,Normal,Normal,0.019775,LOW
1995,0.995,0.0642005333305129,0.83235,0.946205,Restart Task,Restart Task,0.83735,HIGH
1996,0.0,0.10832325774619894,0.607575,0.18227249999999998,Normal,Normal,0.392425,LOW
1997,0.0,0.10329625587460839,0.6433625000000001,0.19300875,Normal,Normal,0.356637,LOW
1998,0.0,0.057480803110802614,0.85515,0.25654499999999997,Normal,Normal,0.14485,LOW
1999,0.0,0.061796129160162416,0.8412875,0.25238625,Normal,Normal,0.158713,LOW
2000,0.0,0.13745614995781613,0.27435,0.08230499999999999,Normal,Normal,0.72565,MEDIUM
2001,0.005,0.03381151488561451,0.9119375,0.27708125,Normal,Normal,0.093063,LOW
2002,0.005,0.13092620816638223,0.3727125,0.11531375,Normal,Normal,0.632288,MEDIUM
2003,0.995,-0.06606042064746087,0.9802875,0.99058625,Restart Task,Restart Task,0.985287,HIGH
2004,0.0,0.10708229098840788,0.616825,0.18504749999999998,Normal,Normal,0.383175,LOW
2005,1.0,0.08054977003137387,0.7671625,0.93014875,Restart Task,Restart Task,0.767162,MEDIUM
2006,0.0,0.07941904358999063,0.7719125,0.23157375,Normal,Normal,0.228087,LOW
2007,0.005,0.10156496801465176,0.65465,0.199895,Normal,Normal,0.35035,LOW
2008,0.0,0.09133486021101722,0.7173875000000001,0.21521625000000003,Normal,Normal,0.282612,LOW
2009,0.01,-0.00045907050720839226,0.9503875,0.29211625,Normal,Normal,0.059612,LOW
2010,0.0,0.06446562703723008,0.831475,0.24944249999999998,Normal,Normal,0.168525,LOW
2011,0.0,0.1298989939011323,0.38556250000000003,0.11566875,Normal,Normal,0.614437,MEDIUM
2012,0.0,0.12941577459963638,0.3921375,0.11764125,Normal,Normal,0.607862,MEDIUM
2013,0.0,0.12632771489306466,0.4297875,0.12893625,Normal,Normal,0.570213,MEDIUM
2014,0.0,0.045859262627134745,0.88605,0.26581499999999997,Normal,Normal,0.11395,LOW
2015,1.0,0.03796836824999217,0.9027625,0.9708287499999999,Restart Task,Restart Task,0.902763,HIGH
2016,0.995,0.1038546826698073,0.6392625000000001,0.88827875,Restart Task,Restart Task,0.644263,MEDIUM
2017,0.0,0.09872364835574793,0.674025,0.20220749999999998,Normal,Normal,0.325975,LOW
2018,0.01,-0.01738242910624188,0.9609125000000001,0.29527375,Normal,Normal,0.049087,LOW
2019,0.0,0.1043598815504026,0.6363,0.19088999999999998,Normal,Normal,0.3637,LOW
2020,0.0,0.1296192730402967,0.38927500000000004,0.11678250000000001,Normal,Normal,0.610725,MEDIUM
2021,0.0,0.07970037804120744,0.7707625,0.23122874999999998,Normal,Normal,0.229237,LOW
2022,0.0,0.13037451853096943,0.379675,0.11390249999999999,Normal,Normal,0.620325,MEDIUM
2023,0.0,0.08358628119641753,0.75505,0.226515,Normal,Normal,0.24495,LOW
2024,0.005,0.10374645579830488,0.639975,0.19549249999999999,Normal,Normal,0.365025,LOW
2025,0.0,0.08434527263463443,0.7517625,0.22552875,Normal,Normal,0.248237,LOW
2026,0.0,0.1004051245384775,0.6627875,0.19883625,Normal,Normal,0.337213,LOW
2027,1.0,0.11496382908773478,0.550925,0.8652774999999999,Restart Task,Restart Task,0.550925,MEDIUM
2028,1.0,0.14281771108400199,0.18252500000000005,0.7547575,Restart Task,Restart Task,0.182525,LOW
2029,0.985,0.1305358132213031,0.3778,0.80284,Restart Task,Restart Task,0.3928,LOW
2030,0.0,0.10372700097795717,0.64015,0.192045,Normal,Normal,0.35985,LOW
2031,1.0,0.1236904445670115,0.46058750000000004,0.83817625,Restart Task,Restart Task,0.460588,LOW
2032,0.0,0.13007556717690766,0.3832375,0.11497125,Normal,Normal,0.616762,MEDIUM
2033,0.0,-0.04424327861132393,0.970925,0.2912775,Normal,Normal,0.029075,LOW
2034,0.0,0.08017129787575716,0.76885,0.230655,Normal,Normal,0.23115,LOW
2035,0.13,0.07936960841445034,0.7720875,0.32262625,Scale Resources,Scale Resources,0.357912,LOW
2036,1.0,0.10432457367490255,0.6365000000000001,0.8909499999999999,Restart Task,Restart Task,0.6365,MEDIUM
2037,0.005,0.11791444370367277,0.522275,0.1601825,Normal,Normal,0.482725,LOW
2038,0.0,0.08460749733727463,0.7504500000000001,0.225135,Normal,Normal,0.24955,LOW
2039,0.0,0.06102317806125801,0.8442375,0.25327125,Normal,Normal,0.155763,LOW
2040,0.0,0.13319766534556415,0.340425,0.1021275,Normal,Normal,0.659575,MEDIUM
2041,0.0,0.11521465558378507,0.5488875,0.16466625,Normal,Normal,0.451113,LOW
2042,0.0,-0.13972933786030062,0.997625,0.2992875,Normal,Normal,0.002375,LOW
2043,1.0,0.11872522143066383,0.513325,0.8539975,Restart Task,Restart Task,0.513325,LOW
2044,0.0,0.05905107899198325,0.850325,0.2550975,Normal,Normal,0.149675,LOW
2045,0.0,0.09654918717537747,0.68805,0.20641500000000002,Normal,Normal,0.31195,LOW
2046,0.0,0.1332856127789751,0.3393125,0.10179375,Normal,Normal,0.660687,MEDIUM
2047,0.0,0.03730376552245418,0.90385,0.271155,Normal,Normal,0.09615,LOW
2048,0.0,0.12459582566110594,0.4503625,0.13510875,Normal,Normal,0.549638,LOW
2049,0.0,0.11341611447518879,0.564175,0.1692525,Normal,Normal,0.435825,LOW
2050,0.0,0.11606684120157951,0.5407625,0.16222875,Normal,Normal,0.459237,LOW
2051,0.0,0.13677987160622912,0.28588749999999996,0.08576624999999999,Normal,Normal,0.714113,MEDIUM
2052,1.0,0.11102026455760339,0.584875,0.8754624999999999,Restart Task,Restart Task,0.584875,MEDIUM
2053,0.0,0.075201143637676,0.7892125,0.23676375,Normal,Normal,0.210788,LOW
2054,0.0,0.02516989857240992,0.92685,0.278055,Normal,Normal,0.07315,LOW
2055,0.0,0.07438157193348693,0.79235,0.237705,Normal,Normal,0.20765,LOW
2056,0.0,0.11238508504683808,0.573575,0.1720725,Normal,Normal,0.426425,LOW
2057,1.0,0.11034061601123468,0.5904750000000001,0.8771424999999999,Restart Task,Restart Task,0.590475,MEDIUM
2058,0.005,0.1377305702883117,0.27035,0.084605,Normal,Normal,0.73465,MEDIUM
2059,0.0,0.13677987160622912,0.28588749999999996,0.08576624999999999,Normal,Normal,0.714113,MEDIUM
2060,0.0,0.15157688628814558,0.05656249999999996,0.016968749999999987,Normal,Normal,0.943438,HIGH
2061,0.0,0.11127144612165496,0.5828375,0.17485124999999999,Normal,Normal,0.417162,LOW
2062,0.0,0.034993621450160495,0.908975,0.2726925,Normal,Normal,0.091025,LOW
2063,0.0,0.06946942359391672,0.8127125,0.24381374999999997,Normal,Normal,0.187288,LOW
2064,0.0,0.12008219622577565,0.50015,0.15004499999999998,Normal,Normal,0.49985,LOW
2065,0.0,0.13609074665166676,0.29786250000000003,0.08935875,Normal,Normal,0.702137,MEDIUM
2066,0.0,0.056690958174563655,0.8574625,0.25723875,Normal,Normal,0.142537,LOW
2067,0.995,0.07316734909912748,0.796875,0.9355625,Restart Task,Restart Task,0.801875,HIGH
2068,0.0,0.13533278763595147,0.3088875,0.09266624999999999,Normal,Normal,0.691113,MEDIUM
2069,1.0,0.09011827087971164,0.7237374999999999,0.9171212499999999,Restart Task,Restart Task,0.723737,MEDIUM
2070,0.055,0.04823367998794087,0.8805000000000001,0.30265,Scale Resources,Scale Resources,0.1745,LOW
2071,0.0,0.10173504169493863,0.6535,0.19604999999999997,Normal,Normal,0.3465,LOW
2072,0.0,0.11884858309947943,0.5122,0.15366,Normal,Normal,0.4878,LOW
2073,0.045,0.12549991845644765,0.44001250000000003,0.16350375,Normal,Normal,0.604988,MEDIUM
2074,1.0,0.13579135121287134,0.30238750000000003,0.79071625,Restart Task,Restart Task,0.302388,LOW
2075,0.025,0.10572608858200999,0.6262624999999999,0.20537874999999997,Normal,Normal,0.398738,LOW
2076,0.0,0.12523242948015417,0.44301250000000003,0.13290375000000001,Normal,Normal,0.556987,MEDIUM
2077,0.0,0.1106346536801886,0.5879,0.17637,Normal,Normal,0.4121,LOW
2078,0.005,0.05948265861501373,0.8489875,0.25819625,Normal,Normal,0.156012,LOW
2079,0.0,0.05993521629215631,0.847625,0.2542875,Normal,Normal,0.152375,LOW
2080,0.0,0.05592011069060465,0.8596874999999999,0.25790624999999995,Normal,Normal,0.140313,LOW
2081,0.0,0.13348420840823638,0.3365125,0.10095375,Normal,Normal,0.663488,MEDIUM
2082,0.0,0.010479814143317445,0.9424,0.28271999999999997,Normal,Normal,0.0576,LOW
2083,0.01,0.025194539238251212,0.9268375,0.28505125,Normal,Normal,0.083163,LOW
2084,0.0,0.05597512851336278,0.859575,0.2578725,Normal,Normal,0.140425,LOW
2085,0.01,0.05978249338074171,0.84805,0.261415,Normal,Normal,0.16195,LOW
2086,0.0,0.1199707684810618,0.5012875,0.15038625,Normal,Normal,0.498713,LOW
2087,1.0,0.10865718747944181,0.6049,0.88147,Restart Task,Restart Task,0.6049,MEDIUM
2088,0.985,0.06624223899221576,0.8244750000000001,0.9368425,Restart Task,Restart Task,0.839475,HIGH
2089,0.0,0.12858955950451229,0.4022,0.12065999999999999,Normal,Normal,0.5978,MEDIUM
2090,0.0,0.1366982903618671,0.28742500000000004,0.08622750000000001,Normal,Normal,0.712575,MEDIUM
2091,0.015,0.12379202926867994,0.45940000000000003,0.14832,Normal,Normal,0.5556,MEDIUM
2092,0.0,-0.018423648410956006,0.9612875,0.28838624999999996,Normal,Normal,0.038713,LOW
2093,0.0,0.12250177323811257,0.47457499999999997,0.14237249999999999,Normal,Normal,0.525425,LOW
2094,0.0,0.01964184310404371,0.9336,0.28008,Normal,Normal,0.0664,LOW
2095,1.0,0.09682077642857945,0.68645,0.9059349999999999,Restart Task,Restart Task,0.68645,MEDIUM
2096,0.0,0.1255033713510591,0.43996250000000003,0.13198875000000002,Normal,Normal,0.560037,MEDIUM
2097,0.005,0.10619119906561675,0.622725,0.1903175,Normal,Normal,0.382275,LOW
2098,0.0,0.13055191484460898,0.3776125,0.11328375,Normal,Normal,0.622387,MEDIUM
2099,0.005,0.09353715676204144,0.70485,0.21495499999999998,Normal,Normal,0.30015,LOW
2100,1.0,0.12946066128820372,0.39149999999999996,0.8174499999999999,Restart Task,Restart Task,0.3915,LOW
2101,0.0,0.09062794058017493,0.721175,0.2163525,Normal,Normal,0.278825,LOW
2102,0.0,0.13022101025665933,0.38165000000000004,0.11449500000000001,Normal,Normal,0.61835,MEDIUM
2103,0.99,0.12681506411866272,0.4238375,0.8201512499999999,Restart Task,Restart Task,0.433837,LOW
2104,0.0,0.12858955950451229,0.4022,0.12065999999999999,Normal,Normal,0.5978,MEDIUM
2105,0.0,0.13248176407221368,0.3508375,0.10525125,Normal,Normal,0.649162,MEDIUM
2106,0.0,0.14521732041228397,0.13905,0.041715,Normal,Normal,0.86095,HIGH
2107,0.0,0.10554052185160051,0.627575,0.18827249999999998,Normal,Normal,0.372425,LOW
2108,0.0,0.1443730696760146,0.15376250000000002,0.04612875,Normal,Normal,0.846237,HIGH
2109,0.0,0.11853343572082703,0.5157499999999999,0.15472499999999997,Normal,Normal,0.48425,LOW
2110,0.0,0.10436596210860377,0.6362749999999999,0.19088249999999998,Normal,Normal,0.363725,LOW
2111,0.0,0.13327950624784618,0.339375,0.10181249999999999,Normal,Normal,0.660625,MEDIUM
2112,0.0,0.05772797799632373,0.854425,0.2563275,Normal,Normal,0.145575,LOW
2113,0.0,0.09755636854311533,0.6818375,0.20455125,Normal,Normal,0.318163,LOW
2114,1.0,0.12202351281736845,0.479375,0.8438125,Restart Task,Restart Task,0.479375,LOW
2115,0.0,0.13224556064898707,0.3542375,0.10627125,Normal,Normal,0.645763,MEDIUM
2116,0.0,-0.06833507596728039,0.982375,0.2947125,Normal,Normal,0.017625,LOW
2117,1.0,0.12763111188159054,0.41351249999999995,0.8240537499999999,Restart Task,Restart Task,0.413512,LOW
2118,0.975,0.08922151362347408,0.7281375,0.90094125,Restart Task,Restart Task,0.753138,MEDIUM
2119,0.005,0.040909100132669796,0.8970125,0.27260375,Normal,Normal,0.107988,LOW
2120,0.0,0.09718931166187222,0.6838124999999999,0.20514374999999999,Normal,Normal,0.316188,LOW
2121,0.0,0.13411223584105986,0.3272125,0.09816375000000001,Normal,Normal,0.672787,MEDIUM
2122,1.0,0.11427740822294719,0.5567124999999999,0.8670137499999999,Restart Task,Restart Task,0.556712,MEDIUM
2123,0.0,0.12221344080833751,0.47738749999999996,0.14321625,Normal,Normal,0.522613,LOW
2124,0.0,0.12165591041019796,0.4834625,0.14503875,Normal,Normal,0.516537,LOW
2125,0.0,0.15404632728558076,0.037012500000000004,0.01110375,Normal,Normal,0.962987,HIGH
2126,0.0,0.12281126040686863,0.4709,0.14126999999999998,Normal,Normal,0.5291,LOW
2127,0.0,0.1059418742672169,0.6247875,0.18743625,Normal,Normal,0.375212,LOW
2128,0.0,0.1321027776286442,0.35643749999999996,0.10693124999999999,Normal,Normal,0.643563,MEDIUM
2129,0.995,0.13214249466252342,0.35567499999999996,0.8032025,Restart Task,Restart Task,0.360675,LOW
2130,0.0,0.1122704942265848,0.5745875,0.17237625,Normal,Normal,0.425412,LOW
2131,1.0,0.1478100360249644,0.09635000000000005,0.7289049999999999,Restart Task,Restart Task,0.09635,LOW
2132,0.005,0.050911157394499695,0.87395,0.265685,Normal,Normal,0.13105,LOW
2133,0.985,0.11594569817087652,0.5418625,0.85205875,Restart Task,Restart Task,0.556863,MEDIUM
2134,0.0,0.1199707684810618,0.5012875,0.15038625,Normal,Normal,0.498713,LOW
2135,0.0,0.13677987160622912,0.28588749999999996,0.08576624999999999,Normal,Normal,0.714113,MEDIUM
2136,0.0,0.13038904191542083,0.379475,0.1138425,Normal,Normal,0.620525,MEDIUM
2137,0.0,0.0837172789456696,0.754525,0.2263575,Normal,Normal,0.245475,LOW
2138,0.0,0.11368615314168568,0.5621125,0.16863375,Normal,Normal,0.437887,LOW
2139,0.005,0.08488527803104512,0.7493000000000001,0.22829000000000002,Normal,Normal,0.2557,LOW
2140,1.0,0.09445352246178007,0.6998249999999999,0.9099474999999999,Restart Task,Restart Task,0.699825,MEDIUM
2141,0.0,0.06583550474404282,0.8261499999999999,0.24784499999999998,Normal,Normal,0.17385,LOW
2142,0.0,0.04014390384436328,0.898375,0.2695125,Normal,Normal,0.101625,LOW
2143,1.0,0.11398632501956879,0.5593125,0.8677937499999999,Restart Task,Restart Task,0.559312,MEDIUM
2144,0.0,0.09390077618432058,0.7029624999999999,0.21088874999999999,Normal,Normal,0.297038,LOW
2145,0.0,0.09138766563032585,0.71705,0.21511499999999997,Normal,Normal,0.28295,LOW
2146,0.0,0.13474785000730433,0.31796250000000004,0.09538875000000001,Normal,Normal,0.682037,MEDIUM
2147,0.0,0.07694688942219519,0.78225,0.234675,Normal,Normal,0.21775,LOW
2148,0.01,0.07293335501438208,0.7980125,0.24640375,Normal,Normal,0.211987,LOW
2149,0.0,0.13552202071834407,0.3063,0.09189,Normal,Normal,0.6937,MEDIUM
2150,0.0,0.09261763590510963,0.7103999999999999,0.21311999999999998,Normal,Normal,0.2896,LOW
2151,0.0,-0.067231690032454,0.9813375,0.29440125,Normal,Normal,0.018663,LOW
2152,0.0,0.13836843362930562,0.2589,0.07767,Normal,Normal,0.7411,MEDIUM
2153,0.0,0.1339481438127168,0.32943750000000005,0.09883125000000001,Normal,Normal,0.670562,MEDIUM
2154,0.0,0.11622530302156148,0.5393125,0.16179375,Normal,Normal,0.460688,LOW
2155,0.0,0.06396172127682181,0.833,0.24989999999999998,Normal,Normal,0.167,LOW
2156,1.0,-0.0013508829198725092,0.95085,0.985255,Restart Task,Restart Task,0.95085,HIGH
2157,0.0,0.14043514953288033,0.22567499999999996,0.06770249999999998,Normal,Normal,0.774325,MEDIUM
2158,0.965,0.08922541465916939,0.7281,0.89393,Restart Task,Restart Task,0.7631,MEDIUM
2159,0.0,0.12263843262595198,0.47301249999999995,0.14190374999999997,Normal,Normal,0.526988,LOW
2160,0.0,0.10626008806437098,0.6222,0.18666,Normal,Normal,0.3778,LOW
2161,0.0,0.03360268663049437,0.912375,0.2737125,Normal,Normal,0.087625,LOW
2162,0.0,0.10820892793735432,0.6084499999999999,0.18253499999999998,Normal,Normal,0.39155,LOW
2163,0.0,0.13131310124388185,0.36734999999999995,0.11020499999999998,Normal,Normal,0.63265,MEDIUM
2164,0.0,0.1396234397362291,0.23963749999999995,0.07189124999999998,Normal,Normal,0.760363,MEDIUM
2165,0.0,0.07372261558356219,0.7948375,0.23845124999999998,Normal,Normal,0.205163,LOW
2166,0.0,0.07882475170721392,0.7742,0.23226,Normal,Normal,0.2258,LOW
2167,1.0,0.12105087119161417,0.49005,0.847015,Restart Task,Restart Task,0.49005,LOW
2168,0.0,0.1328051841525365,0.34601249999999995,0.10380374999999999,Normal,Normal,0.653988,MEDIUM
2169,0.0,0.12791768635768425,0.41031249999999997,0.12309374999999999,Normal,Normal,0.589688,MEDIUM
2170,0.0,0.11136265680181057,0.5820624999999999,0.17461874999999996,Normal,Normal,0.417938,LOW
2171,0.0,0.1187006654720425,0.513575,0.1540725,Normal,Normal,0.486425,LOW
2172,0.0,0.12795277638226665,0.40990000000000004,0.12297000000000001,Normal,Normal,0.5901,MEDIUM
2173,0.0,0.12453084112273544,0.4512625,0.13537875,Normal,Normal,0.548737,LOW
2174,1.0,0.12356254374062636,0.462275,0.8386825,Restart Task,Restart Task,0.462275,LOW
2175,0.0,0.1327666645621121,0.3466625,0.10399874999999999,Normal,Normal,0.653338,MEDIUM
2176,0.0,0.13677987160622912,0.28588749999999996,0.08576624999999999,Normal,Normal,0.714113,MEDIUM
2177,0.0,0.11771610531240906,0.524675,0.1574025,Normal,Normal,0.475325,LOW
2178,0.0,0.1470487953280773,0.10867499999999997,0.032602499999999986,Normal,Normal,0.891325,HIGH
2179,1.0,0.060815956617499,0.8447875,0.95343625,Restart Task,Restart Task,0.844788,HIGH
2180,0.0,0.03678602814497445,0.9051875,0.27155625,Normal,Normal,0.094812,LOW
2181,0.0,0.12235155333200026,0.47606250000000006,0.14281875000000002,Normal,Normal,0.523937,LOW
2182,0.0,0.13889517780372357,0.25063749999999996,0.07519124999999999,Normal,Normal,0.749363,MEDIUM
2183,0.985,0.05248855498053234,0.8702624999999999,0.95057875,Restart Task,Restart Task,0.885262,HIGH
2184,0.0,0.1041062510965543,0.63765,0.19129500000000002,Normal,Normal,0.36235,LOW
2185,0.005,0.05826405853639338,0.8526875,0.25930625,Normal,Normal,0.152312,LOW
2186,0.0,0.06209768644399122,0.8402375,0.25207124999999997,Normal,Normal,0.159763,LOW
2187,0.0,0.06896999371776175,0.8143625,0.24430875,Normal,Normal,0.185638,LOW
2188,1.0,0.11074331507979784,0.5869,0.8760699999999999,Restart Task,Restart Task,0.5869,MEDIUM
2189,0.0,0.06525060092682106,0.8282875000000001,0.24848625000000002,Normal,Normal,0.171712,LOW
2190,0.0,0.1289394120560658,0.39815,0.119445,Normal,Normal,0.60185,MEDIUM
2191,0.0,0.14273611400354258,0.18412499999999998,0.055237499999999995,Normal,Normal,0.815875,HIGH
2192,0.0,0.12243912663408912,0.475175,0.1425525,Normal,Normal,0.524825,LOW
2193,0.0,0.13153295594996517,0.3641875,0.10925625,Normal,Normal,0.635813,MEDIUM
2194,0.015,0.1187233121251125,0.5133624999999999,0.16450874999999998,Normal,Normal,0.501638,LOW
2195,0.0,0.11580434795740396,0.5432,0.16296,Normal,Normal,0.4568,LOW
2196,0.0,0.11146529899120527,0.58125,0.174375,Normal,Normal,0.41875,LOW
2197,0.94,0.02728539414478226,0.9238,0.9351399999999999,Restart Task,Restart Task,0.9838,HIGH
2198,0.06,0.021217359071144415,0.931525,0.3214575,Scale Resources,Scale Resources,0.128475,LOW
2199,0.0,0.054841145541443204,0.863125,0.2589375,Normal,Normal,0.136875,LOW
2200,0.0,0.12786342886453778,0.41090000000000004,0.12327,Normal,Normal,0.5891,MEDIUM
2201,0.0,0.08305954251235925,0.75735,0.227205,Normal,Normal,0.24265,LOW
2202,0.0,0.13303387257113553,0.3429375,0.10288125,Normal,Normal,0.657062,MEDIUM
2203,0.0,0.11415812327791935,0.5576749999999999,0.16730249999999997,Normal,Normal,0.442325,LOW
2204,0.0,0.08762952420118603,0.73565,0.220695,Normal,Normal,0.26435,LOW
2205,0.0,0.08017129787575716,0.76885,0.230655,Normal,Normal,0.23115,LOW
2206,0.0,0.0318758723924053,0.9162375,0.27487125,Normal,Normal,0.083762,LOW
2207,1.0,0.11197904036277245,0.5773625,0.87320875,Restart Task,Restart Task,0.577363,MEDIUM
2208,0.005,0.0971842851069577,0.683825,0.2086475,Normal,Normal,0.321175,LOW
2209,0.0,0.10173504169493863,0.6535,0.19604999999999997,Normal,Normal,0.3465,LOW
2210,0.0,0.1289394120560658,0.39815,0.119445,Normal,Normal,0.60185,MEDIUM
2211,0.0,0.11078594023718247,0.5865374999999999,0.17596124999999999,Normal,Normal,0.413463,LOW
2212,0.06,0.08206166340228693,0.7612625,0.27037874999999995,Normal,Normal,0.298738,LOW
2213,0.0,0.1287387400187205,0.4006375,0.12019124999999999,Normal,Normal,0.599363,MEDIUM
2214,0.0,0.12968998474248367,0.38831249999999995,0.11649374999999998,Normal,Normal,0.611688,MEDIUM
2215,1.0,0.11805084911310049,0.5209375,0.85628125,Restart Task,Restart Task,0.520938,LOW
2216,0.0,0.12380556316041186,0.459325,0.1377975,Normal,Normal,0.540675,LOW
2217,0.0,0.14847409712806858,0.08696250000000005,0.026088750000000015,Normal,Normal,0.913037,HIGH
2218,0.0,0.12006413096050994,0.5002625,0.15007875,Normal,Normal,0.499737,LOW
2219,0.0,0.12178586820233972,0.4819375,0.14458125,Normal,Normal,0.518062,LOW
2220,0.0,0.07646518024387611,0.7842125,0.23526375,Normal,Normal,0.215788,LOW
2221,0.0,0.12249043194344089,0.47463750000000005,0.14239125,Normal,Normal,0.525362,LOW
2222,1.0,0.08247456589591462,0.7597375,0.9279212499999999,Restart Task,Restart Task,0.759737,MEDIUM
2223,0.0,0.1141981810835696,0.5573250000000001,0.16719750000000003,Normal,Normal,0.442675,LOW
2224,0.0,0.14196945269366312,0.19898749999999998,0.05969624999999999,Normal,Normal,0.801013,HIGH
2225,0.05,0.03407459072362118,0.9112750000000001,0.3083825,Scale Resources,Scale Resources,0.138725,LOW
2226,0.0,0.03260486568173693,0.9148125,0.27444375,Normal,Normal,0.085187,LOW
2227,1.0,-0.06170133003075473,0.9748875,0.9924662499999999,Restart Task,Restart Task,0.974888,HIGH
2228,0.0,0.11720743205448597,0.5297875000000001,0.15893625000000003,Normal,Normal,0.470212,LOW
2229,0.0,0.03360325949763432,0.9123625,0.27370875,Normal,Normal,0.087638,LOW
2230,0.0,0.08930277333327469,0.7277125,0.21831375,Normal,Normal,0.272288,LOW
2231,0.0,0.1110721816119305,0.58445,0.175335,Normal,Normal,0.41555,LOW
2232,1.0,0.05674871156582956,0.8573,0.95719,Restart Task,Restart Task,0.8573,HIGH
2233,0.0,0.12606010784332178,0.4326875,0.12980624999999998,Normal,Normal,0.567312,MEDIUM
2234,0.0,0.11048035169794179,0.5892124999999999,0.17676374999999997,Normal,Normal,0.410788,LOW
2235,0.0,-0.06833507596728039,0.982375,0.2947125,Normal,Normal,0.017625,LOW
2236,0.0,0.09901144629302555,0.6721625,0.20164875,Normal,Normal,0.327838,LOW
2237,0.0,0.12681060533975075,0.42393749999999997,0.12718125,Normal,Normal,0.576063,MEDIUM
2238,0.0,0.09101221779469154,0.719225,0.2157675,Normal,Normal,0.280775,LOW
2239,0.0,0.13492585058978335,0.31525000000000003,0.094575,Normal,Normal,0.68475,MEDIUM
2240,0.0,0.05814269093187002,0.853075,0.2559225,Normal,Normal,0.146925,LOW
2241,0.0,0.13357625605015722,0.334975,0.1004925,Normal,Normal,0.665025,MEDIUM
2242,0.0,0.14521732041228397,0.13905,0.041715,Normal,Normal,0.86095,HIGH
2243,0.0,0.0848070640126471,0.7496875000000001,0.22490625,Normal,Normal,0.250312,LOW
2244,0.0,0.09412267421466597,0.7016625000000001,0.21049875,Normal,Normal,0.298337,LOW
2245,0.005,0.11284583442114882,0.5695749999999999,0.17437249999999999,Normal,Normal,0.435425,LOW
2246,0.0,0.11134101589357354,0.5823,0.17469,Normal,Normal,0.4177,LOW
2247,0.0,0.08506953965780212,0.7482500000000001,0.224475,Normal,Normal,0.25175,LOW
2248,0.0,0.1083636533926069,0.6072124999999999,0.18216374999999999,Normal,Normal,0.392788,LOW
2249,0.0,0.12118304833216081,0.48850000000000005,0.14655,Normal,Normal,0.5115,LOW
2250,1.0,0.12335011841321053,0.46462499999999995,0.8393875,Restart Task,Restart Task,0.464625,LOW
2251,0.0,0.13722548076950963,0.27854999999999996,0.08356499999999999,Normal,Normal,0.72145,MEDIUM
2252,1.0,0.12019160555259428,0.49901249999999997,0.84970375,Restart Task,Restart Task,0.499012,LOW
2253,0.0,0.14521732041228397,0.13905,0.041715,Normal,Normal,0.86095,HIGH
2254,0.0,0.12582655310440727,0.43574999999999997,0.13072499999999998,Normal,Normal,0.56425,MEDIUM
2255,0.005,0.11936539570457971,0.5073125,0.15569375000000002,Normal,Normal,0.497687,LOW
2256,0.0,0.11970458013604135,0.5038125,0.15114375,Normal,Normal,0.496188,LOW
2257,0.0,0.11730960253618716,0.5287375000000001,0.15862125000000002,Normal,Normal,0.471262,LOW
2258,1.0,0.13452771912621025,0.32145,0.796435,Restart Task,Restart Task,0.32145,LOW
2259,0.0,0.1338076887717325,0.3316125,0.09948375,Normal,Normal,0.668388,MEDIUM
2260,0.0,0.07226519417201965,0.8006875,0.24020624999999998,Normal,Normal,0.199313,LOW
2261,1.0,0.14087772565258044,0.21865,0.7655949999999999,Restart Task,Restart Task,0.21865,LOW
2262,1.0,0.1262229109636709,0.43091250000000003,0.8292737499999999,Restart Task,Restart Task,0.430913,LOW
2263,0.0,0.11602806342043154,0.5410625,0.16231874999999998,Normal,Normal,0.458937,LOW
2264,0.0,0.11983634289154993,0.5024375,0.15073124999999998,Normal,Normal,0.497563,LOW
2265,0.0,0.05597512851336278,0.859575,0.2578725,Normal,Normal,0.140425,LOW
2266,0.0,0.11909908124539109,0.5096375,0.15289124999999998,Normal,Normal,0.490363,LOW
2267,0.0,0.11105048568559489,0.5846625,0.17539875,Normal,Normal,0.415338,LOW
2268,0.0,0.12151024160556023,0.48505,0.14551499999999998,Normal,Normal,0.51495,LOW
2269,1.0,0.08871780220949843,0.730075,0.9190225,Restart Task,Restart Task,0.730075,MEDIUM
2270,0.015,0.14378970793361517,0.16522499999999996,0.06006749999999998,Normal,Normal,0.849775,HIGH
2271,0.0,0.11048035169794179,0.5892124999999999,0.17676374999999997,Normal,Normal,0.410788,LOW
2272,1.0,0.03158836973188883,0.916775,0.9750325,Restart Task,Restart Task,0.916775,HIGH
2273,0.0,0.08670524377655509,0.740575,0.2221725,Normal,Normal,0.259425,LOW
2274,1.0,0.10314231546513974,0.6444125,0.89332375,Restart Task,Restart Task,0.644413,MEDIUM
2275,1.0,0.13082276309744534,0.3739625,0.8121887499999999,Restart Task,Restart Task,0.373962,LOW
2276,0.99,0.043113053036633264,0.8922625,0.9606787499999999,Restart Task,Restart Task,0.902262,HIGH
2277,0.995,0.022098622266000123,0.9305,0.97565,Restart Task,Restart Task,0.9355,HIGH
2278,0.07,0.12338058158485243,0.46435000000000004,0.188305,Normal,Normal,0.60565,MEDIUM
2279,0.0,0.04689169409836841,0.8835375,0.26506124999999997,Normal,Normal,0.116463,LOW
2280,0.01,0.07455793969417146,0.791575,0.2444725,Normal,Normal,0.218425,LOW
2281,0.0,0.08342853912785575,0.755825,0.2267475,Normal,Normal,0.244175,LOW
2282,0.0,0.1312891873770215,0.36765000000000003,0.110295,Normal,Normal,0.63235,MEDIUM
2283,0.005,0.10065471449562063,0.6611125,0.20183375,Normal,Normal,0.343888,LOW
2284,0.995,0.07551848173902287,0.78795,0.932885,Restart Task,Restart Task,0.79295,MEDIUM
2285,0.995,0.02060935850304657,0.932375,0.9762124999999999,Restart Task,Restart Task,0.937375,HIGH
2286,0.0,0.15151294461997927,0.05710000000000004,0.01713000000000001,Normal,Normal,0.9429,HIGH
2287,0.0,0.15181283058081135,0.05501250000000002,0.016503750000000005,Normal,Normal,0.944987,HIGH
2288,1.0,0.06631565284710084,0.82425,0.947275,Restart Task,Restart Task,0.82425,HIGH
2289,0.035,-0.0010076573051970295,0.9506625,0.30969875,Scale Resources,Scale Resources,0.084338,LOW
2290,0.01,0.11777925881693385,0.5237625,0.16412875000000002,Normal,Normal,0.486237,LOW
2291,0.995,0.10028781914351859,0.6635249999999999,0.8955575,Restart Task,Restart Task,0.668525,MEDIUM
2292,0.0,0.13954661866648094,0.24065000000000003,0.07219500000000001,Normal,Normal,0.75935,MEDIUM
2293,0.0,0.058745560624626214,0.8511875,0.25535625,Normal,Normal,0.148813,LOW
2294,0.005,0.09504511378113084,0.6967,0.21251,Normal,Normal,0.3083,LOW
2295,0.005,0.08756723527273153,0.736,0.2243,Normal,Normal,0.269,LOW
2296,0.0,0.10670097702376308,0.6192124999999999,0.18576374999999998,Normal,Normal,0.380788,LOW
2297,0.0,0.12241516797666124,0.47538749999999996,0.14261624999999997,Normal,Normal,0.524613,LOW
2298,1.0,0.1244483731041609,0.452275,0.8356824999999999,Restart Task,Restart Task,0.452275,LOW
2299,0.01,-0.05909639965995128,0.9738625,0.29915875,Normal,Normal,0.036138,LOW
2300,0.005,0.07030523150591789,0.809075,0.24622249999999998,Normal,Normal,0.195925,LOW
2301,0.0,0.10324951223966866,0.6437125,0.19311375,Normal,Normal,0.356287,LOW
2302,0.0,0.12818945792625897,0.40713750000000004,0.12214125,Normal,Normal,0.592862,MEDIUM
2303,0.0,-0.11091010838071125,0.9934625,0.29803875,Normal,Normal,0.006537,LOW
2304,1.0,0.06162931211082007,0.8420624999999999,0.9526187499999998,Restart Task,Restart Task,0.842062,HIGH
2305,1.0,0.13839370406590618,0.258475,0.7775424999999999,Restart Task,Restart Task,0.258475,LOW
2306,1.0,0.12987364769025284,0.3858625,0.81575875,Restart Task,Restart Task,0.385862,LOW
2307,0.0,0.07664650862212469,0.7834625,0.23503874999999996,Normal,Normal,0.216538,LOW
2308,0.0,0.1238295158532714,0.45901250000000005,0.13770375,Normal,Normal,0.540987,LOW
2309,0.0,0.05406236156080357,0.8657375,0.25972125,Normal,Normal,0.134262,LOW
2310,0.0,0.10155845154350901,0.6547125,0.19641375,Normal,Normal,0.345287,LOW
2311,0.0,0.0858434637958575,0.7451749999999999,0.22355249999999996,Normal,Normal,0.254825,LOW
2312,1.0,0.1058079505765539,0.625775,0.8877324999999999,Restart Task,Restart Task,0.625775,MEDIUM
2313,0.0,0.12325893769078516,0.46581249999999996,0.13974374999999997,Normal,Normal,0.534188,LOW
2314,0.0,0.0637857910687934,0.8336375,0.25009125,Normal,Normal,0.166362,LOW
2315,0.0,0.13563582741239405,0.30442499999999995,0.09132749999999998,Normal,Normal,0.695575,MEDIUM
2316,0.0,0.133018354707435,0.34314999999999996,0.10294499999999998,Normal,Normal,0.65685,MEDIUM
2317,0.99,0.11901571135734929,0.5104375,0.84613125,Restart Task,Restart Task,0.520437,LOW
2318,0.0,0.12524440628706568,0.4427875,0.13283625,Normal,Normal,0.557212,MEDIUM
2319,0.005,0.05258513141675969,0.8699375,0.26448125,Normal,Normal,0.135062,LOW
2320,1.0,0.06613514985842034,0.8249875,0.9474962499999999,Restart Task,Restart Task,0.824987,HIGH
2321,0.0,0.01606132836308105,0.9376375,0.28129125,Normal,Normal,0.062362,LOW
2322,0.0,0.13891027886849378,0.25046250000000003,0.07513875,Normal,Normal,0.749537,MEDIUM
2323,0.0,0.1172266919353549,0.5296125,0.15888375000000002,Normal,Normal,0.470387,LOW
2324,0.0,0.13677987160622912,0.28588749999999996,0.08576624999999999,Normal,Normal,0.714113,MEDIUM
2325,0.0,0.06206203693704282,0.840375,0.25211249999999996,Normal,Normal,0.159625,LOW
2326,0.0,0.04781346628265526,0.8813,0.26438999999999996,Normal,Normal,0.1187,LOW
2327,0.0,0.054930068225225115,0.86275,0.25882499999999997,Normal,Normal,0.13725,LOW
2328,0.0,0.07924649912777137,0.7726375,0.23179124999999998,Normal,Normal,0.227363,LOW
2329,0.0,0.1246440052372238,0.4497375,0.13492125,Normal,Normal,0.550262,MEDIUM
2330,1.0,0.05415360483275056,0.8654625,0.9596387499999999,Restart Task,Restart Task,0.865463,HIGH
2331,0.0,0.020953980471520084,0.9319125,0.27957375,Normal,Normal,0.068087,LOW
2332,0.0,-0.11858041267737562,0.993975,0.2981925,Normal,Normal,0.006025,LOW
2333,0.0,0.04899315509548868,0.87895,0.263685,Normal,Normal,0.12105,LOW
2334,0.0,0.1247814494346976,0.44808749999999997,0.13442625,Normal,Normal,0.551913,MEDIUM
2335,0.0,0.049926592475575515,0.8763375,0.26290125,Normal,Normal,0.123663,LOW
2336,0.99,0.13540668102461972,0.308025,0.7854074999999999,Restart Task,Restart Task,0.318025,LOW
2337,0.0,-0.0700343443020024,0.9840625,0.29521875,Normal,Normal,0.015938,LOW
2338,0.0,0.12783832611328688,0.4111125,0.12333374999999999,Normal,Normal,0.588888,MEDIUM
2339,1.0,0.11068773602737986,0.5874375000000001,0.87623125,Restart Task,Restart Task,0.587438,MEDIUM
2340,0.0,0.1276894226036122,0.41300000000000003,0.12390000000000001,Normal,Normal,0.587,MEDIUM
2341,0.0,0.14130498506043715,0.21194999999999997,0.06358499999999999,Normal,Normal,0.78805,MEDIUM
2342,0.0,0.13381839221773645,0.3315,0.09945,Normal,Normal,0.6685,MEDIUM
2343,0.0,0.1362592278390654,0.2953625,0.08860874999999999,Normal,Normal,0.704638,MEDIUM
2344,0.0,0.1347276891220907,0.3183125,0.09549375,Normal,Normal,0.681688,MEDIUM
2345,0.0,0.13043142741008856,0.3790375,0.11371125,Normal,Normal,0.620962,MEDIUM
2346,0.0,0.06847354513255671,0.816125,0.24483749999999999,Normal,Normal,0.183875,LOW
2347,0.0,0.032610984675327304,0.9147625,0.27442875,Normal,Normal,0.085237,LOW
2348,0.0,0.11090917280040774,0.5856625,0.17569875,Normal,Normal,0.414338,LOW
2349,0.995,0.13725990824783751,0.27761250000000004,0.77978375,Restart Task,Restart Task,0.282613,LOW
2350,1.0,0.021073883215052214,0.931725,0.9795174999999999,Restart Task,Restart Task,0.931725,HIGH
2351,0.0,0.11351674419241864,0.5634874999999999,0.16904624999999998,Normal,Normal,0.436513,LOW
2352,1.0,0.05580430582451107,0.8601125000000001,0.95803375,Restart Task,Restart Task,0.860113,HIGH
2353,1.0,0.13510782579074143,0.31227499999999997,0.7936825,Restart Task,Restart Task,0.312275,LOW
2354,0.99,0.08548598082888786,0.7467375,0.9170212499999999,Restart Task,Restart Task,0.756738,MEDIUM
2355,0.0,0.10817936681300555,0.6086,0.18258,Normal,Normal,0.3914,LOW
2356,0.0,0.1252578137157725,0.44257500000000005,0.13277250000000002,Normal,Normal,0.557425,MEDIUM
2357,0.0,0.1305622099161184,0.37746250000000003,0.11323875,Normal,Normal,0.622537,MEDIUM
2358,0.0,0.1327779510241862,0.34643749999999995,0.10393124999999999,Normal,Normal,0.653563,MEDIUM
2359,0.0,0.12861192552373002,0.40190000000000003,0.12057000000000001,Normal,Normal,0.5981,MEDIUM
2360,0.0,0.11662271099374877,0.5355,0.16065,Normal,Normal,0.4645,LOW
2361,0.0,0.12256635442540842,0.47385,0.142155,Normal,Normal,0.52615,LOW
2362,1.0,0.0680894236941525,0.8176625,0.94529875,Restart Task,Restart Task,0.817662,HIGH
2363,0.0,0.11869646713459736,0.5136125,0.15408375,Normal,Normal,0.486387,LOW
2364,0.0,0.09857245632783879,0.6750125,0.20250375,Normal,Normal,0.324987,LOW
2365,0.995,0.12622930143584293,0.4308375,0.8257512499999999,Restart Task,Restart Task,0.435837,LOW
2366,1.0,0.1199544045492924,0.5014125,0.8504237499999999,Restart Task,Restart Task,0.501413,LOW
2367,0.0,0.1396256651279722,0.2395625,0.07186875,Normal,Normal,0.760437,MEDIUM
2368,0.0,-0.155857213173908,0.9990875,0.29972624999999997,Normal,Normal,0.000912,LOW
2369,0.03,0.03856278638568211,0.9015124999999999,0.29145375,Normal,Normal,0.128488,LOW
2370,0.05,0.09545286459895908,0.6944250000000001,0.24332750000000003,Normal,Normal,0.355575,LOW
2371,0.995,0.1259512362133572,0.43405000000000005,0.826715,Restart Task,Restart Task,0.43905,LOW
2372,0.0,0.12577180321049597,0.43655,0.130965,Normal,Normal,0.56345,MEDIUM
2373,0.0,0.12593234604487175,0.43433750000000004,0.13030125,Normal,Normal,0.565662,MEDIUM
2374,0.0,0.12136368832790262,0.48658749999999995,0.14597624999999997,Normal,Normal,0.513413,LOW
2375,0.995,-0.06129220804854019,0.97455,0.988865,Restart Task,Restart Task,0.97955,HIGH
2376,1.0,0.06963830066747367,0.8120625,0.94361875,Restart Task,Restart Task,0.812063,HIGH
2377,0.0,0.11561409776823661,0.5450375000000001,0.16351125000000002,Normal,Normal,0.454962,LOW
2378,1.0,0.12514596690861812,0.443975,0.8331925,Restart Task,Restart Task,0.443975,LOW
2379,0.005,0.06768947289881005,0.8192125,0.24926375,Normal,Normal,0.185787,LOW
2380,0.0,0.12005930542544141,0.5003124999999999,0.15009374999999997,Normal,Normal,0.499688,LOW
2381,0.0,0.11203184513015607,0.5767249999999999,0.17301749999999996,Normal,Normal,0.423275,LOW
2382,0.0,0.10321727109694623,0.6438999999999999,0.19316999999999998,Normal,Normal,0.3561,LOW
2383,0.0,0.13591282935594973,0.30069999999999997,0.09020999999999998,Normal,Normal,0.6993,MEDIUM
2384,1.0,0.06380973305750859,0.8335375,0.95006125,Restart Task,Restart Task,0.833538,HIGH
2385,0.0,0.10563700018952793,0.6269,0.18807,Normal,Normal,0.3731,LOW
2386,0.0,0.06461721446760416,0.8307875,0.24923625,Normal,Normal,0.169212,LOW
2387,0.0,0.12523242948015417,0.44301250000000003,0.13290375000000001,Normal,Normal,0.556987,MEDIUM
2388,1.0,0.11698365438352998,0.5320125,0.85960375,Restart Task,Restart Task,0.532012,LOW
2389,0.02,0.11016556029505464,0.5920624999999999,0.19161874999999995,Normal,Normal,0.427938,LOW
2390,0.0,0.12272780755357865,0.4719375,0.14158125,Normal,Normal,0.528062,LOW
2391,0.0,0.060846658204481596,0.8446625,0.25339875,Normal,Normal,0.155338,LOW
2392,0.0,0.12620194028541099,0.43125,0.129375,Normal,Normal,0.56875,MEDIUM
2393,0.0,0.004755955538553347,0.9473125,0.28419374999999997,Normal,Normal,0.052687,LOW
2394,0.0,0.08751322382710658,0.7362500000000001,0.22087500000000002,Normal,Normal,0.26375,LOW
2395,0.0,-0.0697055808163074,0.9837125,0.29511375,Normal,Normal,0.016288,LOW
2396,0.0,0.0987735302888954,0.673775,0.2021325,Normal,Normal,0.326225,LOW
2397,0.0,0.12961281249698942,0.38936249999999994,0.11680874999999998,Normal,Normal,0.610638,MEDIUM
2398,1.0,0.1405500495944283,0.22372499999999995,0.7671174999999999,Restart Task,Restart Task,0.223725,LOW
2399,0.0,0.12858955950451229,0.4022,0.12065999999999999,Normal,Normal,0.5978,MEDIUM
2400,0.0,0.09114847445729851,0.718375,0.2155125,Normal,Normal,0.281625,LOW
2401,0.88,0.1424035959025841,0.19091250000000004,0.67327375,Restart Task,Restart Task,0.310913,LOW
2402,0.0,0.095480477833985,0.6942625,0.20827874999999998,Normal,Normal,0.305737,LOW
2403,0.0,0.09871962572553433,0.6740625,0.20221875,Normal,Normal,0.325937,LOW
2404,0.0,0.08458336429833624,0.7506875,0.22520624999999997,Normal,Normal,0.249313,LOW
2405,0.0,0.06539981944709289,0.8278375,0.24835125,Normal,Normal,0.172162,LOW
2406,0.0,0.1476384054262444,0.09883750000000002,0.029651250000000004,Normal,Normal,0.901162,HIGH
2407,0.0,0.11930848732121446,0.5079125,0.15237375,Normal,Normal,0.492088,LOW
2408,0.0,0.11229081409199276,0.574425,0.1723275,Normal,Normal,0.425575,LOW
2409,0.0,0.09936277696425999,0.6699375000000001,0.20098125000000003,Normal,Normal,0.330062,LOW
2410,0.0,0.10233200088641714,0.6496625,0.19489875,Normal,Normal,0.350337,LOW
2411,0.0,0.13413504517671998,0.3268,0.09803999999999999,Normal,Normal,0.6732,MEDIUM
2412,0.98,0.09605973848799343,0.6909624999999999,0.89328875,Restart Task,Restart Task,0.710962,MEDIUM
2413,0.0,0.13068320751839002,0.3757125,0.11271375,Normal,Normal,0.624287,MEDIUM
2414,0.0,0.03842342111101171,0.9018125,0.27054374999999997,Normal,Normal,0.098187,LOW
2415,0.81,0.0710781210529578,0.80535,0.8086049999999999,Restart Task,Restart Task,0.99535,HIGH
2416,0.0,0.08514049054782086,0.74805,0.224415,Normal,Normal,0.25195,LOW
2417,0.0,0.1000120926140513,0.6653625000000001,0.19960875000000003,Normal,Normal,0.334637,LOW
2418,0.0,0.10190853836548008,0.6523875,0.19571625,Normal,Normal,0.347612,LOW
2419,1.0,0.045443458720161034,0.8868875,0.9660662499999999,Restart Task,Restart Task,0.886888,HIGH
2420,0.0,0.11049474033057144,0.5891124999999999,0.17673374999999997,Normal,Normal,0.410888,LOW
2421,0.985,0.06345942295624257,0.835125,0.9400375,Restart Task,Restart Task,0.850125,HIGH
2422,0.99,0.1282285520777477,0.40654999999999997,0.8149649999999999,Restart Task,Restart Task,0.41655,LOW
2423,1.0,0.0682876367174462,0.816775,0.9450324999999999,Restart Task,Restart Task,0.816775,HIGH
2424,0.0,0.09422897894997251,0.7011000000000001,0.21033000000000002,Normal,Normal,0.2989,LOW
2425,0.765,0.12179536217586395,0.48186249999999997,0.6800587499999999,Restart Task,Restart Task,0.716862,MEDIUM
2426,0.995,0.14564523445701438,0.13096249999999998,0.73578875,Restart Task,Restart Task,0.135962,LOW
2427,0.98,0.10549401000077768,0.627875,0.8743624999999999,Restart Task,Restart Task,0.647875,MEDIUM
2428,0.0,0.017574738551682345,0.936175,0.2808525,Normal,Normal,0.063825,LOW
2429,0.0,0.10203362226427887,0.651525,0.1954575,Normal,Normal,0.348475,LOW
2430,0.0,0.10128690266654022,0.6564,0.19691999999999998,Normal,Normal,0.3436,LOW
2431,0.0,0.12262316414286767,0.47321250000000004,0.14196375,Normal,Normal,0.526787,LOW
2432,0.0,0.08157100257826061,0.7632375,0.22897125,Normal,Normal,0.236762,LOW
2433,0.0,0.11793596641505422,0.522,0.1566,Normal,Normal,0.478,LOW
2434,0.0,0.025770234567997985,0.92605,0.277815,Normal,Normal,0.07395,LOW
2435,0.0,0.13889517780372357,0.25063749999999996,0.07519124999999999,Normal,Normal,0.749363,MEDIUM
2436,0.0,0.09224162791688639,0.7125,0.21375,Normal,Normal,0.2875,LOW
2437,0.0,-0.06680906072638104,0.9809625,0.29428875,Normal,Normal,0.019038,LOW
2438,0.0,0.14008485558520956,0.23148749999999996,0.06944624999999999,Normal,Normal,0.768513,MEDIUM
2439,0.0,0.1334378234836156,0.337075,0.1011225,Normal,Normal,0.662925,MEDIUM
2440,0.995,0.11642300284943913,0.537725,0.8578175,Restart Task,Restart Task,0.542725,LOW
2441,0.04,0.11530497367347209,0.5480125,0.19240374999999998,Normal,Normal,0.491988,LOW
2442,0.0,0.06475306897053024,0.830375,0.2491125,Normal,Normal,0.169625,LOW
2443,0.0,0.13687488770754214,0.28407499999999997,0.08522249999999999,Normal,Normal,0.715925,MEDIUM
2444,0.0,0.09970856261079841,0.6675375,0.20026125,Normal,Normal,0.332462,LOW
2445,0.0,0.1377305702883117,0.27035,0.081105,Normal,Normal,0.72965,MEDIUM
2446,0.0,0.11618981707670112,0.5397000000000001,0.16191000000000003,Normal,Normal,0.4603,LOW
2447,0.0,0.1208475748208826,0.4921375,0.14764125,Normal,Normal,0.507862,LOW
2448,0.0,0.14499026018112032,0.14266250000000003,0.04279875,Normal,Normal,0.857337,HIGH
2449,0.0,0.13184777816315268,0.360225,0.1080675,Normal,Normal,0.639775,MEDIUM
2450,0.0,0.14610481726526858,0.12341250000000004,0.03702375000000001,Normal,Normal,0.876587,HIGH
2451,1.0,0.13431132771595666,0.32457499999999995,0.7973724999999999,Restart Task,Restart Task,0.324575,LOW
2452,0.0,0.12284130366878976,0.47063750000000004,0.14119125000000002,Normal,Normal,0.529362,LOW
2453,1.0,0.046785008142882334,0.8837,0.9651099999999999,Restart Task,Restart Task,0.8837,HIGH
2454,1.0,0.09049959913787275,0.7218125,0.91654375,Restart Task,Restart Task,0.721812,MEDIUM
2455,1.0,0.07708190814847232,0.7816,0.93448,Restart Task,Restart Task,0.7816,MEDIUM
2456,0.0,0.13717794233359631,0.279575,0.0838725,Normal,Normal,0.720425,MEDIUM
2457,0.0,0.12566385916315614,0.437925,0.1313775,Normal,Normal,0.562075,MEDIUM
2458,0.0,0.11277609776215664,0.5703625,0.17110875,Normal,Normal,0.429638,LOW
2459,0.0,0.13713375432816044,0.28042500000000004,0.08412750000000001,Normal,Normal,0.719575,MEDIUM
2460,0.0,0.028120579848850302,0.922575,0.2767725,Normal,Normal,0.077425,LOW
2461,0.995,0.12077193675836545,0.49285,0.844355,Restart Task,Restart Task,0.49785,LOW
2462,1.0,0.13679379244632123,0.285575,0.7856725,Restart Task,Restart Task,0.285575,LOW
2463,0.0,0.12323577439377503,0.46611250000000004,0.13983375,Normal,Normal,0.533887,LOW
2464,0.0,0.11057348958693197,0.5884,0.17652,Normal,Normal,0.4116,LOW
2465,0.835,0.08351128770462013,0.7554,0.8111199999999998,Restart Task,Restart Task,0.9204,HIGH
2466,0.005,0.13580632714261226,0.30223750000000005,0.09417125000000001,Normal,Normal,0.702762,MEDIUM
2467,0.0,0.13010245720981073,0.38288750000000005,0.11486625,Normal,Normal,0.617112,MEDIUM
2468,0.0,0.12932823726075227,0.39341250000000005,0.11802375000000001,Normal,Normal,0.606587,MEDIUM
2469,0.0,0.13901819210342314,0.2487625,0.07462875,Normal,Normal,0.751238,MEDIUM
2470,0.0,0.09388582852315658,0.7030000000000001,0.2109,Normal,Normal,0.297,LOW
2471,0.0,0.10605385336905271,0.624,0.1872,Normal,Normal,0.376,LOW
2472,0.0,0.05754381897569061,0.8549125,0.25647375,Normal,Normal,0.145088,LOW
2473,0.0,0.13223498702359882,0.35445000000000004,0.10633500000000001,Normal,Normal,0.64555,MEDIUM
2474,1.0,0.04095837413220671,0.896925,0.9690774999999999,Restart Task,Restart Task,0.896925,HIGH
2475,0.0,0.10326281944131599,0.6436124999999999,0.19308374999999997,Normal,Normal,0.356388,LOW
2476,0.0,0.13521534494226467,0.31072500000000003,0.09321750000000001,Normal,Normal,0.689275,MEDIUM
2477,0.995,0.13889582195727657,0.25060000000000004,0.77168,Restart Task,Restart Task,0.2556,LOW
2478,0.0,0.09624255395687015,0.6897875,0.20693625,Normal,Normal,0.310213,LOW
2479,0.0,0.1147148390917489,0.5527375,0.16582125,Normal,Normal,0.447263,LOW
2480,0.0,0.12477571396303666,0.4481625,0.13444875,Normal,Normal,0.551837,MEDIUM
2481,0.0,0.11012482255037637,0.5923499999999999,0.17770499999999997,Normal,Normal,0.40765,LOW
2482,0.0,-0.07909799202087642,0.9868625,0.29605875,Normal,Normal,0.013138,LOW
2483,0.0,0.13908736186154141,0.24793750000000003,0.07438125000000001,Normal,Normal,0.752062,MEDIUM
2484,1.0,0.09958558139455254,0.6685125000000001,0.9005537499999999,Restart Task,Restart Task,0.668513,MEDIUM
2485,0.0,0.14019513362604996,0.22960000000000003,0.06888000000000001,Normal,Normal,0.7704,MEDIUM
2486,0.98,0.0764626304253857,0.78425,0.921275,Restart Task,Restart Task,0.80425,HIGH
2487,0.0,0.03338426091809099,0.9129,0.27387,Normal,Normal,0.0871,LOW
2488,0.0,0.08815803316415954,0.7325625,0.21976874999999998,Normal,Normal,0.267437,LOW
2489,1.0,0.046993073877136415,0.8833625,0.96500875,Restart Task,Restart Task,0.883363,HIGH
2490,0.0,0.11836293260856567,0.5177499999999999,0.15532499999999996,Normal,Normal,0.48225,LOW
2491,1.0,0.13821567259718748,0.26156250000000003,0.7784687499999999,Restart Task,Restart Task,0.261563,LOW
2492,0.0,0.12146847509669895,0.485475,0.14564249999999998,Normal,Normal,0.514525,LOW
2493,0.0,0.12633930509346603,0.4296,0.12888,Normal,Normal,0.5704,MEDIUM
2494,0.0,0.11899816619933945,0.5105999999999999,0.15317999999999998,Normal,Normal,0.4894,LOW
2495,0.005,0.10559182904023817,0.62715,0.19164499999999998,Normal,Normal,0.37785,LOW
2496,0.055,0.12671330485520355,0.42490000000000006,0.16597,Normal,Normal,0.6301,MEDIUM
2497,1.0,0.10389209611052214,0.639,0.8916999999999999,Restart Task,Restart Task,0.639,MEDIUM
2498,1.0,0.11336307821662289,0.5647375,0.8694212499999999,Restart Task,Restart Task,0.564738,MEDIUM
2499,0.0,0.08124011491855182,0.7646375,0.22939125,Normal,Normal,0.235363,LOW
2500,0.0,0.029024807858357038,0.921325,0.27639749999999996,Normal,Normal,0.078675,LOW
2501,0.96,0.09095351242486854,0.719525,0.8878575,Restart Task,Restart Task,0.759525,MEDIUM
2502,0.955,0.1274806211367508,0.415575,0.7931725,Restart Task,Restart Task,0.460575,LOW
2503,0.0,0.1312891873770215,0.36765000000000003,0.110295,Normal,Normal,0.63235,MEDIUM
2504,0.0,0.12744944127507923,0.415775,0.1247325,Normal,Normal,0.584225,MEDIUM
2505,0.0,0.11036097002362222,0.5903499999999999,0.17710499999999998,Normal,Normal,0.40965,LOW
2506,0.0,0.09932588903928763,0.6700875,0.20102625,Normal,Normal,0.329913,LOW
2507,0.0,0.10546141113614416,0.6281,0.18843,Normal,Normal,0.3719,LOW
2508,0.0,0.10624847331942211,0.6223375,0.18670124999999999,Normal,Normal,0.377663,LOW
2509,0.985,0.09457110481802944,0.69905,0.899215,Restart Task,Restart Task,0.71405,MEDIUM
2510,0.0,0.1253265115570683,0.44186250000000005,0.13255875,Normal,Normal,0.558137,MEDIUM
2511,1.0,0.028582647337663913,0.9218875,0.9765662499999999,Restart Task,Restart Task,0.921887,HIGH
2512,0.01,0.1197493689513131,0.5033624999999999,0.15800874999999998,Normal,Normal,0.506638,LOW
2513,0.97,-0.07011492399912012,0.9840875,0.9742262499999998,Restart Task,Restart Task,0.985912,HIGH
2514,0.0,0.1372713661316981,0.2773375,0.08320125,Normal,Normal,0.722662,MEDIUM
2515,1.0,0.09431958289422115,0.7005250000000001,0.9101575,Restart Task,Restart Task,0.700525,MEDIUM
2516,0.0,0.038463686600126445,0.9017125,0.27051375,Normal,Normal,0.098287,LOW
2517,0.0,0.1446150933961779,0.1494375,0.044831249999999996,Normal,Normal,0.850562,HIGH
2518,0.0,0.07277320474967924,0.7986875,0.23960625,Normal,Normal,0.201313,LOW
2519,0.0,-0.06822002709018782,0.982275,0.2946825,Normal,Normal,0.017725,LOW
2520,0.0,0.07679370597125013,0.782825,0.2348475,Normal,Normal,0.217175,LOW
2521,0.0,0.10158578633806536,0.6545000000000001,0.19635000000000002,Normal,Normal,0.3455,LOW
2522,0.96,0.12696188998375596,0.42184999999999995,0.7985549999999999,Restart Task,Restart Task,0.46185,LOW
2523,0.0,0.07206498617875795,0.8014749999999999,0.24044249999999998,Normal,Normal,0.198525,LOW
2524,0.0,0.09995193467727204,0.665625,0.1996875,Normal,Normal,0.334375,LOW
2525,1.0,0.11778962858714431,0.5236125,0.8570837499999999,Restart Task,Restart Task,0.523613,LOW
2526,0.0,0.1439204639229561,0.16293749999999996,0.04888124999999999,Normal,Normal,0.837063,HIGH
2527,0.0,0.1377305702883117,0.27035,0.081105,Normal,Normal,0.72965,MEDIUM
2528,0.0,0.13153133814630685,0.3642375,0.10927125,Normal,Normal,0.635763,MEDIUM
2529,0.0,0.09930683053331923,0.6702625,0.20107875,Normal,Normal,0.329738,LOW
2530,0.0,0.10392076796473804,0.6388375,0.19165124999999997,Normal,Normal,0.361163,LOW
2531,0.0,0.12884006120732133,0.39941249999999995,0.11982374999999998,Normal,Normal,0.600588,MEDIUM
2532,0.0,0.12069270829081097,0.4937125,0.14811375,Normal,Normal,0.506288,LOW
2533,0.0,0.06662204191508847,0.823125,0.24693749999999998,Normal,Normal,0.176875,LOW
2534,1.0,0.1357870376509291,0.3024875,0.79074625,Restart Task,Restart Task,0.302488,LOW
2535,0.0,0.08278994671474937,0.7584,0.22751999999999997,Normal,Normal,0.2416,LOW
2536,0.005,0.08446455387419594,0.7511625,0.22884875,Normal,Normal,0.253838,LOW
2537,0.0,-0.13880585664940714,0.9969,0.29907,Normal,Normal,0.0031,LOW
2538,1.0,0.12115647454872369,0.48872499999999997,0.8466174999999999,Restart Task,Restart Task,0.488725,LOW
2539,0.005,-0.0174396072973938,0.96095,0.29178499999999996,Normal,Normal,0.04405,LOW
2540,0.0,0.1407136721189312,0.22136250000000002,0.06640875,Normal,Normal,0.778637,MEDIUM
2541,0.0,0.13464073114157227,0.31975,0.095925,Normal,Normal,0.68025,MEDIUM
2542,0.015,-0.09956151919939737,0.992275,0.3081825,Scale Resources,Scale Resources,0.022725,LOW
2543,0.0,0.12749610073771783,0.4154375,0.12463125,Normal,Normal,0.584562,MEDIUM
2544,0.0,0.11465885863562081,0.553175,0.16595249999999998,Normal,Normal,0.446825,LOW
2545,0.01,0.10833463210563116,0.6075375000000001,0.18926125000000002,Normal,Normal,0.402462,LOW
2546,0.01,0.057854495317129384,0.8540125000000001,0.26320375,Normal,Normal,0.155987,LOW
2547,0.01,0.13604318301451518,0.29856249999999995,0.09656874999999998,Normal,Normal,0.711438,MEDIUM
2548,0.0,0.1312940650372294,0.36753749999999996,0.11026124999999999,Normal,Normal,0.632463,MEDIUM
2549,0.0,0.13106351719070874,0.37070000000000003,0.11121,Normal,Normal,0.6293,MEDIUM
2550,1.0,0.06062541359396867,0.8453125,0.95359375,Restart Task,Restart Task,0.845313,HIGH
2551,1.0,0.0013426663028995867,0.9493375,0.9848012499999999,Restart Task,Restart Task,0.949337,HIGH
2552,0.98,0.13658413992690482,0.28951249999999995,0.7728537499999999,Restart Task,Restart Task,0.309512,LOW
2553,0.91,0.12719806094871955,0.41861250000000005,0.76258375,Restart Task,Restart Task,0.508613,LOW
2554,0.005,0.0906635451242565,0.7209125000000001,0.21977375000000002,Normal,Normal,0.284087,LOW
2555,1.0,0.12565865879695792,0.437975,0.8313925,Restart Task,Restart Task,0.437975,LOW
2556,0.0,0.13339596746454646,0.3377375,0.10132125,Normal,Normal,0.662262,MEDIUM
2557,0.0,0.12565120098994387,0.4381125,0.13143375,Normal,Normal,0.561887,MEDIUM
2558,0.995,0.08609460544459568,0.7439374999999999,0.91968125,Restart Task,Restart Task,0.748937,MEDIUM
2559,0.0,0.13155771615653084,0.36388750000000003,0.10916625,Normal,Normal,0.636112,MEDIUM
2560,0.0,0.05141685257919065,0.8728374999999999,0.26185125,Normal,Normal,0.127163,LOW
2561,0.0,0.12911168913505228,0.39608750000000004,0.11882625000000001,Normal,Normal,0.603912,MEDIUM
2562,0.005,0.0650638483292536,0.8291999999999999,0.25226,Normal,Normal,0.1758,LOW
2563,0.0,0.0676439861762092,0.81955,0.245865,Normal,Normal,0.18045,LOW
2564,0.0,0.12610543396019813,0.4323125,0.12969375,Normal,Normal,0.567688,MEDIUM
2565,1.0,0.12282371252693491,0.47085,0.841255,Restart Task,Restart Task,0.47085,LOW
2566,0.0,0.059840209787811405,0.8477875,0.25433625,Normal,Normal,0.152212,LOW
2567,1.0,0.11675941358848857,0.5341374999999999,0.86024125,Restart Task,Restart Task,0.534137,LOW
2568,0.0,0.14445013649821226,0.15241249999999995,0.04572374999999999,Normal,Normal,0.847588,HIGH
2569,0.0,0.059464913242078254,0.8490375,0.25471125,Normal,Normal,0.150962,LOW
2570,1.0,0.1307997738342857,0.37436250000000004,0.8123087499999999,Restart Task,Restart Task,0.374363,LOW
2571,0.0,0.11649903312068027,0.537025,0.1611075,Normal,Normal,0.462975,LOW
2572,0.0,0.1333709383470405,0.3380375,0.10141125,Normal,Normal,0.661963,MEDIUM
2573,0.0,0.1365129476804261,0.290725,0.0872175,Normal,Normal,0.709275,MEDIUM
2574,0.0,0.029834673543923218,0.92005,0.276015,Normal,Normal,0.07995,LOW
2575,1.0,0.11685806184536257,0.5331250000000001,0.8599375,Restart Task,Restart Task,0.533125,LOW
2576,0.0,0.1372144042720772,0.2790625,0.08371875,Normal,Normal,0.720938,MEDIUM
2577,0.46,0.00303307014123122,0.948425,0.6065275,Migrate VM,Migrate VM,0.511575,LOW
2578,0.0,0.10664845392372624,0.6195999999999999,0.18587999999999996,Normal,Normal,0.3804,LOW
2579,0.01,0.05372908670259946,0.866725,0.26701749999999996,Normal,Normal,0.143275,LOW
2580,0.0,0.13008089766318676,0.38317500000000004,0.11495250000000001,Normal,Normal,0.616825,MEDIUM
2581,0.0,0.05830122364729212,0.852575,0.25577249999999996,Normal,Normal,0.147425,LOW
2582,0.0,0.06569381863199841,0.8268125,0.24804374999999998,Normal,Normal,0.173188,LOW
2583,1.0,0.004054031587678586,0.947825,0.9843474999999999,Restart Task,Restart Task,0.947825,HIGH
2584,0.0,0.145593751242948,0.13195,0.039585,Normal,Normal,0.86805,HIGH
2585,0.995,0.14266881606254955,0.18558750000000002,0.75217625,Restart Task,Restart Task,0.190588,LOW
2586,0.0,0.06929073517245488,0.8132375000000001,0.24397125,Normal,Normal,0.186762,LOW
2587,0.0,0.11064564860388909,0.5878,0.17634,Normal,Normal,0.4122,LOW
2588,1.0,-0.024309614771773402,0.9640125,0.9892037499999999,Restart Task,Restart Task,0.964013,HIGH
2589,0.0,0.043817472124693,0.89035,0.267105,Normal,Normal,0.10965,LOW
2590,0.0,0.09238429838506834,0.7116374999999999,0.21349124999999997,Normal,Normal,0.288363,LOW
2591,0.0,0.13310699373892237,0.34175,0.10252499999999999,Normal,Normal,0.65825,MEDIUM
2592,1.0,0.011936870258342558,0.941375,0.9824124999999999,Restart Task,Restart Task,0.941375,HIGH
2593,0.0,0.06578313178105721,0.826375,0.24791249999999998,Normal,Normal,0.173625,LOW
2594,1.0,0.09883874337868503,0.673325,0.9019974999999999,Restart Task,Restart Task,0.673325,MEDIUM
2595,0.0,0.03360325949763432,0.9123625,0.27370875,Normal,Normal,0.087638,LOW
2596,0.0,0.13288466806181004,0.34481249999999997,0.10344374999999999,Normal,Normal,0.655188,MEDIUM
2597,0.0,0.13411223584105986,0.3272125,0.09816375000000001,Normal,Normal,0.672787,MEDIUM
2598,0.0,0.11702887292933317,0.5316375,0.15949125,Normal,Normal,0.468363,LOW
2599,0.0,0.03324412732411719,0.9131875,0.27395625,Normal,Normal,0.086812,LOW
2600,1.0,0.12875639720699955,0.4004375,0.82013125,Restart Task,Restart Task,0.400438,LOW
2601,0.0,0.07381005318159245,0.7943625,0.23830874999999999,Normal,Normal,0.205638,LOW
2602,0.0,0.01663353513820831,0.9371375,0.28114124999999995,Normal,Normal,0.062863,LOW
2603,0.0,-0.06870504519342069,0.9827625,0.29482875,Normal,Normal,0.017238,LOW
2604,0.995,0.13637627289881238,0.2932,0.78446,Restart Task,Restart Task,0.2982,LOW
2605,0.995,0.06982571582489577,0.8111125,0.93983375,Restart Task,Restart Task,0.816113,HIGH
2606,0.0,0.08253099091450322,0.7595375,0.22786125,Normal,Normal,0.240463,LOW
2607,0.0,-0.0748182164026826,0.985875,0.2957625,Normal,Normal,0.014125,LOW
2608,0.0,0.1083636533926069,0.6072124999999999,0.18216374999999999,Normal,Normal,0.392788,LOW
2609,0.99,0.12202646876171452,0.47931250000000003,0.83679375,Restart Task,Restart Task,0.489313,LOW
2610,0.01,0.0779825044510346,0.7780875,0.24042625,Normal,Normal,0.231912,LOW
2611,1.0,0.1478405366543804,0.09568750000000004,0.72870625,Restart Task,Restart Task,0.095688,LOW
2612,0.0,-0.11580691812089594,0.9938375,0.29815125,Normal,Normal,0.006162,LOW
2613,1.0,0.1310409840717886,0.3711375,0.8113412499999999,Restart Task,Restart Task,0.371138,LOW
2614,0.95,0.07456764980230263,0.7915375,0.9024612499999999,Restart Task,Restart Task,0.841538,HIGH
2615,0.0,0.13836843362930562,0.2589,0.07767,Normal,Normal,0.7411,MEDIUM
2616,0.985,0.10492002255268779,0.6322125000000001,0.87916375,Restart Task,Restart Task,0.647213,MEDIUM
2617,0.0,0.017574738551682345,0.936175,0.2808525,Normal,Normal,0.063825,LOW
2618,0.73,0.04837404568234571,0.880225,0.7750675,Restart Task,Restart Task,0.849775,HIGH
2619,0.0,0.04379636185928781,0.890425,0.2671275,Normal,Normal,0.109575,LOW
2620,0.045,0.11936836156545144,0.5073,0.18369,Normal,Normal,0.5377,LOW
2621,0.015,0.13887039986594418,0.251275,0.0858825,Normal,Normal,0.763725,MEDIUM
2622,0.0,0.08935927788485737,0.7275,0.21825,Normal,Normal,0.2725,LOW
2623,0.0,0.11662271099374877,0.5355,0.16065,Normal,Normal,0.4645,LOW
2624,0.0,0.13677987160622912,0.28588749999999996,0.08576624999999999,Normal,Normal,0.714113,MEDIUM
2625,0.0,0.1417863565154856,0.20277500000000004,0.06083250000000001,Normal,Normal,0.797225,MEDIUM
2626,0.0,0.11762217016664656,0.5257125,0.15771375,Normal,Normal,0.474287,LOW
2627,0.0,0.11558263508661937,0.5453749999999999,0.16361249999999997,Normal,Normal,0.454625,LOW
2628,1.0,0.12113918350339498,0.4888625,0.8466587499999999,Restart Task,Restart Task,0.488862,LOW
2629,0.0,0.12685086712543686,0.4234375,0.12703125,Normal,Normal,0.576562,MEDIUM
2630,0.0,0.13460016410011233,0.32030000000000003,0.09609000000000001,Normal,Normal,0.6797,MEDIUM
2631,1.0,0.11553845155739878,0.5458624999999999,0.8637587499999999,Restart Task,Restart Task,0.545862,LOW
2632,0.0,0.129947211977265,0.38492499999999996,0.11547749999999998,Normal,Normal,0.615075,MEDIUM
2633,0.0,0.07388949859624305,0.7940875000000001,0.23822625,Normal,Normal,0.205912,LOW
2634,0.0,0.11858068398425703,0.51515,0.154545,Normal,Normal,0.48485,LOW
2635,0.0,0.13557383339001683,0.30546249999999997,0.09163874999999999,Normal,Normal,0.694538,MEDIUM
2636,0.005,0.09778825893384036,0.680275,0.20758249999999998,Normal,Normal,0.324725,LOW
2637,0.0,0.12221923567302723,0.4773625,0.14320875,Normal,Normal,0.522637,LOW
2638,1.0,0.04323206682847891,0.8917625,0.9675287499999999,Restart Task,Restart Task,0.891763,HIGH
2639,0.0,0.02672595731891203,0.924525,0.2773575,Normal,Normal,0.075475,LOW
2640,0.0,0.1223575502908264,0.476,0.14279999999999998,Normal,Normal,0.524,LOW
2641,0.0,0.09340796830166731,0.705925,0.2117775,Normal,Normal,0.294075,LOW
2642,0.0,0.12345313989073387,0.4634625,0.13903875,Normal,Normal,0.536538,LOW
2643,0.0,0.1254006624715573,0.44094999999999995,0.13228499999999999,Normal,Normal,0.55905,MEDIUM
2644,0.985,0.055235336560843895,0.8617375,0.94802125,Restart Task,Restart Task,0.876738,HIGH
2645,0.0,0.12829904559004035,0.405775,0.1217325,Normal,Normal,0.594225,MEDIUM
2646,0.0,0.06898058735028617,0.8143,0.24429,Normal,Normal,0.1857,LOW
2647,0.0,0.04587359864878454,0.886,0.2658,Normal,Normal,0.114,LOW
2648,0.985,-0.039363372610791814,0.9696875,0.9804062499999999,Restart Task,Restart Task,0.984688,HIGH
2649,0.0,0.137814795700054,0.26890000000000003,0.08067,Normal,Normal,0.7311,MEDIUM
2650,0.0,0.11462037917812218,0.5535375,0.16606125,Normal,Normal,0.446462,LOW
2651,0.0,0.15053381681836286,0.06474999999999997,0.01942499999999999,Normal,Normal,0.93525,HIGH
2652,0.0,0.11845006017037318,0.5166625,0.15499875,Normal,Normal,0.483337,LOW
2653,0.0,0.11981827708287962,0.5027125,0.15081375,Normal,Normal,0.497287,LOW
2654,0.0,0.11571292937148986,0.5439125,0.16317375,Normal,Normal,0.456087,LOW
2655,0.0,0.12345313989073387,0.4634625,0.13903875,Normal,Normal,0.536538,LOW
2656,0.0,0.10173504169493863,0.6535,0.19604999999999997,Normal,Normal,0.3465,LOW
2657,0.045,-0.05277338143420829,0.9727625,0.32332874999999994,Scale Resources,Scale Resources,0.072238,LOW
2658,0.995,0.12898983659381397,0.3975375,0.81576125,Restart Task,Restart Task,0.402537,LOW
2659,0.0,0.11916358838505692,0.5090125,0.15270375,Normal,Normal,0.490988,LOW
2660,1.0,0.12270761941074776,0.4721375,0.8416412499999999,Restart Task,Restart Task,0.472137,LOW
2661,0.03,0.07779209156953848,0.77885,0.254655,Normal,Normal,0.25115,LOW
2662,0.0,0.0009482728999486989,0.9495125,0.28485374999999996,Normal,Normal,0.050488,LOW
2663,0.0,0.14099610099076915,0.21686249999999996,0.06505874999999998,Normal,Normal,0.783138,MEDIUM
2664,0.0,0.1072980014869585,0.61485,0.184455,Normal,Normal,0.38515,LOW
2665,0.0,0.13306352023808804,0.3424625,0.10273875,Normal,Normal,0.657537,MEDIUM
2666,0.0,0.13390168466858704,0.3302125,0.09906375,Normal,Normal,0.669787,MEDIUM
2667,0.0,0.10846442077203167,0.6064375,0.18193125,Normal,Normal,0.393563,LOW
2668,0.99,0.07547876944278659,0.7881625,0.9294487499999999,Restart Task,Restart Task,0.798162,MEDIUM
2669,0.97,0.06150159091904717,0.8425875,0.93177625,Restart Task,Restart Task,0.872588,HIGH
2670,0.0,0.1294220959861499,0.39193750000000005,0.11758125000000001,Normal,Normal,0.608062,MEDIUM
2671,0.0,0.08801727023755151,0.7332375,0.21997124999999998,Normal,Normal,0.266763,LOW
2672,1.0,0.13668495490647886,0.28774999999999995,0.7863249999999999,Restart Task,Restart Task,0.28775,LOW
2673,0.0,0.06372287389854864,0.83395,0.250185,Normal,Normal,0.16605,LOW
2674,0.0,0.0678044064463843,0.8188375,0.24565125,Normal,Normal,0.181163,LOW
2675,0.0,0.14045215292867547,0.22536250000000002,0.06760875000000001,Normal,Normal,0.774637,MEDIUM
2676,0.0,0.1278197755453887,0.4112125,0.12336375,Normal,Normal,0.588788,MEDIUM
2677,0.0,0.09002299200643166,0.7242500000000001,0.21727500000000002,Normal,Normal,0.27575,LOW
2678,0.0,-0.09144842262025232,0.9903,0.29708999999999997,Normal,Normal,0.0097,LOW
2679,0.0,0.07367941442485565,0.7949125,0.23847374999999998,Normal,Normal,0.205087,LOW
2680,0.0,0.11778477104298157,0.52365,0.15709499999999998,Normal,Normal,0.47635,LOW
2681,0.0,0.12819197424986156,0.40703750000000005,0.12211125,Normal,Normal,0.592962,MEDIUM
2682,0.0,0.13122036952484456,0.36872499999999997,0.1106175,Normal,Normal,0.631275,MEDIUM
2683,0.99,0.012506423456588589,0.9409,0.9752699999999999,Restart Task,Restart Task,0.9509,HIGH
2684,0.0,0.13155771615653084,0.36388750000000003,0.10916625,Normal,Normal,0.636112,MEDIUM
2685,0.0,-0.08852534399742729,0.9891375,0.29674125,Normal,Normal,0.010862,LOW
2686,0.0,0.1363860865205198,0.2929625,0.08788875,Normal,Normal,0.707037,MEDIUM
2687,1.0,0.140481119798268,0.22506250000000005,0.76751875,Restart Task,Restart Task,0.225063,LOW
2688,0.995,0.12290141553640915,0.4698375,0.83745125,Restart Task,Restart Task,0.474838,LOW
2689,0.005,0.0903376225451697,0.722675,0.22030249999999998,Normal,Normal,0.282325,LOW
2690,0.0,0.13592808189229472,0.30046249999999997,0.09013874999999999,Normal,Normal,0.699538,MEDIUM
2691,0.0,0.1313811648748911,0.3667,0.11001000000000001,Normal,Normal,0.6333,MEDIUM
2692,0.0,0.12023493106261524,0.49860000000000004,0.14958000000000002,Normal,Normal,0.5014,LOW
2693,0.0,0.08760372481377271,0.7357875,0.22073625,Normal,Normal,0.264212,LOW
2694,0.015,0.0557158378092138,0.860275,0.2685825,Normal,Normal,0.154725,LOW
2695,1.0,-0.014462876174250239,0.9593125,0.98779375,Restart Task,Restart Task,0.959313,HIGH
2696,0.0,0.11293772137505392,0.5687249999999999,0.17061749999999998,Normal,Normal,0.431275,LOW
2697,0.0,0.12823077368060726,0.406525,0.1219575,Normal,Normal,0.593475,MEDIUM
2698,0.0,0.12182545871594924,0.4815625,0.14446875,Normal,Normal,0.518437,LOW
2699,0.0,0.11291736667204494,0.5688500000000001,0.17065500000000003,Normal,Normal,0.43115,LOW
2700,0.945,0.08787539834395125,0.7342124999999999,0.88176375,Restart Task,Restart Task,0.789212,MEDIUM
2701,0.0,0.13677987160622912,0.28588749999999996,0.08576624999999999,Normal,Normal,0.714113,MEDIUM
2702,0.0,0.09210952645099474,0.71305,0.213915,Normal,Normal,0.28695,LOW
2703,0.0,0.05378469805721625,0.866525,0.2599575,Normal,Normal,0.133475,LOW
2704,0.0,0.11414648311608,0.557825,0.1673475,Normal,Normal,0.442175,LOW
2705,0.005,0.11679464272856194,0.533875,0.1636625,Normal,Normal,0.471125,LOW
2706,0.0,0.038607927536040254,0.9014625,0.27043875,Normal,Normal,0.098537,LOW
2707,0.0,0.10158578633806536,0.6545000000000001,0.19635000000000002,Normal,Normal,0.3455,LOW
2708,0.0,0.07515815273795029,0.7893125,0.23679374999999997,Normal,Normal,0.210688,LOW
2709,0.0,0.07985792055184354,0.7701375,0.23104125,Normal,Normal,0.229862,LOW
2710,0.0,0.1372713661316981,0.2773375,0.08320125,Normal,Normal,0.722662,MEDIUM
2711,0.0,0.010353608578130169,0.9425250000000001,0.2827575,Normal,Normal,0.057475,LOW
2712,0.0,0.10325199503584942,0.6436875,0.19310624999999998,Normal,Normal,0.356313,LOW
2713,1.0,0.1280769923247772,0.40831249999999997,0.8224937499999999,Restart Task,Restart Task,0.408312,LOW
2714,0.0,0.12752520751404084,0.41515,0.124545,Normal,Normal,0.58485,MEDIUM
2715,0.0,0.14286539201358772,0.18174999999999997,0.05452499999999999,Normal,Normal,0.81825,HIGH
2716,0.0,0.09420311751888671,0.701225,0.21036749999999999,Normal,Normal,0.298775,LOW
2717,0.0,0.12500340966102452,0.44562500000000005,0.13368750000000001,Normal,Normal,0.554375,MEDIUM
2718,0.93,0.07487907682599693,0.7903125,0.88809375,Restart Task,Restart Task,0.860312,HIGH
2719,0.0,0.13044400847466686,0.37897499999999995,0.11369249999999997,Normal,Normal,0.621025,MEDIUM
2720,0.985,0.1185451311942134,0.515575,0.8441725,Restart Task,Restart Task,0.530575,LOW
2721,0.0,0.08419241209317546,0.7525125,0.22575375,Normal,Normal,0.247487,LOW
2722,0.0,0.13077573468252374,0.37463749999999996,0.11239124999999998,Normal,Normal,0.625363,MEDIUM
2723,0.0,0.1028818066639352,0.6459625,0.19378874999999998,Normal,Normal,0.354038,LOW
2724,0.0,0.0889149468653806,0.7294125,0.21882375,Normal,Normal,0.270587,LOW
2725,0.0,0.11049474033057144,0.5891124999999999,0.17673374999999997,Normal,Normal,0.410888,LOW
2726,0.01,0.07024250511534647,0.809325,0.24979749999999998,Normal,Normal,0.200675,LOW
2727,0.0,0.042802839272587434,0.892925,0.2678775,Normal,Normal,0.107075,LOW
2728,0.0,0.13131642019429135,0.3672875,0.11018625,Normal,Normal,0.632713,MEDIUM
2729,0.995,-0.04386076739086886,0.9708625,0.98775875,Restart Task,Restart Task,0.975862,HIGH
2730,0.0,0.05980888149153574,0.8479375,0.25438125,Normal,Normal,0.152062,LOW
2731,0.0,0.12944999677386793,0.39161250000000003,0.11748375,Normal,Normal,0.608387,MEDIUM
2732,1.0,0.08249608033264622,0.7596499999999999,0.9278949999999999,Restart Task,Restart Task,0.75965,MEDIUM
2733,0.0,0.03913213394024062,0.9003625,0.27010874999999995,Normal,Normal,0.099638,LOW
2734,0.0,0.10194326022420164,0.6522125,0.19566375,Normal,Normal,0.347788,LOW
2735,0.99,0.07564809478678025,0.787325,0.9291974999999999,Restart Task,Restart Task,0.797325,MEDIUM
2736,0.04,0.140118211898556,0.23092500000000005,0.0972775,Normal,Normal,0.809075,HIGH
2737,0.0,0.1290092243355902,0.39732500000000004,0.11919750000000001,Normal,Normal,0.602675,MEDIUM
2738,0.0,0.053645504201406846,0.8669625,0.26008875,Normal,Normal,0.133038,LOW
2739,0.0,0.09373336798419585,0.7038375,0.21115124999999998,Normal,Normal,0.296162,LOW
2740,0.0,0.10025684827240028,0.6637375,0.19912125,Normal,Normal,0.336263,LOW
2741,0.0,0.09469795963191413,0.6983874999999999,0.20951625,Normal,Normal,0.301613,LOW
2742,0.0,0.14052341122983297,0.22419999999999995,0.06725999999999999,Normal,Normal,0.7758,MEDIUM
2743,0.0,0.1337132162481401,0.3329375,0.09988124999999999,Normal,Normal,0.667063,MEDIUM
2744,0.08,0.10856658445416406,0.60575,0.237725,Normal,Normal,0.47425,LOW
2745,0.0,0.13769428795020022,0.27103750000000004,0.08131125000000002,Normal,Normal,0.728962,MEDIUM
2746,1.0,0.10968945638275013,0.595925,0.8787775,Restart Task,Restart Task,0.595925,MEDIUM
2747,1.0,0.13354979756208257,0.33545,0.800635,Restart Task,Restart Task,0.33545,LOW
2748,0.0,0.13695071858672453,0.28295000000000003,0.084885,Normal,Normal,0.71705,MEDIUM
2749,1.0,0.06733193112236224,0.8207625000000001,0.94622875,Restart Task,Restart Task,0.820763,HIGH
2750,0.005,0.09374859113808809,0.7037249999999999,0.2146175,Normal,Normal,0.301275,LOW
2751,0.005,0.14231693464902895,0.19261249999999996,0.061283749999999984,Normal,Normal,0.812388,HIGH
2752,0.0,0.08529870056824812,0.7474000000000001,0.22422,Normal,Normal,0.2526,LOW
2753,0.0,0.09087164806481779,0.7199625000000001,0.21598875,Normal,Normal,0.280037,LOW
2754,0.0,0.06078903118541307,0.84485,0.253455,Normal,Normal,0.15515,LOW
2755,0.0,0.1019880262429837,0.65185,0.195555,Normal,Normal,0.34815,LOW
2756,0.0,0.08568695328539966,0.7458374999999999,0.22375124999999998,Normal,Normal,0.254163,LOW
2757,0.0,0.12539737447414567,0.440975,0.1322925,Normal,Normal,0.559025,MEDIUM
2758,0.0,0.11930611231115928,0.50795,0.152385,Normal,Normal,0.49205,LOW
2759,0.0,0.08600549581241834,0.7443875,0.22331625,Normal,Normal,0.255613,LOW
2760,0.99,0.11338823965905354,0.564425,0.8623274999999999,Restart Task,Restart Task,0.574425,MEDIUM
2761,1.0,0.11157878686625305,0.5805,0.87415,Restart Task,Restart Task,0.5805,MEDIUM
2762,1.0,-0.06495868422340312,0.9791875,0.9937562499999999,Restart Task,Restart Task,0.979187,HIGH
2763,0.0,0.11975144740446764,0.503325,0.1509975,Normal,Normal,0.496675,LOW
2764,0.0,0.047931844408031665,0.8810625,0.26431875,Normal,Normal,0.118938,LOW
2765,0.0,0.12921944020230425,0.39483749999999995,0.11845124999999998,Normal,Normal,0.605163,MEDIUM
2766,1.0,0.13902760641895473,0.2487125,0.77461375,Restart Task,Restart Task,0.248713,LOW
2767,0.0,0.07687800215217039,0.782475,0.2347425,Normal,Normal,0.217525,LOW
2768,0.0,0.13726406054777518,0.277575,0.0832725,Normal,Normal,0.722425,MEDIUM
2769,0.89,0.11750063950432232,0.52695,0.781085,Restart Task,Restart Task,0.63695,MEDIUM
2770,0.0,0.0902997974860073,0.722925,0.2168775,Normal,Normal,0.277075,LOW
2771,0.0,0.13863632105028134,0.2548,0.07644000000000001,Normal,Normal,0.7452,MEDIUM
2772,0.01,0.11516224422602739,0.5493250000000001,0.17179750000000002,Normal,Normal,0.460675,LOW
2773,0.0,0.13057518464916268,0.377275,0.1131825,Normal,Normal,0.622725,MEDIUM
2774,0.005,0.1006466074110699,0.6611374999999999,0.20184124999999997,Normal,Normal,0.343863,LOW
2775,0.0,0.08429712250081411,0.7519625,0.22558874999999998,Normal,Normal,0.248038,LOW
2776,0.0,0.12229478702095742,0.47657499999999997,0.14297249999999997,Normal,Normal,0.523425,LOW
2777,0.0,0.13288466806181004,0.34481249999999997,0.10344374999999999,Normal,Normal,0.655188,MEDIUM
2778,1.0,0.02162957241811292,0.9310625,0.97931875,Restart Task,Restart Task,0.931063,HIGH
2779,0.0,0.14396475330292768,0.16217499999999996,0.04865249999999999,Normal,Normal,0.837825,HIGH
2780,0.975,0.12655248589538715,0.4269625,0.81058875,Restart Task,Restart Task,0.451963,LOW
2781,0.0,0.1428988063027274,0.18115000000000003,0.05434500000000001,Normal,Normal,0.81885,HIGH
2782,1.0,0.11138364416923369,0.581825,0.8745474999999999,Restart Task,Restart Task,0.581825,MEDIUM
2783,0.0,0.08901212986990736,0.7289375,0.21868125,Normal,Normal,0.271062,LOW
2784,0.0,-0.1327864997551257,0.9948625,0.29845875,Normal,Normal,0.005138,LOW
2785,0.0,0.09288290787612435,0.7089125000000001,0.21267375000000002,Normal,Normal,0.291087,LOW
2786,0.02,0.1470841057088988,0.10797500000000004,0.04639250000000001,Normal,Normal,0.912025,HIGH
2787,1.0,0.08218427645695514,0.7608125,0.9282437499999999,Restart Task,Restart Task,0.760813,MEDIUM
2788,0.0,0.08365542602549342,0.7548125,0.22644375,Normal,Normal,0.245188,LOW
2789,0.0,0.06539981944709289,0.8278375,0.24835125,Normal,Normal,0.172162,LOW
2790,0.0,0.04634109964531524,0.8848,0.26544,Normal,Normal,0.1152,LOW
2791,1.0,0.04645937523921789,0.8846125,0.96538375,Restart Task,Restart Task,0.884613,HIGH
2792,0.0,0.08233057745394817,0.760325,0.2280975,Normal,Normal,0.239675,LOW
2793,0.0,0.13456460929109193,0.320825,0.0962475,Normal,Normal,0.679175,MEDIUM
2794,0.0,-0.013613460338350536,0.9585625,0.28756875,Normal,Normal,0.041438,LOW
2795,0.0,0.13589655742122342,0.30100000000000005,0.0903,Normal,Normal,0.699,MEDIUM
2796,0.0,0.1355773864639574,0.3053625,0.09160874999999999,Normal,Normal,0.694638,MEDIUM
2797,0.015,0.14509181877076993,0.14105,0.052815,Normal,Normal,0.87395,HIGH
2798,1.0,0.1021659087928603,0.650825,0.8952475,Restart Task,Restart Task,0.650825,MEDIUM
2799,0.0,0.06881952255136703,0.8149,0.24446999999999997,Normal,Normal,0.1851,LOW
2800,0.0,0.11142049633303314,0.5815874999999999,0.17447624999999997,Normal,Normal,0.418413,LOW
2801,1.0,0.0945958487257691,0.698925,0.9096774999999999,Restart Task,Restart Task,0.698925,MEDIUM
2802,0.935,0.01783055043365034,0.9359,0.9352699999999999,Restart Task,Restart Task,0.9991,HIGH
2803,0.0,0.07876708811743466,0.774425,0.2323275,Normal,Normal,0.225575,LOW
2804,1.0,0.04265573812598322,0.893225,0.9679675,Restart Task,Restart Task,0.893225,HIGH
2805,0.0,0.07912467298495907,0.7730875,0.23192625,Normal,Normal,0.226912,LOW
2806,0.0,0.11378058274959707,0.5611625,0.16834875,Normal,Normal,0.438837,LOW
2807,1.0,-0.059742365351258875,0.973975,0.9921925,Restart Task,Restart Task,0.973975,HIGH
2808,0.0,0.06898058735028617,0.8143,0.24429,Normal,Normal,0.1857,LOW
2809,0.0,0.05920841818578504,0.8496875,0.25490625,Normal,Normal,0.150312,LOW
2810,0.89,0.09424567944646534,0.701025,0.8333075,Restart Task,Restart Task,0.811025,HIGH
2811,0.0,0.12461970127916056,0.45004999999999995,0.13501499999999997,Normal,Normal,0.54995,LOW
2812,0.0,0.13477405074455806,0.31747499999999995,0.09524249999999998,Normal,Normal,0.682525,MEDIUM
2813,0.0,0.13131310124388185,0.36734999999999995,0.11020499999999998,Normal,Normal,0.63265,MEDIUM
2814,0.0,0.06415308819299409,0.832525,0.24975749999999997,Normal,Normal,0.167475,LOW
2815,0.0,0.08938749163812443,0.727275,0.2181825,Normal,Normal,0.272725,LOW
2816,0.0,0.1296192730402967,0.38927500000000004,0.11678250000000001,Normal,Normal,0.610725,MEDIUM
2817,0.0,0.10519522371234147,0.63035,0.189105,Normal,Normal,0.36965,LOW
2818,0.0,0.14723955398295469,0.10543749999999996,0.031631249999999986,Normal,Normal,0.894563,HIGH
2819,0.07,0.06739760332377343,0.8203875,0.29511625,Normal,Normal,0.249613,LOW
2820,0.0,0.12043977520131438,0.49646250000000003,0.14893875,Normal,Normal,0.503537,LOW
2821,0.995,0.029610585033741588,0.9204875,0.9726462499999999,Restart Task,Restart Task,0.925488,HIGH
2822,0.055,0.07409827222822207,0.793275,0.27648249999999996,Normal,Normal,0.261725,LOW
2823,0.0,0.09262207642850667,0.7103875,0.21311624999999998,Normal,Normal,0.289613,LOW
2824,0.0,0.10025484595100576,0.6637625,0.19912875,Normal,Normal,0.336237,LOW
2825,0.0,0.0635751315823192,0.8346625,0.25039875,Normal,Normal,0.165338,LOW
2826,0.0,0.09340796830166731,0.705925,0.2117775,Normal,Normal,0.294075,LOW
2827,1.0,0.1362174735295545,0.29588749999999997,0.7887662499999999,Restart Task,Restart Task,0.295887,LOW
2828,0.0,0.05995981678915707,0.84755,0.254265,Normal,Normal,0.15245,LOW
2829,0.0,0.12858955950451229,0.4022,0.12065999999999999,Normal,Normal,0.5978,MEDIUM
2830,0.0,0.12858441864424108,0.40232500000000004,0.12069750000000001,Normal,Normal,0.597675,MEDIUM
2831,0.0,0.1338076887717325,0.3316125,0.09948375,Normal,Normal,0.668388,MEDIUM
2832,0.0,0.1353073488644021,0.30947499999999994,0.09284249999999998,Normal,Normal,0.690525,MEDIUM
2833,0.0,0.09659345611124381,0.687775,0.2063325,Normal,Normal,0.312225,LOW
2834,0.24,0.04299133563470592,0.8924875,0.43574624999999995,Scale Resources,Scale Resources,0.347513,LOW
2835,0.0,0.08305030463422852,0.757375,0.22721249999999998,Normal,Normal,0.242625,LOW
2836,0.0,0.11052871062492253,0.5888,0.17664,Normal,Normal,0.4112,LOW
2837,0.0,0.15106748947930254,0.06052500000000005,0.018157500000000014,Normal,Normal,0.939475,HIGH
2838,0.99,-0.045424281080437834,0.97125,0.984375,Restart Task,Restart Task,0.98125,HIGH
2839,0.0,0.14276118239259783,0.18369999999999997,0.05510999999999999,Normal,Normal,0.8163,HIGH
2840,0.0,0.13815278326466218,0.2628625,0.07885874999999999,Normal,Normal,0.737138,MEDIUM
2841,1.0,0.10148088866227378,0.655225,0.8965675,Restart Task,Restart Task,0.655225,MEDIUM
2842,0.0,0.05192937205524123,0.871675,0.26150249999999997,Normal,Normal,0.128325,LOW
2843,1.0,-0.01302572981218586,0.9581125,0.9874337499999999,Restart Task,Restart Task,0.958113,HIGH
2844,1.0,0.10510641153366329,0.6310125,0.88930375,Restart Task,Restart Task,0.631012,MEDIUM
2845,0.015,0.033177294583223715,0.9135125,0.28455375,Normal,Normal,0.101488,LOW
2846,1.0,0.09829108356789651,0.6770499999999999,0.9031149999999999,Restart Task,Restart Task,0.67705,MEDIUM
2847,0.0,0.14083752162452562,0.21935000000000004,0.06580500000000002,Normal,Normal,0.78065,MEDIUM
2848,0.01,0.10833463210563116,0.6075375000000001,0.18926125000000002,Normal,Normal,0.402462,LOW
2849,0.0,0.09346578823651525,0.70545,0.211635,Normal,Normal,0.29455,LOW
2850,1.0,0.15143387975093975,0.05779999999999996,0.71734,Restart Task,Restart Task,0.0578,LOW
2851,0.005,0.09301984064877811,0.7082875,0.21598625,Normal,Normal,0.296713,LOW
2852,0.905,0.056921718149206324,0.85685,0.890555,Restart Task,Restart Task,0.95185,HIGH
2853,1.0,0.09958558139455254,0.6685125000000001,0.9005537499999999,Restart Task,Restart Task,0.668513,MEDIUM
2854,1.0,0.14651790729559389,0.11683750000000004,0.7350512499999999,Restart Task,Restart Task,0.116838,LOW
2855,0.03,0.11252229334621955,0.5725625,0.19276875,Normal,Normal,0.457438,LOW
2856,0.0,0.041782911408100754,0.894925,0.2684775,Normal,Normal,0.105075,LOW
2857,0.0,0.08853044457197051,0.73095,0.21928499999999998,Normal,Normal,0.26905,LOW
2858,0.0,0.14057799508600827,0.2234125,0.06702375,Normal,Normal,0.776587,MEDIUM
2859,1.0,0.13999828014988364,0.23286249999999997,0.7698587499999999,Restart Task,Restart Task,0.232862,LOW
2860,0.0,0.09921664666851038,0.6707375,0.20122125,Normal,Normal,0.329263,LOW
2861,0.0,-0.06722191659862664,0.981325,0.2943975,Normal,Normal,0.018675,LOW
2862,0.0,-0.06782109510072332,0.981875,0.2945625,Normal,Normal,0.018125,LOW
2863,0.885,0.10461513548292029,0.634475,0.8098424999999999,Restart Task,Restart Task,0.749475,MEDIUM
2864,0.88,0.10369771206413031,0.6403875,0.80811625,Restart Task,Restart Task,0.760387,MEDIUM
2865,1.0,0.14274830914844788,0.18391250000000003,0.75517375,Restart Task,Restart Task,0.183913,LOW
2866,0.0,0.10203362226427887,0.651525,0.1954575,Normal,Normal,0.348475,LOW
2867,0.12,0.1380426135037836,0.264575,0.16337249999999998,Normal,Normal,0.855425,HIGH
2868,0.005,0.07178029220337612,0.802575,0.2442725,Normal,Normal,0.202425,LOW
2869,1.0,0.06176915794518223,0.841425,0.9524275,Restart Task,Restart Task,0.841425,HIGH
2870,0.005,0.13371680584971218,0.33287500000000003,0.10336250000000001,Normal,Normal,0.672125,MEDIUM
2871,0.98,0.018272418148782443,0.9353,0.96659,Restart Task,Restart Task,0.9553,HIGH
2872,0.0,0.13735568683146926,0.275925,0.08277749999999999,Normal,Normal,0.724075,MEDIUM
2873,0.0,0.12268793641244713,0.47243749999999995,0.14173124999999998,Normal,Normal,0.527563,LOW
2874,0.0,0.12966566964589576,0.38880000000000003,0.11664000000000001,Normal,Normal,0.6112,MEDIUM
2875,0.0,0.1427251975746312,0.18437499999999996,0.05531249999999999,Normal,Normal,0.815625,HIGH
2876,0.0,0.09717606188575101,0.683875,0.2051625,Normal,Normal,0.316125,LOW
2877,0.0,0.05627050278839868,0.8587374999999999,0.25762124999999997,Normal,Normal,0.141263,LOW
2878,0.0,0.129947211977265,0.38492499999999996,0.11547749999999998,Normal,Normal,0.615075,MEDIUM
2879,0.0,0.08860580388486311,0.7306250000000001,0.2191875,Normal,Normal,0.269375,LOW
2880,0.0,0.13370961907627843,0.332975,0.09989250000000001,Normal,Normal,0.667025,MEDIUM
2881,0.0,0.12298306243700818,0.469025,0.1407075,Normal,Normal,0.530975,LOW
2882,0.0,0.13695071651980867,0.2829625,0.08488875,Normal,Normal,0.717037,MEDIUM
2883,0.0,0.12052584853497716,0.49546250000000003,0.14863875000000001,Normal,Normal,0.504537,LOW
2884,0.995,0.04280379142227342,0.8929125,0.96437375,Restart Task,Restart Task,0.897913,HIGH
2885,1.0,0.06579115597475543,0.8263625,0.94790875,Restart Task,Restart Task,0.826362,HIGH
2886,0.0,0.08353372902346995,0.7553,0.22658999999999999,Normal,Normal,0.2447,LOW
2887,0.0,0.08274811999646492,0.7586375,0.22759124999999997,Normal,Normal,0.241363,LOW
2888,0.01,0.12636806449462923,0.4291125,0.13573375000000001,Normal,Normal,0.580888,MEDIUM
2889,0.0,0.1321027776286442,0.35643749999999996,0.10693124999999999,Normal,Normal,0.643563,MEDIUM
2890,0.0,0.05141685257919065,0.8728374999999999,0.26185125,Normal,Normal,0.127163,LOW
2891,0.0,0.10810120598786671,0.609225,0.1827675,Normal,Normal,0.390775,LOW
2892,0.0,0.10074141770436595,0.660425,0.1981275,Normal,Normal,0.339575,LOW
2893,0.0,0.11486031373778482,0.5516125000000001,0.16548375,Normal,Normal,0.448387,LOW
2894,0.0,0.13604423054753356,0.2985375,0.08956125,Normal,Normal,0.701462,MEDIUM
2895,1.0,0.1293246525928427,0.39346250000000005,0.8180387499999999,Restart Task,Restart Task,0.393463,LOW
2896,0.0,0.1382470004191152,0.2608125,0.07824375,Normal,Normal,0.739187,MEDIUM
2897,0.0,0.10463874058883876,0.6342625,0.19027874999999997,Normal,Normal,0.365738,LOW
2898,0.0,0.007959299033124867,0.9446125,0.28338375,Normal,Normal,0.055388,LOW
2899,0.0,0.12802173440405018,0.4090125,0.12270375,Normal,Normal,0.590987,MEDIUM
2900,0.0,0.08068829073915701,0.7666,0.22997999999999996,Normal,Normal,0.2334,LOW
2901,0.0,0.09896720865655478,0.67245,0.201735,Normal,Normal,0.32755,LOW
2902,0.0,0.12694302755256487,0.4222,0.12666,Normal,Normal,0.5778,MEDIUM
2903,1.0,0.1293246525928427,0.39346250000000005,0.8180387499999999,Restart Task,Restart Task,0.393463,LOW
2904,0.0,0.1289394120560658,0.39815,0.119445,Normal,Normal,0.60185,MEDIUM
2905,0.0,0.11268539349372297,0.5711375000000001,0.17134125000000003,Normal,Normal,0.428862,LOW
2906,0.0,0.10005594944342144,0.6651125,0.19953374999999998,Normal,Normal,0.334888,LOW
2907,0.0,0.075201143637676,0.7892125,0.23676375,Normal,Normal,0.210788,LOW
2908,0.0,0.05031806996474886,0.8754875,0.26264624999999997,Normal,Normal,0.124513,LOW
2909,0.0,0.13248176407221368,0.3508375,0.10525125,Normal,Normal,0.649162,MEDIUM
2910,0.0,0.13677987160622912,0.28588749999999996,0.08576624999999999,Normal,Normal,0.714113,MEDIUM
2911,0.0,0.08867699768873605,0.7302500000000001,0.21907500000000002,Normal,Normal,0.26975,LOW
2912,0.0,0.13889517780372357,0.25063749999999996,0.07519124999999999,Normal,Normal,0.749363,MEDIUM
2913,0.0,0.08959166951472897,0.7263999999999999,0.21791999999999997,Normal,Normal,0.2736,LOW
2914,1.0,0.09058536867714778,0.7213875000000001,0.9164162499999999,Restart Task,Restart Task,0.721388,MEDIUM
2915,0.005,0.10083473056324455,0.6597625,0.20142875000000002,Normal,Normal,0.345237,LOW
2916,1.0,0.06688387436201465,0.8224374999999999,0.9467312499999999,Restart Task,Restart Task,0.822437,HIGH
2917,0.0,-0.01652668570305349,0.9605375,0.28816125,Normal,Normal,0.039462,LOW
2918,0.0,0.07188920626154832,0.8021625,0.24064875,Normal,Normal,0.197837,LOW
2919,1.0,0.06627851762466697,0.82445,0.9473349999999999,Restart Task,Restart Task,0.82445,HIGH
2920,0.015,0.12145813034538128,0.48555000000000004,0.15616500000000003,Normal,Normal,0.52945,LOW
2921,0.0,0.08398851458233136,0.7534,0.22601999999999997,Normal,Normal,0.2466,LOW
2922,0.0,0.03694516775401491,0.904775,0.27143249999999997,Normal,Normal,0.095225,LOW
2923,0.0,0.06128962584392572,0.8432999999999999,0.25299,Normal,Normal,0.1567,LOW
2924,0.0,0.10158578633806536,0.6545000000000001,0.19635000000000002,Normal,Normal,0.3455,LOW
2925,0.0,0.12153224413759023,0.48487499999999994,0.14546249999999997,Normal,Normal,0.515125,LOW
2926,1.0,0.08850098071774154,0.7311125,0.91933375,Restart Task,Restart Task,0.731113,MEDIUM
2927,0.0,0.08769723986809025,0.73525,0.220575,Normal,Normal,0.26475,LOW
2928,0.005,0.10947197081864285,0.5977250000000001,0.18281750000000002,Normal,Normal,0.407275,LOW
2929,0.0,0.1419334776896113,0.19992500000000002,0.0599775,Normal,Normal,0.800075,HIGH
2930,0.995,0.07894050797818081,0.773675,0.9286025,Restart Task,Restart Task,0.778675,MEDIUM
2931,0.0,0.09155434897333348,0.7162,0.21485999999999997,Normal,Normal,0.2838,LOW
2932,0.0,0.13677988680135683,0.285875,0.08576249999999999,Normal,Normal,0.714125,MEDIUM
2933,0.0,0.1329687083467339,0.3438375,0.10315125,Normal,Normal,0.656162,MEDIUM
2934,0.005,0.10950764445986033,0.5975625,0.18276875,Normal,Normal,0.407438,LOW
2935,0.0,0.12968702511623603,0.3883875,0.11651624999999999,Normal,Normal,0.611613,MEDIUM
2936,0.0,0.13872471427678212,0.25341250000000004,0.07602375000000001,Normal,Normal,0.746587,MEDIUM
2937,0.0,0.13068320751839002,0.3757125,0.11271375,Normal,Normal,0.624287,MEDIUM
2938,0.0,0.1519410298658998,0.05410000000000004,0.016230000000000012,Normal,Normal,0.9459,HIGH
2939,0.995,0.13560483368520093,0.30481250000000004,0.78794375,Restart Task,Restart Task,0.309813,LOW
2940,0.0,0.08897576457040002,0.7291000000000001,0.21873,Normal,Normal,0.2709,LOW
2941,0.0,0.123250050478379,0.4659,0.13976999999999998,Normal,Normal,0.5341,LOW
2942,0.0,0.09412267421466597,0.7016625000000001,0.21049875,Normal,Normal,0.298337,LOW
2943,1.0,0.05393236926047673,0.86615,0.959845,Restart Task,Restart Task,0.86615,HIGH
2944,0.0,-0.037622934382135376,0.9691875,0.29075625,Normal,Normal,0.030813,LOW
2945,1.0,0.12870698962153737,0.40102499999999996,0.8203075,Restart Task,Restart Task,0.401025,LOW
2946,0.0,0.053956024343810194,0.866075,0.2598225,Normal,Normal,0.133925,LOW
2947,0.0,-0.09144842262025232,0.9903,0.29708999999999997,Normal,Normal,0.0097,LOW
2948,0.0,0.10076814202820544,0.6602875,0.19808625,Normal,Normal,0.339712,LOW
2949,1.0,0.10945686755595369,0.5978,0.87934,Restart Task,Restart Task,0.5978,MEDIUM
2950,0.0,0.10263017769794175,0.6476625,0.19429875,Normal,Normal,0.352337,LOW
2951,0.0,0.02996398930566102,0.9197875,0.27593625,Normal,Normal,0.080213,LOW
2952,0.0,0.09400915051255909,0.7024250000000001,0.2107275,Normal,Normal,0.297575,LOW
2953,0.0,0.15361423535414193,0.039675000000000016,0.011902500000000005,Normal,Normal,0.960325,HIGH
2954,0.0,0.1289394120560658,0.39815,0.119445,Normal,Normal,0.60185,MEDIUM
2955,0.0,0.07941224493051013,0.77195,0.23158499999999999,Normal,Normal,0.22805,LOW
2956,0.0,0.10232585054340643,0.6496999999999999,0.19490999999999997,Normal,Normal,0.3503,LOW
2957,0.0,0.11965988628151514,0.5042249999999999,0.15126749999999997,Normal,Normal,0.495775,LOW
2958,1.0,0.11834582044930375,0.5179,0.85537,Restart Task,Restart Task,0.5179,LOW
2959,1.0,0.11884735044326178,0.5122249999999999,0.8536674999999999,Restart Task,Restart Task,0.512225,LOW
2960,0.0,0.12391715625992716,0.45794999999999997,0.13738499999999998,Normal,Normal,0.54205,LOW
2961,1.0,0.0985443472914101,0.6752374999999999,0.9025712499999999,Restart Task,Restart Task,0.675237,MEDIUM
2962,0.0,0.11200391098078777,0.5770375,0.17311125,Normal,Normal,0.422963,LOW
2963,0.0,0.10049690119371751,0.662175,0.19865249999999998,Normal,Normal,0.337825,LOW
2964,0.0,0.13777309130046483,0.269575,0.0808725,Normal,Normal,0.730425,MEDIUM
2965,0.0,0.12325220942824183,0.46587500000000004,0.1397625,Normal,Normal,0.534125,LOW
2966,0.0,0.11625308000148638,0.538975,0.1616925,Normal,Normal,0.461025,LOW
2967,0.0,0.13573173833505248,0.30328750000000004,0.09098625,Normal,Normal,0.696712,MEDIUM
2968,0.0,0.12733742666473186,0.4169125,0.12507375,Normal,Normal,0.583087,MEDIUM
2969,0.0,0.10111469887138153,0.657475,0.19724250000000002,Normal,Normal,0.342525,LOW
2970,0.97,0.11785440582313428,0.522875,0.8358625,Restart Task,Restart Task,0.552875,MEDIUM
2971,1.0,0.12926852047602738,0.39412499999999995,0.8182375,Restart Task,Restart Task,0.394125,LOW
2972,0.0,0.10548551286515229,0.62795,0.188385,Normal,Normal,0.37205,LOW
2973,0.0,0.027943866413888463,0.9228375,0.27685125,Normal,Normal,0.077163,LOW
2974,0.0,-0.015666371317493488,0.9600875,0.28802625,Normal,Normal,0.039913,LOW
2975,0.0,0.1207659862709905,0.49292499999999995,0.14787749999999997,Normal,Normal,0.507075,LOW
2976,0.0,0.05292488772453985,0.8688875,0.26066625,Normal,Normal,0.131112,LOW
2977,0.0,0.09455814034667542,0.699225,0.2097675,Normal,Normal,0.300775,LOW
2978,0.0,0.09415154995482511,0.7015125,0.21045375,Normal,Normal,0.298488,LOW
2979,0.0,0.0414482944455834,0.8957125,0.26871375,Normal,Normal,0.104287,LOW
2980,1.0,-0.062484455264714134,0.9755875,0.9926762499999999,Restart Task,Restart Task,0.975588,HIGH
2981,0.0,0.12558798260807474,0.43884999999999996,0.131655,Normal,Normal,0.56115,MEDIUM
2982,0.0,0.11994745658834854,0.5014624999999999,0.15043874999999998,Normal,Normal,0.498538,LOW
2983,0.99,0.12380306320516632,0.45935000000000004,0.830805,Restart Task,Restart Task,0.46935,LOW
2984,0.0,-0.09709936920806361,0.9918625,0.29755875,Normal,Normal,0.008138,LOW
2985,0.0,0.1218950570149982,0.48067499999999996,0.14420249999999998,Normal,Normal,0.519325,LOW
2986,0.0,0.13399311503009476,0.32885,0.09865499999999999,Normal,Normal,0.67115,MEDIUM
2987,0.005,0.09605113099245738,0.691075,0.2108225,Normal,Normal,0.313925,LOW
2988,0.0,0.14524212606629472,0.13863749999999997,0.04159124999999999,Normal,Normal,0.861363,HIGH
2989,0.0,0.10965567646272167,0.5962125,0.17886375000000002,Normal,Normal,0.403787,LOW
2990,0.0,-0.029621469544492074,0.9660375,0.28981124999999996,Normal,Normal,0.033963,LOW
2991,0.0,0.06826032182284825,0.816925,0.2450775,Normal,Normal,0.183075,LOW
2992,0.005,0.1449094262481489,0.14442500000000003,0.04682750000000001,Normal,Normal,0.860575,HIGH
2993,0.0,0.08769723986809025,0.73525,0.220575,Normal,Normal,0.26475,LOW
2994,1.0,0.138851070478119,0.25160000000000005,0.77548,Restart Task,Restart Task,0.2516,LOW
2995,0.0,0.12505411318551507,0.4450625,0.13351875,Normal,Normal,0.554937,MEDIUM
2996,0.0,0.13170955269637896,0.3619875,0.10859625,Normal,Normal,0.638012,MEDIUM
2997,0.0,0.1167563744270203,0.5342,0.16025999999999999,Normal,Normal,0.4658,LOW
2998,0.95,-0.008796049307531417,0.9549375,0.9514812499999998,Restart Task,Restart Task,0.995062,HIGH
2999,0.0,0.08960640113514229,0.726325,0.2178975,Normal,Normal,0.273675,LOW
3000,0.0,0.13748459270209812,0.273825,0.0821475,Normal,Normal,0.726175,MEDIUM
3001,0.0,0.14561670264216847,0.13158749999999997,0.03947624999999999,Normal,Normal,0.868413,HIGH
3002,0.0,0.12298306243700818,0.469025,0.1407075,Normal,Normal,0.530975,LOW
3003,0.0,0.11092763028826302,0.5855,0.17565,Normal,Normal,0.4145,LOW
3004,0.0,0.14307242744385246,0.17818750000000005,0.05345625000000002,Normal,Normal,0.821812,HIGH
3005,0.0,0.06268529370327475,0.8380375,0.25141125,Normal,Normal,0.161963,LOW
3006,0.0,0.06413533141769456,0.83255,0.249765,Normal,Normal,0.16745,LOW
3007,0.0,0.1243832171911558,0.45277500000000004,0.1358325,Normal,Normal,0.547225,LOW
3008,0.0,0.1267842387734301,0.42423750000000005,0.12727125,Normal,Normal,0.575762,MEDIUM
3009,0.0,0.13775087888340198,0.2699625,0.08098875,Normal,Normal,0.730038,MEDIUM
3010,0.0,0.0805435605132595,0.7671749999999999,0.23015249999999998,Normal,Normal,0.232825,LOW
3011,0.0,0.12858955950451229,0.4022,0.12065999999999999,Normal,Normal,0.5978,MEDIUM
3012,0.0,0.1312891873770215,0.36765000000000003,0.110295,Normal,Normal,0.63235,MEDIUM
3013,0.0,0.1352663168633244,0.30998749999999997,0.09299624999999999,Normal,Normal,0.690013,MEDIUM
3014,0.0,0.12823247421214662,0.4064375,0.12193124999999999,Normal,Normal,0.593562,MEDIUM
3015,0.0,0.1387357495673206,0.25321249999999995,0.07596374999999998,Normal,Normal,0.746788,MEDIUM
3016,0.0,0.08938147342925479,0.7273375,0.21820124999999999,Normal,Normal,0.272663,LOW
3017,0.0,0.13475030598674337,0.3178875,0.09536625,Normal,Normal,0.682113,MEDIUM
3018,0.0,0.1270752060079957,0.42025,0.126075,Normal,Normal,0.57975,MEDIUM
3019,0.0,0.12878504111669486,0.40013750000000003,0.12004125,Normal,Normal,0.599862,MEDIUM
3020,0.99,0.11104347037358481,0.5847249999999999,0.8684175,Restart Task,Restart Task,0.594725,MEDIUM
3021,0.0,0.13706340041162568,0.28136249999999996,0.08440874999999999,Normal,Normal,0.718638,MEDIUM
3022,1.0,0.032905307392138705,0.9141375,0.97424125,Restart Task,Restart Task,0.914138,HIGH
3023,1.0,0.0927474291430091,0.7097375,0.9129212499999999,Restart Task,Restart Task,0.709738,MEDIUM
3024,0.0,0.040838615883831086,0.8970875,0.26912625,Normal,Normal,0.102912,LOW
3025,0.0,0.12553759686890492,0.4394125,0.13182375,Normal,Normal,0.560588,MEDIUM
3026,0.0,0.11484723557870041,0.551675,0.1655025,Normal,Normal,0.448325,LOW
3027,0.0,0.13872471427678212,0.25341250000000004,0.07602375000000001,Normal,Normal,0.746587,MEDIUM
3028,1.0,-0.06830921009465019,0.9823375,0.9947012499999999,Restart Task,Restart Task,0.982337,HIGH
3029,0.0,0.10929003095587381,0.5995125,0.17985375,Normal,Normal,0.400487,LOW
3030,0.0,0.13912934813607875,0.2473375,0.07420125,Normal,Normal,0.752663,MEDIUM
3031,0.0,0.12189869718848917,0.48065,0.144195,Normal,Normal,0.51935,LOW
3032,0.005,0.11985010213559627,0.5022875,0.15418625,Normal,Normal,0.502713,LOW
3033,0.005,0.060888705530834364,0.844575,0.2568725,Normal,Normal,0.160425,LOW
3034,0.0,0.09964678963232726,0.668025,0.2004075,Normal,Normal,0.331975,LOW
3035,1.0,0.12870698962153737,0.40102499999999996,0.8203075,Restart Task,Restart Task,0.401025,LOW
3036,0.005,-0.07878250370398643,0.986775,0.2995325,Normal,Normal,0.018225,LOW
3037,1.0,0.05373926060817408,0.8666625,0.95999875,Restart Task,Restart Task,0.866663,HIGH
3038,1.0,0.13424019959286787,0.32565,0.7976949999999999,Restart Task,Restart Task,0.32565,LOW
3039,0.02,0.10949696301710377,0.597575,0.19327249999999996,Normal,Normal,0.422425,LOW
3040,1.0,-0.04167896843571073,0.9702875,0.99108625,Restart Task,Restart Task,0.970287,HIGH
3041,0.0,0.05484775366177547,0.8631125,0.25893374999999996,Normal,Normal,0.136888,LOW
3042,0.0,0.11451806675332121,0.5544625000000001,0.16633875,Normal,Normal,0.445537,LOW
3043,0.0,0.13592808189229472,0.30046249999999997,0.09013874999999999,Normal,Normal,0.699538,MEDIUM
3044,0.0,0.07139741839943115,0.8039625,0.24118875,Normal,Normal,0.196037,LOW
3045,0.0,-0.06770614292127652,0.9817375,0.29452125,Normal,Normal,0.018262,LOW
3046,0.005,0.0845837555556469,0.750675,0.22870249999999998,Normal,Normal,0.254325,LOW
3047,0.0,-0.09067021156517463,0.9901,0.29702999999999996,Normal,Normal,0.0099,LOW
3048,0.0,0.1270240549061757,0.42090000000000005,0.12627000000000002,Normal,Normal,0.5791,MEDIUM
3049,0.0,0.10730401433526271,0.614725,0.18441749999999998,Normal,Normal,0.385275,LOW
3050,0.0,0.12776241858313953,0.411825,0.12354749999999999,Normal,Normal,0.588175,MEDIUM
3051,0.0,0.10173504169493863,0.6535,0.19604999999999997,Normal,Normal,0.3465,LOW
3052,0.0,0.03694516775401491,0.904775,0.27143249999999997,Normal,Normal,0.095225,LOW
3053,1.0,0.09323853058108861,0.7070875,0.9121262499999999,Restart Task,Restart Task,0.707087,MEDIUM
3054,0.0,0.13335174340796552,0.3382625,0.10147875,Normal,Normal,0.661737,MEDIUM
3055,0.025,0.03626561728997135,0.9061625,0.28934875,Normal,Normal,0.118838,LOW
3056,1.0,0.033453285317996184,0.9127875,0.97383625,Restart Task,Restart Task,0.912787,HIGH
3057,0.0,-0.13709765081470948,0.9955125,0.29865375,Normal,Normal,0.004487,LOW
3058,0.0,0.13745614995781613,0.27435,0.08230499999999999,Normal,Normal,0.72565,MEDIUM
3059,1.0,0.09011880059959226,0.723725,0.9171174999999999,Restart Task,Restart Task,0.723725,MEDIUM
3060,1.0,0.11501179147985163,0.55055,0.865165,Restart Task,Restart Task,0.55055,MEDIUM
3061,0.01,0.10208251944838603,0.6513125,0.20239374999999998,Normal,Normal,0.358688,LOW
3062,0.0,0.12926887003614435,0.3941125,0.11823374999999998,Normal,Normal,0.605888,MEDIUM
3063,0.0,0.11874856706987558,0.51315,0.153945,Normal,Normal,0.48685,LOW
3064,0.0,0.10203362226427887,0.651525,0.1954575,Normal,Normal,0.348475,LOW
3065,0.0,0.10877315127631737,0.6038749999999999,0.18116249999999998,Normal,Normal,0.396125,LOW
3066,0.0,0.0678044064463843,0.8188375,0.24565125,Normal,Normal,0.181163,LOW
3067,0.0,0.13251479521933834,0.35038749999999996,0.10511624999999998,Normal,Normal,0.649613,MEDIUM
3068,0.0,0.08701136060037323,0.739025,0.2217075,Normal,Normal,0.260975,LOW
3069,0.0,0.04392794945549866,0.8901875,0.26705625,Normal,Normal,0.109812,LOW
3070,0.0,0.13156109344829353,0.3638125,0.10914375,Normal,Normal,0.636188,MEDIUM
3071,0.0,0.14286743247877182,0.18167500000000003,0.05450250000000001,Normal,Normal,0.818325,HIGH
3072,0.0,0.0766924290243271,0.7832875,0.23498625,Normal,Normal,0.216712,LOW
3073,1.0,0.13125692414554502,0.36812500000000004,0.8104374999999999,Restart Task,Restart Task,0.368125,LOW
3074,0.01,0.08552054256277719,0.746625,0.23098749999999998,Normal,Normal,0.263375,LOW
3075,0.0,0.03996833648849951,0.8986625,0.26959875,Normal,Normal,0.101337,LOW
3076,0.0,0.10076814202820544,0.6602875,0.19808625,Normal,Normal,0.339712,LOW
3077,0.01,0.0439201081525698,0.8902125,0.27406375,Normal,Normal,0.119788,LOW
3078,0.0,0.13238561966876627,0.35214999999999996,0.10564499999999999,Normal,Normal,0.64785,MEDIUM
3079,0.0,0.09383326131482966,0.703425,0.21102749999999998,Normal,Normal,0.296575,LOW
3080,1.0,0.09528834859253021,0.6953875,0.9086162499999999,Restart Task,Restart Task,0.695388,MEDIUM
3081,1.0,0.1490193307369927,0.07948750000000004,0.72384625,Restart Task,Restart Task,0.079488,LOW
3082,0.99,0.0642005333305129,0.83235,0.9427049999999999,Restart Task,Restart Task,0.84235,HIGH
3083,0.0,0.12279203958889762,0.47116250000000004,0.14134875,Normal,Normal,0.528837,LOW
3084,1.0,0.06684709367535074,0.822525,0.9467574999999999,Restart Task,Restart Task,0.822525,HIGH
3085,0.0,0.13176558676843036,0.36129999999999995,0.10838999999999999,Normal,Normal,0.6387,MEDIUM
3086,0.005,0.12665317037026463,0.42571250000000005,0.13121375000000002,Normal,Normal,0.579287,MEDIUM
3087,0.0,0.13760927362947967,0.27215,0.081645,Normal,Normal,0.72785,MEDIUM
3088,1.0,0.07303083972085017,0.797575,0.9392725,Restart Task,Restart Task,0.797575,MEDIUM
3089,0.995,0.10298188007544151,0.6453875,0.8901162499999999,Restart Task,Restart Task,0.650388,MEDIUM
3090,0.0,0.13235325228119016,0.35268750000000004,0.10580625,Normal,Normal,0.647312,MEDIUM
3091,0.0,0.10901073541959633,0.601775,0.18053249999999998,Normal,Normal,0.398225,LOW
3092,0.995,0.1235769602158191,0.4620875,0.83512625,Restart Task,Restart Task,0.467087,LOW
3093,0.0,0.06510670836742305,0.829,0.24869999999999998,Normal,Normal,0.171,LOW
3094,0.0,0.10362579301052988,0.6408625,0.19225875,Normal,Normal,0.359137,LOW
3095,0.0,0.08695547535881071,0.7393125,0.22179375,Normal,Normal,0.260687,LOW
3096,0.0,0.05400148709754621,0.8658875,0.25976625,Normal,Normal,0.134112,LOW
3097,0.0,0.1373950308871249,0.27545,0.08263499999999999,Normal,Normal,0.72455,MEDIUM
3098,0.0,-0.06680906072638104,0.9809625,0.29428875,Normal,Normal,0.019038,LOW
3099,0.0,0.04689169409836841,0.8835375,0.26506124999999997,Normal,Normal,0.116463,LOW
3100,0.0,0.1094565701728456,0.5978125000000001,0.17934375000000002,Normal,Normal,0.402187,LOW
3101,0.0,0.127977885503141,0.40964999999999996,0.12289499999999998,Normal,Normal,0.59035,MEDIUM
3102,1.0,0.0023144589740109467,0.9487875,0.9846362499999999,Restart Task,Restart Task,0.948788,HIGH
3103,0.05,0.10751171555756894,0.6132124999999999,0.21896374999999998,Normal,Normal,0.436788,LOW
3104,0.985,0.04904155055050469,0.87875,0.953125,Restart Task,Restart Task,0.89375,HIGH
3105,0.0,-0.02973072628299589,0.9661,0.28983,Normal,Normal,0.0339,LOW
3106,0.0,0.1372241224848258,0.27861250000000004,0.08358375000000001,Normal,Normal,0.721387,MEDIUM
3107,0.0,0.11211226486162024,0.575925,0.1727775,Normal,Normal,0.424075,LOW
3108,0.0,0.12724482701096462,0.41800000000000004,0.1254,Normal,Normal,0.582,MEDIUM
3109,1.0,0.142942421356198,0.1805,0.75415,Restart Task,Restart Task,0.1805,LOW
3110,0.0,0.11027867196659086,0.5909625000000001,0.17728875000000002,Normal,Normal,0.409037,LOW
3111,0.0,0.05952246937741368,0.848925,0.2546775,Normal,Normal,0.151075,LOW
3112,0.015,0.0995721342340421,0.6685625,0.21106875,Normal,Normal,0.346438,LOW
3113,0.0,0.08753518322390202,0.7361375,0.22084125,Normal,Normal,0.263862,LOW
3114,0.0,0.15264758663415579,0.04777500000000001,0.014332500000000003,Normal,Normal,0.952225,HIGH
3115,0.015,0.10656474926814358,0.6202125,0.19656375,Normal,Normal,0.394787,LOW
3116,0.0,-0.03594600823546812,0.96865,0.290595,Normal,Normal,0.03135,LOW
3117,0.99,0.13383846330546384,0.33104999999999996,0.7923149999999999,Restart Task,Restart Task,0.34105,LOW
3118,0.0,0.10173504169493863,0.6535,0.19604999999999997,Normal,Normal,0.3465,LOW
3119,0.0,0.04334064971631513,0.8916125,0.26748375,Normal,Normal,0.108387,LOW
3120,0.995,0.11150743330416824,0.5810375,0.87081125,Restart Task,Restart Task,0.586037,MEDIUM
3121,0.0,0.0797473259100756,0.7705875,0.23117624999999997,Normal,Normal,0.229413,LOW
3122,0.035,0.003053568653557215,0.9484125,0.30902375,Scale Resources,Scale Resources,0.086588,LOW
3123,0.0,0.13523209516859114,0.31043750000000003,0.09313125000000001,Normal,Normal,0.689562,MEDIUM
3124,1.0,0.023432097307426236,0.9289625,0.9786887499999999,Restart Task,Restart Task,0.928963,HIGH
3125,0.0,0.1159876092129053,0.5413375,0.16240125,Normal,Normal,0.458662,LOW
3126,0.0,0.13214468486789388,0.3556625,0.10669875,Normal,Normal,0.644338,MEDIUM
3127,0.0,0.13934743040334768,0.24382499999999996,0.07314749999999999,Normal,Normal,0.756175,MEDIUM
3128,0.0,0.07130233151720033,0.804325,0.24129749999999997,Normal,Normal,0.195675,LOW
3129,0.01,0.09117777068809158,0.7182124999999999,0.22246375,Normal,Normal,0.291788,LOW
3130,0.0,0.1369575982561828,0.282825,0.08484749999999999,Normal,Normal,0.717175,MEDIUM
3131,0.0,0.13355196882085546,0.335375,0.1006125,Normal,Normal,0.664625,MEDIUM
3132,0.0,0.14575188710523557,0.12916249999999996,0.038748749999999985,Normal,Normal,0.870838,HIGH
3133,0.0,0.12721822672589245,0.41825,0.125475,Normal,Normal,0.58175,MEDIUM
3134,1.0,0.018883249684187642,0.9345375,0.98036125,Restart Task,Restart Task,0.934538,HIGH
3135,0.0,0.09839882415771384,0.6763375,0.20290125,Normal,Normal,0.323662,LOW
3136,0.0,0.13981137859074438,0.2360875,0.07082625,Normal,Normal,0.763912,MEDIUM
3137,0.965,0.038066978568024545,0.9024375,0.94623125,Restart Task,Restart Task,0.937438,HIGH
3138,0.0,0.1007286594599125,0.6605375,0.19816124999999998,Normal,Normal,0.339463,LOW
3139,0.0,0.14151389451592394,0.2080375,0.062411249999999995,Normal,Normal,0.791963,MEDIUM
3140,0.0,0.12894487368127105,0.3979625,0.11938874999999999,Normal,Normal,0.602038,MEDIUM
3141,0.0,0.10047452937195428,0.6623749999999999,0.1987125,Normal,Normal,0.337625,LOW
3142,0.0,0.12745956138738518,0.4156375,0.12469124999999999,Normal,Normal,0.584363,MEDIUM
3143,0.0,0.12212627981603996,0.478375,0.1435125,Normal,Normal,0.521625,LOW
3144,0.99,0.1314268567219642,0.36602500000000004,0.8028075,Restart Task,Restart Task,0.376025,LOW
3145,0.0,0.05397416739632671,0.8659875,0.25979625,Normal,Normal,0.134012,LOW
3146,0.0,0.07116458755573513,0.804925,0.24147749999999998,Normal,Normal,0.195075,LOW
3147,0.0,0.11692969244300211,0.532525,0.1597575,Normal,Normal,0.467475,LOW
3148,0.0,0.07694215598023202,0.782275,0.23468250000000002,Normal,Normal,0.217725,LOW
3149,0.0,0.08602423078139648,0.7442625,0.22327875,Normal,Normal,0.255737,LOW
3150,0.0,0.12387580944323712,0.45845,0.137535,Normal,Normal,0.54155,LOW
3151,0.0,0.1319611668917846,0.35868750000000005,0.10760625000000001,Normal,Normal,0.641312,MEDIUM
3152,0.0,0.13308907022760796,0.3419875,0.10259625,Normal,Normal,0.658013,MEDIUM
3153,0.0,0.13938923668762931,0.24302500000000005,0.07290750000000001,Normal,Normal,0.756975,MEDIUM
3154,0.0,0.15187475219707702,0.05449999999999999,0.016349999999999996,Normal,Normal,0.9455,HIGH
3155,0.1,0.0790170317735831,0.7735,0.30205,Scale Resources,Scale Resources,0.3265,LOW
3156,1.0,0.10072056512873223,0.6606125,0.89818375,Restart Task,Restart Task,0.660613,MEDIUM
3157,0.0,0.11606055413408467,0.5408,0.16223999999999997,Normal,Normal,0.4592,LOW
3158,0.0,0.04154710446429011,0.89555,0.268665,Normal,Normal,0.10445,LOW
3159,0.0,0.05758006295062851,0.8548125,0.25644374999999997,Normal,Normal,0.145188,LOW
3160,0.995,0.14346237608508777,0.17079999999999995,0.74774,Restart Task,Restart Task,0.1758,LOW
3161,0.0,0.13655033081295437,0.29022499999999996,0.08706749999999998,Normal,Normal,0.709775,MEDIUM
3162,0.0,0.13617972967113978,0.2966,0.08897999999999999,Normal,Normal,0.7034,MEDIUM
3163,0.0,0.12057685553399983,0.49505,0.14851499999999998,Normal,Normal,0.50495,LOW
3164,1.0,-0.01318304474837706,0.958225,0.9874674999999999,Restart Task,Restart Task,0.958225,HIGH
3165,0.0,0.11098827951115298,0.584975,0.1754925,Normal,Normal,0.415025,LOW
3166,0.0,0.10296573163926492,0.6454875,0.19364625,Normal,Normal,0.354513,LOW
3167,0.0,-0.06068890275888983,0.974175,0.29225249999999997,Normal,Normal,0.025825,LOW
3168,1.0,0.12018428099285516,0.4991875,0.84975625,Restart Task,Restart Task,0.499188,LOW
3169,0.005,0.1377641275359433,0.26978749999999996,0.08443624999999999,Normal,Normal,0.735213,MEDIUM
3170,1.0,-0.012154332816979085,0.957275,0.9871825,Restart Task,Restart Task,0.957275,HIGH
3171,0.0,0.1015493173057101,0.6547875000000001,0.19643625,Normal,Normal,0.345212,LOW
3172,1.0,0.11834582044930375,0.5179,0.85537,Restart Task,Restart Task,0.5179,LOW
3173,0.12,0.12923919035336962,0.394525,0.2023575,Normal,Normal,0.725475,MEDIUM
3174,0.0,0.09806298664590296,0.6784625,0.20353875,Normal,Normal,0.321538,LOW
3175,0.0,0.11187574875687778,0.578225,0.1734675,Normal,Normal,0.421775,LOW
3176,0.29,0.1470890082823017,0.1079,0.23536999999999997,Normal,Normal,0.8179,HIGH
3177,1.0,0.1212022461275104,0.48836250000000003,0.8465087499999999,Restart Task,Restart Task,0.488363,LOW
3178,0.0,0.13211539344882817,0.35621250000000004,0.10686375000000001,Normal,Normal,0.643787,MEDIUM
3179,0.0,0.10858669001916005,0.6056,0.18168,Normal,Normal,0.3944,LOW
3180,1.0,0.10228778436330244,0.6499874999999999,0.8949962499999999,Restart Task,Restart Task,0.649987,MEDIUM
3181,0.0,0.1322781792060091,0.35368750000000004,0.10610625000000001,Normal,Normal,0.646312,MEDIUM
3182,1.0,0.13718524113615005,0.2794875,0.78384625,Restart Task,Restart Task,0.279487,LOW
3183,0.0,0.0906635451242565,0.7209125000000001,0.21627375000000001,Normal,Normal,0.279087,LOW
3184,0.005,0.13040690363303203,0.37927500000000003,0.11728250000000001,Normal,Normal,0.625725,MEDIUM
3185,0.005,0.110367933318188,0.5902499999999999,0.18057499999999999,Normal,Normal,0.41475,LOW
3186,0.015,0.1407001240051442,0.22158750000000005,0.07697625000000001,Normal,Normal,0.793412,MEDIUM
3187,0.0,0.11479993185168341,0.5520375,0.16561125,Normal,Normal,0.447963,LOW
3188,0.0,0.14325553679320074,0.17472500000000002,0.052417500000000006,Normal,Normal,0.825275,HIGH
3189,0.0,0.13745614995781613,0.27435,0.08230499999999999,Normal,Normal,0.72565,MEDIUM
3190,0.0,0.042555175730217276,0.8934625,0.26803875,Normal,Normal,0.106537,LOW
3191,0.0,-0.00993527475122935,0.9556125,0.28668374999999996,Normal,Normal,0.044388,LOW
3192,0.0,0.12098193668806317,0.4907125,0.14721375,Normal,Normal,0.509288,LOW
3193,0.0,0.04587359864878454,0.886,0.2658,Normal,Normal,0.114,LOW
3194,0.0,0.1226644045524623,0.47267499999999996,0.14180249999999997,Normal,Normal,0.527325,LOW
3195,0.0,0.11265076630767368,0.5713874999999999,0.17141624999999996,Normal,Normal,0.428613,LOW
3196,0.0,0.1430513946245514,0.17855,0.053564999999999995,Normal,Normal,0.82145,HIGH
3197,0.0,0.11152011773894,0.5809875,0.17429624999999999,Normal,Normal,0.419013,LOW
3198,0.0,0.12941577459963638,0.3921375,0.11764125,Normal,Normal,0.607862,MEDIUM
3199,1.0,0.12510196540427837,0.4445125,0.8333537499999999,Restart Task,Restart Task,0.444512,LOW
3200,0.0,0.08428088372637971,0.7520875,0.22562625,Normal,Normal,0.247912,LOW
3201,0.0,0.11748297047969858,0.5271,0.15813,Normal,Normal,0.4729,LOW
3202,0.0,0.12649828309087524,0.4275,0.12825,Normal,Normal,0.5725,MEDIUM
3203,0.0,0.14669785789020523,0.11422500000000002,0.034267500000000006,Normal,Normal,0.885775,HIGH
3204,0.0,0.13676625702438355,0.28612499999999996,0.08583749999999998,Normal,Normal,0.713875,MEDIUM
3205,1.0,0.12202351281736845,0.479375,0.8438125,Restart Task,Restart Task,0.479375,LOW
3206,0.0,0.1370996008954632,0.2808125,0.08424375,Normal,Normal,0.719187,MEDIUM
3207,0.01,-0.016912911989540813,0.960725,0.2952175,Normal,Normal,0.049275,LOW
3208,0.0,0.10864196857839031,0.6050375,0.18151124999999999,Normal,Normal,0.394962,LOW
3209,1.0,0.11396649011417909,0.5594875,0.8678462499999999,Restart Task,Restart Task,0.559488,MEDIUM
3210,0.0,0.13690991421978704,0.28356250000000005,0.08506875000000001,Normal,Normal,0.716437,MEDIUM
3211,0.04,0.09949648205376715,0.669025,0.22870749999999998,Normal,Normal,0.370975,LOW
3212,0.0,0.10158578633806536,0.6545000000000001,0.19635000000000002,Normal,Normal,0.3455,LOW
3213,0.0,0.11525467546047125,0.5484875,0.16454625,Normal,Normal,0.451512,LOW
3214,0.0,0.0872512149306191,0.7375625,0.22126875,Normal,Normal,0.262437,LOW
3215,1.0,0.08688313388984054,0.7396750000000001,0.9219025,Restart Task,Restart Task,0.739675,MEDIUM
3216,0.0,0.11403899616221291,0.558875,0.1676625,Normal,Normal,0.441125,LOW
3217,0.0,0.12932823726075227,0.39341250000000005,0.11802375000000001,Normal,Normal,0.606587,MEDIUM
3218,0.0,0.089836260179264,0.725075,0.2175225,Normal,Normal,0.274925,LOW
3219,0.0,0.01663353513820831,0.9371375,0.28114124999999995,Normal,Normal,0.062863,LOW
3220,0.0,0.11268576286519622,0.571125,0.1713375,Normal,Normal,0.428875,LOW
3221,0.0,0.08919514534090384,0.7282625,0.21847875,Normal,Normal,0.271737,LOW
3222,0.0,0.10211210463507975,0.6510875,0.19532625,Normal,Normal,0.348912,LOW
3223,0.0,0.04917049240662347,0.8783125,0.26349375,Normal,Normal,0.121687,LOW
3224,0.995,0.14130788080030887,0.21191249999999995,0.76007375,Restart Task,Restart Task,0.216912,LOW
3225,0.0,0.1257314384860313,0.436925,0.13107749999999999,Normal,Normal,0.563075,MEDIUM
3226,0.0,0.12633930509346603,0.4296,0.12888,Normal,Normal,0.5704,MEDIUM
3227,0.0,0.14321928314636923,0.17541249999999997,0.05262374999999999,Normal,Normal,0.824588,HIGH
3228,0.0,0.07742046893912086,0.780275,0.2340825,Normal,Normal,0.219725,LOW
3229,0.0,0.12731671957434176,0.41715,0.125145,Normal,Normal,0.58285,MEDIUM
3230,0.0,0.060846658204481596,0.8446625,0.25339875,Normal,Normal,0.155338,LOW
3231,0.0,0.12742168834831086,0.41605000000000003,0.12481500000000001,Normal,Normal,0.58395,MEDIUM
3232,0.005,0.12604457128986074,0.43286250000000004,0.13335875,Normal,Normal,0.572137,MEDIUM
3233,0.0,0.1384057931945636,0.258375,0.0775125,Normal,Normal,0.741625,MEDIUM
3234,0.0,0.04405997969116249,0.8898874999999999,0.26696624999999996,Normal,Normal,0.110113,LOW
3235,0.0,0.1346936152887906,0.31889999999999996,0.09566999999999999,Normal,Normal,0.6811,MEDIUM
3236,0.0,0.05884001768582742,0.850975,0.2552925,Normal,Normal,0.149025,LOW
3237,1.0,0.13058511972505948,0.37697499999999995,0.8130925,Restart Task,Restart Task,0.376975,LOW
3238,0.005,0.13781570984762231,0.2688625,0.08415875,Normal,Normal,0.736138,MEDIUM
3239,0.0,0.14271399169440113,0.18466249999999995,0.05539874999999998,Normal,Normal,0.815338,HIGH
3240,0.0,0.11192682390234693,0.5777875,0.17333625,Normal,Normal,0.422212,LOW
3241,0.0,0.10395206796927081,0.6386875000000001,0.19160625,Normal,Normal,0.361312,LOW
3242,0.0,0.08829199757741424,0.7319249999999999,0.21957749999999998,Normal,Normal,0.268075,LOW
3243,1.0,0.075852706929944,0.7866124999999999,0.9359837499999999,Restart Task,Restart Task,0.786612,MEDIUM
3244,1.0,0.12371224863245522,0.4602625,0.83807875,Restart Task,Restart Task,0.460263,LOW
3245,1.0,0.10053824291309033,0.6619375000000001,0.89858125,Restart Task,Restart Task,0.661938,MEDIUM
3246,0.035,0.10213616128550812,0.6509750000000001,0.2197925,Normal,Normal,0.384025,LOW
3247,0.0,0.08991745163124021,0.7246125,0.21738375,Normal,Normal,0.275388,LOW
3248,0.0,0.07709208839462722,0.781575,0.2344725,Normal,Normal,0.218425,LOW
3249,0.0,0.1455485531789571,0.13353749999999998,0.04006124999999999,Normal,Normal,0.866463,HIGH
3250,0.02,0.08201255939361307,0.7614,0.24241999999999997,Normal,Normal,0.2586,LOW
3251,1.0,0.08570128797327753,0.7457750000000001,0.9237325,Restart Task,Restart Task,0.745775,MEDIUM
3252,0.0,0.010470326927171314,0.942425,0.28272749999999996,Normal,Normal,0.057575,LOW
3253,0.0,0.13683754346090665,0.28466250000000004,0.08539875000000001,Normal,Normal,0.715337,MEDIUM
3254,1.0,0.019688679527825714,0.9335625,0.9800687499999999,Restart Task,Restart Task,0.933562,HIGH
3255,0.0,0.12793166949324408,0.41013750000000004,0.12304125,Normal,Normal,0.589862,MEDIUM
3256,0.005,0.11321042067970205,0.565825,0.1732475,Normal,Normal,0.439175,LOW
3257,0.0,0.12936914536346517,0.39268749999999997,0.11780624999999999,Normal,Normal,0.607313,MEDIUM
3258,0.0,0.10898056441618248,0.6020125000000001,0.18060375,Normal,Normal,0.397987,LOW
3259,0.0,-0.10610584251456556,0.9931375,0.29794125,Normal,Normal,0.006862,LOW
3260,0.0,0.12561976208426828,0.4383625,0.13150874999999998,Normal,Normal,0.561638,MEDIUM
3261,0.0,0.09583960093084187,0.69255,0.207765,Normal,Normal,0.30745,LOW
3262,0.0,0.13331617309434896,0.33891249999999995,0.10167374999999998,Normal,Normal,0.661088,MEDIUM
3263,0.0,0.09790675777139207,0.6796,0.20387999999999998,Normal,Normal,0.3204,LOW
3264,1.0,0.12345753219360256,0.46338749999999995,0.8390162499999999,Restart Task,Restart Task,0.463387,LOW
3265,0.0,0.11470457212941554,0.552825,0.1658475,Normal,Normal,0.447175,LOW
3266,0.005,0.027537260589755475,0.9235,0.28054999999999997,Normal,Normal,0.0815,LOW
3267,0.005,0.08528275701251553,0.7474375,0.22773125,Normal,Normal,0.257563,LOW
3268,0.995,0.14748985311676743,0.10096249999999996,0.72678875,Restart Task,Restart Task,0.105962,LOW
3269,0.0,-0.011856753344227977,0.9570875,0.28712624999999997,Normal,Normal,0.042913,LOW
3270,0.0,0.11769928983354627,0.5248875,0.15746624999999997,Normal,Normal,0.475113,LOW
3271,0.0,0.13211539344882817,0.35621250000000004,0.10686375000000001,Normal,Normal,0.643787,MEDIUM
3272,0.0,0.11879053576821647,0.512875,0.15386249999999999,Normal,Normal,0.487125,LOW
3273,1.0,0.12226436803333435,0.4769375,0.84308125,Restart Task,Restart Task,0.476938,LOW
3274,0.965,0.1383502995552911,0.2590875,0.75322625,Restart Task,Restart Task,0.294088,LOW
3275,1.0,0.0015788055195052886,0.949225,0.9847675,Restart Task,Restart Task,0.949225,HIGH
3276,1.0,0.07012029712537315,0.8099000000000001,0.94297,Restart Task,Restart Task,0.8099,HIGH
3277,0.0,0.09665861046333302,0.6874125,0.20622374999999998,Normal,Normal,0.312588,LOW
3278,0.0,0.1218120438904543,0.48167499999999996,0.14450249999999998,Normal,Normal,0.518325,LOW
3279,0.0,0.14556738047215068,0.1331,0.03993,Normal,Normal,0.8669,HIGH
3280,0.0,0.02998798275732839,0.9197375,0.27592125,Normal,Normal,0.080263,LOW
3281,0.0,0.13644467449424785,0.2919625,0.08758875,Normal,Normal,0.708037,MEDIUM
3282,0.005,0.10713048841955075,0.6165125,0.18845375,Normal,Normal,0.388487,LOW
3283,0.98,0.054802011276250895,0.863275,0.9449825,Restart Task,Restart Task,0.883275,HIGH
3284,0.0,0.0016815217559230655,0.9491375,0.28474125,Normal,Normal,0.050863,LOW
3285,0.0,0.07139129603082689,0.803975,0.24119249999999998,Normal,Normal,0.196025,LOW
3286,0.0,0.13474031202786602,0.31813749999999996,0.09544124999999999,Normal,Normal,0.681863,MEDIUM
3287,0.0,0.14674224132328906,0.11362499999999998,0.03408749999999999,Normal,Normal,0.886375,HIGH
3288,0.0,0.10862529810328081,0.6051875,0.18155625,Normal,Normal,0.394813,LOW
3289,0.135,0.029131874087526155,0.9211374999999999,0.37084125,Scale Resources,Scale Resources,0.213863,LOW
3290,0.99,0.06419227650075626,0.8324,0.94272,Restart Task,Restart Task,0.8424,HIGH
3291,0.0,0.11256904252917949,0.5721125,0.17163375,Normal,Normal,0.427887,LOW
3292,0.0,0.06710989595385297,0.821625,0.2464875,Normal,Normal,0.178375,LOW
3293,0.0,0.14298671786297856,0.17976250000000005,0.05392875000000001,Normal,Normal,0.820237,HIGH
3294,0.0,0.12408089907795378,0.45628749999999996,0.13688625,Normal,Normal,0.543713,LOW
3295,0.0,0.13510010072940848,0.31233750000000005,0.09370125000000001,Normal,Normal,0.687662,MEDIUM
3296,0.0,0.1252960680753023,0.442125,0.1326375,Normal,Normal,0.557875,MEDIUM
3297,1.0,0.14121893636759714,0.2134125,0.76402375,Restart Task,Restart Task,0.213413,LOW
3298,0.0,0.08150210705506633,0.763625,0.2290875,Normal,Normal,0.236375,LOW
3299,0.0,0.0902997974860073,0.722925,0.2168775,Normal,Normal,0.277075,LOW
3300,0.0,0.06415308819299409,0.832525,0.24975749999999997,Normal,Normal,0.167475,LOW
3301,0.0,0.05667508247561648,0.8575125,0.25725375,Normal,Normal,0.142487,LOW
3302,0.0,0.07631905053266563,0.784825,0.23544749999999998,Normal,Normal,0.215175,LOW
3303,0.0,0.08960640113514229,0.726325,0.2178975,Normal,Normal,0.273675,LOW
3304,0.0,0.06615570683243321,0.8249,0.24746999999999997,Normal,Normal,0.1751,LOW
3305,0.0,0.1526188550470441,0.047937499999999966,0.01438124999999999,Normal,Normal,0.952063,HIGH
3306,0.0,0.11390763485600719,0.560025,0.1680075,Normal,Normal,0.439975,LOW
3307,0.0,0.10712657728589703,0.6165375,0.18496125,Normal,Normal,0.383463,LOW
3308,0.0,0.13317068294330553,0.3409,0.10226999999999999,Normal,Normal,0.6591,MEDIUM
3309,0.0,0.13144308696826607,0.36578750000000004,0.10973625000000001,Normal,Normal,0.634212,MEDIUM
3310,1.0,0.12069045413813095,0.49372499999999997,0.8481175,Restart Task,Restart Task,0.493725,LOW
3311,1.0,0.12870698962153737,0.40102499999999996,0.8203075,Restart Task,Restart Task,0.401025,LOW
3312,0.0,0.13192474369982338,0.35906249999999995,0.10771874999999999,Normal,Normal,0.640938,MEDIUM
3313,0.005,0.1422386354297212,0.19404999999999994,0.06171499999999998,Normal,Normal,0.81095,HIGH
3314,0.995,0.14174800229625995,0.20365,0.757595,Restart Task,Restart Task,0.20865,LOW
3315,0.0,0.07489346860298807,0.790225,0.2370675,Normal,Normal,0.209775,LOW
3316,0.0,0.1051318328551083,0.6308625,0.18925875,Normal,Normal,0.369138,LOW
3317,0.0,0.14223956238213237,0.194025,0.058207499999999995,Normal,Normal,0.805975,HIGH
3318,0.0,0.051809063683319834,0.872025,0.2616075,Normal,Normal,0.127975,LOW
3319,1.0,-0.06609661684440393,0.9803,0.9940899999999999,Restart Task,Restart Task,0.9803,HIGH
3320,0.995,0.06344629138751318,0.8351875,0.9470562499999999,Restart Task,Restart Task,0.840187,HIGH
3321,0.0,0.1385652830215705,0.2558,0.07674,Normal,Normal,0.7442,MEDIUM
3322,0.98,0.057611717360249726,0.854725,0.9424174999999999,Restart Task,Restart Task,0.874725,HIGH
3323,0.0,0.13284496207596275,0.34552499999999997,0.10365749999999999,Normal,Normal,0.654475,MEDIUM
3324,0.0,0.12762095544874474,0.41366250000000004,0.12409875000000001,Normal,Normal,0.586337,MEDIUM
3325,0.0,0.12273160223810292,0.47187500000000004,0.1415625,Normal,Normal,0.528125,LOW
3326,0.0,0.10487086860931732,0.6327125,0.18981375,Normal,Normal,0.367287,LOW
3327,0.995,0.14450960560346016,0.1514875,0.74194625,Restart Task,Restart Task,0.156488,LOW
3328,0.0,-0.0676448319466596,0.9817125,0.29451374999999996,Normal,Normal,0.018288,LOW
3329,0.0,0.12319836417175062,0.4666125,0.13998375,Normal,Normal,0.533388,LOW
3330,0.98,0.1359293674073116,0.30045,0.7761349999999999,Restart Task,Restart Task,0.32045,LOW
3331,0.0,0.01663353513820831,0.9371375,0.28114124999999995,Normal,Normal,0.062863,LOW
3332,0.0,0.12437565603463807,0.4528875,0.13586625,Normal,Normal,0.547113,LOW
3333,0.0,0.14298671786297856,0.17976250000000005,0.05392875000000001,Normal,Normal,0.820237,HIGH
3334,0.0,0.15278942637484844,0.046599999999999975,0.013979999999999992,Normal,Normal,0.9534,HIGH
3335,1.0,-0.05692727702459688,0.9735875,0.99207625,Restart Task,Restart Task,0.973588,HIGH
3336,1.0,0.08925016373709566,0.72805,0.918415,Restart Task,Restart Task,0.72805,MEDIUM
3337,0.0,-0.06739324488145193,0.9814875,0.29444624999999996,Normal,Normal,0.018513,LOW
3338,0.0,0.11797959266013153,0.5215125,0.15645375,Normal,Normal,0.478487,LOW
3339,0.0,0.12614256715890965,0.43191250000000003,0.12957375000000002,Normal,Normal,0.568087,MEDIUM
3340,0.0,0.09924234613836358,0.6706125000000001,0.20118375000000002,Normal,Normal,0.329387,LOW
3341,1.0,0.1212022461275104,0.48836250000000003,0.8465087499999999,Restart Task,Restart Task,0.488363,LOW
3342,0.0,0.11769731295679947,0.524925,0.1574775,Normal,Normal,0.475075,LOW
3343,0.0,0.1265444331568666,0.4270625,0.12811875,Normal,Normal,0.572937,MEDIUM
3344,0.0,0.0355573480365865,0.9076375,0.27229125,Normal,Normal,0.092363,LOW
3345,0.0,0.11585017898068356,0.542825,0.1628475,Normal,Normal,0.457175,LOW
3346,0.0,0.12523242948015417,0.44301250000000003,0.13290375000000001,Normal,Normal,0.556987,MEDIUM
3347,0.0,0.06028775042260487,0.8463499999999999,0.253905,Normal,Normal,0.15365,LOW
3348,1.0,0.114395926712273,0.555625,0.8666874999999999,Restart Task,Restart Task,0.555625,MEDIUM
3349,0.0,0.06154760620768657,0.8424,0.25272,Normal,Normal,0.1576,LOW
3350,0.0,0.1197401635670357,0.50345,0.15103499999999997,Normal,Normal,0.49655,LOW
3351,0.05,0.12821115388996235,0.40674999999999994,0.15702499999999997,Normal,Normal,0.64325,MEDIUM
3352,0.0,-0.1401915472882337,0.99805,0.299415,Normal,Normal,0.00195,LOW
3353,0.0,0.10916301356785879,0.6007,0.18021,Normal,Normal,0.3993,LOW
3354,0.0,0.13626733611127412,0.2952625,0.08857875,Normal,Normal,0.704738,MEDIUM
3355,1.0,0.12704779275180172,0.420675,0.8262025,Restart Task,Restart Task,0.420675,LOW
3356,0.0,0.090169801641028,0.723525,0.2170575,Normal,Normal,0.276475,LOW
3357,0.0,0.06350722762513716,0.834925,0.2504775,Normal,Normal,0.165075,LOW
3358,1.0,0.050125046232225745,0.876025,0.9628075,Restart Task,Restart Task,0.876025,HIGH
3359,1.0,0.06894353497728728,0.8144875,0.9443462499999999,Restart Task,Restart Task,0.814488,HIGH
3360,0.0,0.1122083100681916,0.575225,0.17256749999999998,Normal,Normal,0.424775,LOW
3361,0.0,0.13178751543279277,0.36091249999999997,0.10827374999999999,Normal,Normal,0.639088,MEDIUM
3362,0.0,0.04279422421391421,0.8929374999999999,0.26788124999999996,Normal,Normal,0.107063,LOW
3363,0.0,0.0782736604625981,0.776875,0.23306249999999998,Normal,Normal,0.223125,LOW
3364,0.0,0.12809970521098413,0.4081625,0.12244875,Normal,Normal,0.591838,MEDIUM
3365,0.0,0.14575188710523557,0.12916249999999996,0.038748749999999985,Normal,Normal,0.870838,HIGH
3366,1.0,0.04303744321324554,0.8924125,0.96772375,Restart Task,Restart Task,0.892413,HIGH
3367,0.0,0.11697381454370454,0.5321125,0.15963375,Normal,Normal,0.467888,LOW
3368,0.0,0.1324383052827104,0.35143749999999996,0.10543124999999999,Normal,Normal,0.648563,MEDIUM
3369,0.0,0.13068320751839002,0.3757125,0.11271375,Normal,Normal,0.624287,MEDIUM
3370,0.0,0.04771591488086585,0.8815625,0.26446875,Normal,Normal,0.118437,LOW
3371,1.0,0.047739147206615706,0.881525,0.9644575,Restart Task,Restart Task,0.881525,HIGH
3372,0.0,0.13506640086764998,0.31323749999999995,0.09397124999999998,Normal,Normal,0.686763,MEDIUM
3373,1.0,0.0896369793023773,0.7261875,0.9178562499999999,Restart Task,Restart Task,0.726187,MEDIUM
3374,0.98,0.06895479378276709,0.8144375,0.9303312499999999,Restart Task,Restart Task,0.834438,HIGH
3375,0.0,0.13878146422633653,0.2526125,0.07578375,Normal,Normal,0.747387,MEDIUM
3376,0.0,0.13130986931441097,0.367375,0.1102125,Normal,Normal,0.632625,MEDIUM
3377,1.0,0.1212022461275104,0.48836250000000003,0.8465087499999999,Restart Task,Restart Task,0.488363,LOW
3378,1.0,0.13899679143443028,0.24911249999999996,0.77473375,Restart Task,Restart Task,0.249112,LOW
3379,0.0,0.13121766242771543,0.36875,0.110625,Normal,Normal,0.63125,MEDIUM
3380,0.0,0.0009482728999486989,0.9495125,0.28485374999999996,Normal,Normal,0.050488,LOW
3381,0.995,-0.1774735094118668,0.999275,0.9962825,Restart Task,Restart Task,0.995725,HIGH
3382,1.0,0.13410768040823523,0.327275,0.7981824999999999,Restart Task,Restart Task,0.327275,LOW
3383,0.0,0.1240143291053819,0.4568875,0.13706625,Normal,Normal,0.543112,LOW
3384,0.995,0.1273897154109202,0.41637500000000005,0.8214125,Restart Task,Restart Task,0.421375,LOW
3385,0.0,0.08452206052938566,0.75085,0.22525499999999998,Normal,Normal,0.24915,LOW
3386,0.0,0.04039398963785745,0.8979375,0.26938125,Normal,Normal,0.102062,LOW
3387,0.0,0.005232563484567798,0.946875,0.2840625,Normal,Normal,0.053125,LOW
3388,0.0,0.1324215182125874,0.3516625,0.10549874999999999,Normal,Normal,0.648338,MEDIUM
3389,0.83,0.06524930169823001,0.8283125,0.8294937499999999,Restart Task,Restart Task,0.998313,HIGH
3390,0.08,0.11939513551765796,0.50705,0.208115,Normal,Normal,0.57295,MEDIUM
3391,0.82,0.06191589971718431,0.8408375,0.8262512499999999,Restart Task,Restart Task,0.979162,HIGH
3392,1.0,0.10527166826509893,0.62975,0.888925,Restart Task,Restart Task,0.62975,MEDIUM
3393,0.005,0.03749151605820422,0.9035875,0.27457624999999997,Normal,Normal,0.101413,LOW
3394,0.0,0.12523242948015417,0.44301250000000003,0.13290375000000001,Normal,Normal,0.556987,MEDIUM
3395,0.0,0.10038325207428961,0.6629625,0.19888875,Normal,Normal,0.337037,LOW
3396,0.0,0.10901073541959633,0.601775,0.18053249999999998,Normal,Normal,0.398225,LOW
3397,0.0,0.042954454232495554,0.892575,0.26777249999999997,Normal,Normal,0.107425,LOW
3398,0.0,0.10070459453759772,0.6607125,0.19821375,Normal,Normal,0.339287,LOW
3399,0.0,0.08140289580521531,0.7641625,0.22924874999999997,Normal,Normal,0.235838,LOW
3400,0.0,0.15094960847401107,0.061549999999999994,0.018465,Normal,Normal,0.93845,HIGH
3401,0.99,0.08891399264210892,0.729425,0.9118274999999999,Restart Task,Restart Task,0.739425,MEDIUM
3402,0.0,0.043817472124693,0.89035,0.267105,Normal,Normal,0.10965,LOW
3403,0.0,0.14221144063309177,0.19469999999999998,0.05840999999999999,Normal,Normal,0.8053,HIGH
3404,0.0,0.11968063433915588,0.50405,0.151215,Normal,Normal,0.49595,LOW
3405,0.0,0.12937449578550247,0.392625,0.11778749999999999,Normal,Normal,0.607375,MEDIUM
3406,0.0,0.1378808681303838,0.26780000000000004,0.08034000000000001,Normal,Normal,0.7322,MEDIUM
3407,1.0,0.019874748465457004,0.9332875,0.97998625,Restart Task,Restart Task,0.933288,HIGH
3408,0.92,0.0450184011793362,0.8879375,0.91038125,Restart Task,Restart Task,0.967938,HIGH
3409,1.0,0.08953697066733601,0.7266,0.91798,Restart Task,Restart Task,0.7266,MEDIUM
3410,0.0,0.03915511318701348,0.9003375,0.27010125,Normal,Normal,0.099662,LOW
3411,0.02,0.01832300162111944,0.9352875,0.29458625,Normal,Normal,0.084712,LOW
3412,0.0,0.06117057583684177,0.8437625,0.25312874999999996,Normal,Normal,0.156238,LOW
3413,0.0,0.012420073509232576,0.940925,0.2822775,Normal,Normal,0.059075,LOW
3414,1.0,0.05187280466153532,0.8718625,0.96155875,Restart Task,Restart Task,0.871862,HIGH
3415,0.0,0.1263983959905362,0.4286875,0.12860625,Normal,Normal,0.571313,MEDIUM
3416,0.0,0.08890031188790104,0.7295125,0.21885374999999999,Normal,Normal,0.270487,LOW
3417,0.0,0.11651058525376212,0.53685,0.161055,Normal,Normal,0.46315,LOW
3418,0.0,0.1099812942424982,0.593575,0.1780725,Normal,Normal,0.406425,LOW
3419,1.0,0.13982922152584626,0.23563750000000006,0.7706912499999999,Restart Task,Restart Task,0.235638,LOW
3420,1.0,0.1293920026895708,0.3924875,0.8177462499999999,Restart Task,Restart Task,0.392487,LOW
3421,1.0,0.08852806060330903,0.7309749999999999,0.9192925,Restart Task,Restart Task,0.730975,MEDIUM
3422,0.0,0.11365195615747242,0.5625,0.16874999999999998,Normal,Normal,0.4375,LOW
3423,0.0,0.11999235727435537,0.5009874999999999,0.15029624999999996,Normal,Normal,0.499013,LOW
3424,1.0,0.07852922388931766,0.7754375,0.9326312499999999,Restart Task,Restart Task,0.775438,MEDIUM
3425,0.0,0.12858955950451229,0.4022,0.12065999999999999,Normal,Normal,0.5978,MEDIUM
3426,0.0,-0.01732366134205432,0.9608875,0.28826625,Normal,Normal,0.039112,LOW
3427,1.0,0.01064625468975755,0.942275,0.9826824999999999,Restart Task,Restart Task,0.942275,HIGH
3428,1.0,0.12378857634157175,0.45948750000000005,0.8378462499999999,Restart Task,Restart Task,0.459488,LOW
3429,0.0,0.13176551584633833,0.3613375,0.10840124999999999,Normal,Normal,0.638663,MEDIUM
3430,1.0,0.14415666305913089,0.15818750000000004,0.7474562499999999,Restart Task,Restart Task,0.158188,LOW
3431,0.0,0.14696602752239285,0.10981249999999998,0.032943749999999994,Normal,Normal,0.890188,HIGH
3432,0.0,0.11213980516858701,0.5756749999999999,0.17270249999999998,Normal,Normal,0.424325,LOW
3433,0.0,0.03514122856852697,0.908575,0.2725725,Normal,Normal,0.091425,LOW
3434,0.0,0.10263017769794175,0.6476625,0.19429875,Normal,Normal,0.352337,LOW
3435,1.0,0.0038519572008038905,0.947975,0.9843925,Restart Task,Restart Task,0.947975,HIGH
3436,0.0,0.08201448211027262,0.7613875,0.22841625,Normal,Normal,0.238613,LOW
3437,0.0,0.1394551619347959,0.24211249999999995,0.07263374999999998,Normal,Normal,0.757888,MEDIUM
3438,0.0,0.12802173440405018,0.4090125,0.12270375,Normal,Normal,0.590987,MEDIUM
3439,0.0,0.13775087888340198,0.2699625,0.08098875,Normal,Normal,0.730038,MEDIUM
3440,0.0,0.13956512955291817,0.24039999999999995,0.07211999999999998,Normal,Normal,0.7596,MEDIUM
3441,0.0,0.13251479521933834,0.35038749999999996,0.10511624999999998,Normal,Normal,0.649613,MEDIUM
3442,0.0,0.1384057931945636,0.258375,0.0775125,Normal,Normal,0.741625,MEDIUM
3443,0.995,0.06223235051179038,0.8397375,0.94842125,Restart Task,Restart Task,0.844738,HIGH
3444,0.145,-0.007226581610198735,0.9539375,0.38768125,Scale Resources,Scale Resources,0.191063,LOW
3445,0.0,0.0840137927641535,0.7533,0.22598999999999997,Normal,Normal,0.2467,LOW
3446,0.0,0.13174638074524836,0.361575,0.10847249999999999,Normal,Normal,0.638425,MEDIUM
3447,1.0,0.09281342745015114,0.7093125,0.91279375,Restart Task,Restart Task,0.709313,MEDIUM
3448,0.0,0.0983818084639495,0.6765125000000001,0.20295375000000002,Normal,Normal,0.323487,LOW
3449,0.0,0.07639177738305952,0.784525,0.2353575,Normal,Normal,0.215475,LOW
3450,0.005,0.12075545204852767,0.49305,0.151415,Normal,Normal,0.51195,LOW
3451,0.005,0.10058738030723768,0.6616124999999999,0.20198375,Normal,Normal,0.343388,LOW
3452,0.0,0.13920281268695905,0.24606249999999996,0.07381874999999999,Normal,Normal,0.753938,MEDIUM
3453,0.005,0.1443280693050487,0.15461250000000004,0.049883750000000004,Normal,Normal,0.850387,HIGH
3454,0.0,0.10578155677525497,0.62595,0.187785,Normal,Normal,0.37405,LOW
3455,0.0,0.08969022408278904,0.7258625000000001,0.21775875000000003,Normal,Normal,0.274137,LOW
3456,0.0,0.05000405198914071,0.8762375,0.26287125,Normal,Normal,0.123762,LOW
3457,0.0,0.11341043534821632,0.5642625,0.16927875,Normal,Normal,0.435737,LOW
3458,0.0,0.13364338555695532,0.3339875,0.10019625,Normal,Normal,0.666013,MEDIUM
3459,0.0,0.09266833794167517,0.7101375,0.21304125,Normal,Normal,0.289863,LOW
3460,0.0,0.13259670978560506,0.3491375,0.10474125,Normal,Normal,0.650863,MEDIUM
3461,0.0,0.1359116841128845,0.300725,0.0902175,Normal,Normal,0.699275,MEDIUM
3462,0.0,0.04801007814662667,0.8809875,0.26429625,Normal,Normal,0.119012,LOW
3463,0.0,0.12317264450201498,0.46696249999999995,0.14008874999999998,Normal,Normal,0.533038,LOW
3464,0.005,0.03407980199205907,0.91125,0.276875,Normal,Normal,0.09375,LOW
3465,1.0,0.12756571904300756,0.41456249999999994,0.8243687499999999,Restart Task,Restart Task,0.414562,LOW
3466,0.0,0.06494399617852276,0.8296,0.24888,Normal,Normal,0.1704,LOW
3467,0.0,0.0170376487405014,0.9368,0.28103999999999996,Normal,Normal,0.0632,LOW
3468,0.0,0.13063952595819994,0.37634999999999996,0.11290499999999998,Normal,Normal,0.62365,MEDIUM
3469,0.0,0.12525686442698547,0.44262500000000005,0.1327875,Normal,Normal,0.557375,MEDIUM
3470,1.0,0.13095741889939877,0.37222500000000003,0.8116675,Restart Task,Restart Task,0.372225,LOW
3471,0.0,0.05408429017046967,0.8657125,0.25971374999999997,Normal,Normal,0.134288,LOW
3472,0.0,0.13905190588048222,0.24850000000000005,0.07455000000000002,Normal,Normal,0.7515,MEDIUM
3473,0.0,0.12774977898271045,0.41205,0.123615,Normal,Normal,0.58795,MEDIUM
3474,1.0,0.1376776115247969,0.27127500000000004,0.7813825,Restart Task,Restart Task,0.271275,LOW
3475,0.0,-0.06598418650749982,0.980225,0.2940675,Normal,Normal,0.019775,LOW
3476,1.0,0.07925096841178486,0.7726125,0.9317837499999999,Restart Task,Restart Task,0.772613,MEDIUM
3477,0.985,0.0646392646486954,0.830675,0.9387025,Restart Task,Restart Task,0.845675,HIGH
3478,0.0,0.09893035378583859,0.67265,0.20179499999999997,Normal,Normal,0.32735,LOW
3479,0.0,0.07883042147451935,0.7741625,0.23224874999999998,Normal,Normal,0.225838,LOW
3480,0.0,0.12570871353263197,0.43737499999999996,0.13121249999999998,Normal,Normal,0.562625,MEDIUM
3481,1.0,0.134381615275265,0.3235125,0.7970537499999999,Restart Task,Restart Task,0.323512,LOW
3482,0.0,0.1016931815128595,0.6538999999999999,0.19616999999999998,Normal,Normal,0.3461,LOW
3483,1.0,0.1368803425343379,0.283925,0.7851775,Restart Task,Restart Task,0.283925,LOW
3484,0.0,0.13311337540950868,0.3416625,0.10249874999999999,Normal,Normal,0.658338,MEDIUM
3485,0.0,0.05606633675862832,0.859325,0.2577975,Normal,Normal,0.140675,LOW
3486,0.0,0.13560181068707305,0.3048375,0.09145125,Normal,Normal,0.695163,MEDIUM
3487,0.0,0.0869194675683656,0.7395125,0.22185375,Normal,Normal,0.260487,LOW
3488,0.0,0.003267212147736731,0.948275,0.28448249999999997,Normal,Normal,0.051725,LOW
3489,0.0,0.14046567214043842,0.22521250000000004,0.06756375,Normal,Normal,0.774787,MEDIUM
3490,0.005,0.12115313883272505,0.4887625,0.15012875,Normal,Normal,0.516238,LOW
3491,0.0,0.1302345736017823,0.381375,0.1144125,Normal,Normal,0.618625,MEDIUM
3492,0.0,0.0445104309360852,0.8890875,0.26672625,Normal,Normal,0.110912,LOW
3493,0.0,0.11721829231952469,0.5297000000000001,0.15891000000000002,Normal,Normal,0.4703,LOW
3494,0.0,0.04606148239355756,0.8854625,0.26563875,Normal,Normal,0.114537,LOW
3495,0.0,0.1424872350580732,0.1893125,0.05679375,Normal,Normal,0.810688,HIGH
3496,0.985,0.09537026116129915,0.694875,0.8979625,Restart Task,Restart Task,0.709875,MEDIUM
3497,1.0,0.07253945288319341,0.7997125,0.93991375,Restart Task,Restart Task,0.799713,MEDIUM
3498,0.98,0.10701985913141293,0.617375,0.8712125,Restart Task,Restart Task,0.637375,MEDIUM
3499,0.0,0.1314560052369227,0.3656625,0.10969875,Normal,Normal,0.634337,MEDIUM
3500,0.0,0.13588371279050387,0.3011125,0.09033375,Normal,Normal,0.698887,MEDIUM
3501,0.0,0.08792331745527782,0.7339,0.22017,Normal,Normal,0.2661,LOW
3502,0.995,0.00821718437752239,0.9443125,0.97979375,Restart Task,Restart Task,0.949313,HIGH
3503,1.0,0.06684709367535074,0.822525,0.9467574999999999,Restart Task,Restart Task,0.822525,HIGH
3504,0.0,0.14631965506722366,0.11995,0.035984999999999996,Normal,Normal,0.88005,HIGH
3505,0.0,0.13370319934225705,0.333075,0.0999225,Normal,Normal,0.666925,MEDIUM
3506,0.0,0.12215926591907844,0.47796249999999996,0.14338874999999998,Normal,Normal,0.522038,LOW
3507,0.0,0.12829539864600215,0.40583749999999996,0.12175124999999998,Normal,Normal,0.594163,MEDIUM
3508,0.0,0.1387091286019454,0.25368749999999995,0.07610624999999999,Normal,Normal,0.746313,MEDIUM
3509,0.005,0.06563513925781744,0.827,0.2516,Normal,Normal,0.178,LOW
3510,0.0,0.13897718540058285,0.24934999999999996,0.07480499999999998,Normal,Normal,0.75065,MEDIUM
3511,0.0,-0.11580691812089594,0.9938375,0.29815125,Normal,Normal,0.006162,LOW
3512,0.0,0.011599537100267843,0.941625,0.2824875,Normal,Normal,0.058375,LOW
3513,0.0,0.12408642664815506,0.45620000000000005,0.13686,Normal,Normal,0.5438,LOW
3514,1.0,0.07784167658519076,0.7786625,0.9335987499999999,Restart Task,Restart Task,0.778663,MEDIUM
3515,0.0,0.1386134370795284,0.25506249999999997,0.07651874999999998,Normal,Normal,0.744938,MEDIUM
3516,0.995,0.0006230309583673543,0.9496875,0.98140625,Restart Task,Restart Task,0.954688,HIGH
3517,0.0,0.06539981944709289,0.8278375,0.24835125,Normal,Normal,0.172162,LOW
3518,0.0,0.10363036749056942,0.6407625,0.19222875,Normal,Normal,0.359237,LOW
3519,0.0,0.059533994180346606,0.8488625,0.25465875,Normal,Normal,0.151138,LOW
3520,0.0,0.034058019850939814,0.9113249999999999,0.27339749999999996,Normal,Normal,0.088675,LOW
3521,0.0,0.11761802219861844,0.5257499999999999,0.15772499999999998,Normal,Normal,0.47425,LOW
3522,0.0,0.12308883616540617,0.46787500000000004,0.1403625,Normal,Normal,0.532125,LOW
3523,0.0,0.13195795194884963,0.35873750000000004,0.10762125000000002,Normal,Normal,0.641262,MEDIUM
3524,0.0,-0.016054403470039613,0.9602875,0.28808625,Normal,Normal,0.039713,LOW
3525,0.0,0.14129421908638712,0.21211250000000004,0.06363375,Normal,Normal,0.787887,MEDIUM
3526,0.0,0.09661579386367053,0.6876249999999999,0.20628749999999998,Normal,Normal,0.312375,LOW
3527,0.925,0.020971467313878778,0.9318625,0.92705875,Restart Task,Restart Task,0.993138,HIGH
3528,0.0,0.08812108027174848,0.7327250000000001,0.21981750000000003,Normal,Normal,0.267275,LOW
3529,1.0,0.11405817181159511,0.5587500000000001,0.867625,Restart Task,Restart Task,0.55875,MEDIUM
3530,0.0,0.1350928040701999,0.3125,0.09375,Normal,Normal,0.6875,MEDIUM
3531,0.0,0.14198667284548105,0.19871249999999996,0.059613749999999986,Normal,Normal,0.801288,HIGH
3532,0.0,0.1376967838840727,0.27102499999999996,0.08130749999999999,Normal,Normal,0.728975,MEDIUM
3533,0.0,0.08429311841896497,0.7520125,0.22560375,Normal,Normal,0.247988,LOW
3534,0.0,0.13644452529673617,0.2919625,0.08758875,Normal,Normal,0.708037,MEDIUM
3535,0.005,0.11621382309883338,0.5395,0.16535,Normal,Normal,0.4655,LOW
3536,0.995,0.11314139541844048,0.5664,0.86642,Restart Task,Restart Task,0.5714,MEDIUM
3537,0.005,0.09939700284527742,0.6697,0.20440999999999998,Normal,Normal,0.3353,LOW
3538,0.0,0.12970487067758485,0.3881,0.11642999999999999,Normal,Normal,0.6119,MEDIUM
3539,0.0,0.1399522043611801,0.23353749999999995,0.07006124999999998,Normal,Normal,0.766463,MEDIUM
3540,0.0,0.1356242720936897,0.3045375,0.09136125,Normal,Normal,0.695462,MEDIUM
3541,0.0,0.10645273387741605,0.6209625,0.18628874999999998,Normal,Normal,0.379038,LOW
3542,0.005,0.14620597705029253,0.12191249999999998,0.04007374999999999,Normal,Normal,0.883088,HIGH
3543,0.0,0.13963426297523884,0.239425,0.0718275,Normal,Normal,0.760575,MEDIUM
3544,0.0,0.13867233178823618,0.25426249999999995,0.07627874999999998,Normal,Normal,0.745738,MEDIUM
3545,0.0,0.13561801996904144,0.30462500000000003,0.09138750000000001,Normal,Normal,0.695375,MEDIUM
3546,0.0,0.10968809277876446,0.59595,0.178785,Normal,Normal,0.40405,LOW
3547,0.0,0.09056200729907771,0.7214875000000001,0.21644625,Normal,Normal,0.278512,LOW
3548,0.0,0.148020923069697,0.09338749999999996,0.028016249999999986,Normal,Normal,0.906613,HIGH
3549,0.0,0.07694215598023202,0.782275,0.23468250000000002,Normal,Normal,0.217725,LOW
3550,0.0,0.13328034915381376,0.339375,0.10181249999999999,Normal,Normal,0.660625,MEDIUM
3551,0.0,0.10659283970650496,0.6199375,0.18598125000000001,Normal,Normal,0.380062,LOW
3552,0.0,0.1399522043611801,0.23353749999999995,0.07006124999999998,Normal,Normal,0.766463,MEDIUM
3553,0.0,0.10456436612949577,0.6347875000000001,0.19043625,Normal,Normal,0.365212,LOW
3554,0.0,0.03268071776180259,0.9146375,0.27439125,Normal,Normal,0.085363,LOW
3555,0.0,0.027075270843700316,0.9240375,0.27721124999999996,Normal,Normal,0.075963,LOW
3556,1.0,0.11161822340131933,0.5803,0.8740899999999999,Restart Task,Restart Task,0.5803,MEDIUM
3557,0.0,0.04947505542598324,0.877425,0.2632275,Normal,Normal,0.122575,LOW
3558,0.0,0.14777067591785398,0.09701249999999995,0.029103749999999984,Normal,Normal,0.902988,HIGH
3559,0.0,0.13694542900979295,0.28307499999999997,0.08492249999999998,Normal,Normal,0.716925,MEDIUM
3560,0.0,0.09971797803235216,0.6674625000000001,0.20023875000000002,Normal,Normal,0.332537,LOW
3561,0.015,0.15056200465397956,0.06456249999999997,0.02986874999999999,Normal,Normal,0.950438,HIGH
3562,0.0,0.05697958321337948,0.856675,0.25700249999999997,Normal,Normal,0.143325,LOW
3563,1.0,0.08590571995746382,0.74485,0.9234549999999999,Restart Task,Restart Task,0.74485,MEDIUM
3564,0.0,-0.06680906072638104,0.9809625,0.29428875,Normal,Normal,0.019038,LOW
3565,0.005,0.01055455800486782,0.9423625,0.28620875,Normal,Normal,0.062638,LOW
3566,0.0,0.13550851977870093,0.3064875,0.09194625000000001,Normal,Normal,0.693512,MEDIUM
3567,0.98,0.07267094170232247,0.799175,0.9257525,Restart Task,Restart Task,0.819175,HIGH
3568,1.0,0.09775801546104768,0.6805,0.90415,Restart Task,Restart Task,0.6805,MEDIUM
3569,0.0,0.1178216803762755,0.5232,0.15696,Normal,Normal,0.4768,LOW
3570,0.005,0.12237765575507759,0.47573750000000004,0.14622125,Normal,Normal,0.529262,LOW
3571,1.0,0.14363067917249672,0.1681125,0.75043375,Restart Task,Restart Task,0.168112,LOW
3572,1.0,0.10077669400752881,0.6601375,0.8980412499999999,Restart Task,Restart Task,0.660138,MEDIUM
3573,1.0,0.06551454467441398,0.8274375,0.94823125,Restart Task,Restart Task,0.827438,HIGH
3574,0.005,0.12135113716488272,0.48673750000000005,0.14952125000000002,Normal,Normal,0.518262,LOW
3575,0.0,0.1517077890818435,0.055612499999999954,0.016683749999999987,Normal,Normal,0.944388,HIGH
3576,0.0,0.12223910029165114,0.477225,0.1431675,Normal,Normal,0.522775,LOW
3577,0.0,0.1105067555885374,0.5890124999999999,0.17670374999999997,Normal,Normal,0.410988,LOW
3578,0.0,-0.09067021156517463,0.9901,0.29702999999999996,Normal,Normal,0.0099,LOW
3579,0.0,0.08584527939918074,0.7451375,0.22354125,Normal,Normal,0.254862,LOW
3580,0.995,0.1292817442917033,0.39393750000000005,0.81468125,Restart Task,Restart Task,0.398938,LOW
3581,1.0,0.06546191933940881,0.8275875,0.9482762499999999,Restart Task,Restart Task,0.827588,HIGH
3582,0.0,0.137729570616844,0.2704375,0.08113125,Normal,Normal,0.729563,MEDIUM
3583,0.0,0.13948144982539956,0.24175000000000002,0.072525,Normal,Normal,0.75825,MEDIUM
3584,0.0,0.1314590368173792,0.36555000000000004,0.10966500000000001,Normal,Normal,0.63445,MEDIUM
3585,0.0,0.14026129408531907,0.22850000000000004,0.06855000000000001,Normal,Normal,0.7715,MEDIUM
3586,0.0,0.138060733804591,0.26421249999999996,0.07926374999999998,Normal,Normal,0.735788,MEDIUM
3587,1.0,0.13280491577922454,0.346025,0.8038075,Restart Task,Restart Task,0.346025,LOW
3588,0.0,0.047622870029921716,0.8817875,0.26453625,Normal,Normal,0.118213,LOW
3589,0.01,0.021223673145965183,0.9315125,0.28645375,Normal,Normal,0.078488,LOW
3590,0.0,0.09930683053331923,0.6702625,0.20107875,Normal,Normal,0.329738,LOW
3591,0.0,0.09721574410362183,0.6837,0.20511,Normal,Normal,0.3163,LOW
3592,1.0,0.09689382487206827,0.6858375,0.90575125,Restart Task,Restart Task,0.685837,MEDIUM
3593,0.0,0.12014083720033958,0.499625,0.14988749999999998,Normal,Normal,0.500375,LOW
3594,1.0,0.08612214915536953,0.7437750000000001,0.9231324999999999,Restart Task,Restart Task,0.743775,MEDIUM
3595,0.0,0.12202559329791746,0.479325,0.1437975,Normal,Normal,0.520675,LOW
3596,0.01,0.12755184907387201,0.4147375,0.13142125,Normal,Normal,0.595263,MEDIUM
3597,0.0,0.13411591400316647,0.32711250000000003,0.09813375,Normal,Normal,0.672887,MEDIUM
3598,0.0,0.10633655215226456,0.6218125,0.18654374999999998,Normal,Normal,0.378188,LOW
3599,0.0,0.05495442722356669,0.8626875,0.25880625,Normal,Normal,0.137312,LOW
3600,0.0,0.12769826597885897,0.412875,0.12386249999999999,Normal,Normal,0.587125,MEDIUM
3601,0.0,0.14413898089662908,0.1584875,0.04754625,Normal,Normal,0.841512,HIGH
3602,0.98,0.055071272816724526,0.8622375,0.9446712499999999,Restart Task,Restart Task,0.882238,HIGH
3603,0.015,0.1358938699390705,0.30103749999999996,0.10081124999999998,Normal,Normal,0.713963,MEDIUM
3604,0.0,0.1481215474679669,0.0919875,0.02759625,Normal,Normal,0.908013,HIGH
3605,1.0,0.12743202837835776,0.41595000000000004,0.824785,Restart Task,Restart Task,0.41595,LOW
3606,0.005,0.14277069112636093,0.1834,0.05852,Normal,Normal,0.8216,HIGH
3607,0.01,0.08417656775383059,0.7525875,0.23277625,Normal,Normal,0.257413,LOW
3608,0.0,0.032955149200519895,0.9139875,0.27419625,Normal,Normal,0.086013,LOW
3609,0.0,0.13523463696940258,0.31038750000000004,0.09311625000000001,Normal,Normal,0.689612,MEDIUM
3610,1.0,0.11810276855178642,0.520275,0.8560825,Restart Task,Restart Task,0.520275,LOW
3611,0.0,0.10567610073626021,0.6266375,0.18799124999999997,Normal,Normal,0.373363,LOW
3612,0.0,0.0883789423910219,0.7315875000000001,0.21947625,Normal,Normal,0.268412,LOW
3613,0.0,0.13769946686141626,0.2710125,0.08130375,Normal,Normal,0.728988,MEDIUM
3614,0.0,0.11978993980832858,0.5029125,0.15087375,Normal,Normal,0.497088,LOW
3615,1.0,0.145651388023058,0.13088750000000005,0.73926625,Restart Task,Restart Task,0.130888,LOW
3616,0.0,0.08031387065764489,0.7681875,0.23045625,Normal,Normal,0.231812,LOW
3617,0.0,0.1420509989757438,0.19708749999999997,0.05912624999999999,Normal,Normal,0.802913,HIGH
3618,0.0,0.14981154448850909,0.0716,0.02148,Normal,Normal,0.9284,HIGH
3619,0.0,-0.09614381798881266,0.991575,0.2974725,Normal,Normal,0.008425,LOW
3620,0.0,0.12879520887197365,0.4000625,0.12001875,Normal,Normal,0.599938,MEDIUM
3621,0.0,0.03824288434901202,0.9021875,0.27065625,Normal,Normal,0.097812,LOW
3622,1.0,0.06526617861175243,0.8282,0.94846,Restart Task,Restart Task,0.8282,HIGH
3623,1.0,0.09748257583047798,0.6822250000000001,0.9046675,Restart Task,Restart Task,0.682225,MEDIUM
3624,0.0,0.049348391015864634,0.8778625,0.26335875,Normal,Normal,0.122138,LOW
3625,1.0,0.11847025937236338,0.5164500000000001,0.854935,Restart Task,Restart Task,0.51645,LOW
3626,0.0,0.13772791094222425,0.27044999999999997,0.08113499999999998,Normal,Normal,0.72955,MEDIUM
3627,0.0,0.13278047584167357,0.34638749999999996,0.10391624999999999,Normal,Normal,0.653613,MEDIUM
3628,0.0,0.1021657138259125,0.650825,0.1952475,Normal,Normal,0.349175,LOW
3629,0.0,0.1330379947951979,0.34291249999999995,0.10287374999999999,Normal,Normal,0.657088,MEDIUM
3630,0.0,0.13653141095700133,0.2904,0.08711999999999999,Normal,Normal,0.7096,MEDIUM
3631,0.0,0.1399522043611801,0.23353749999999995,0.07006124999999998,Normal,Normal,0.766463,MEDIUM
3632,0.0,0.09415154995482511,0.7015125,0.21045375,Normal,Normal,0.298488,LOW
3633,0.93,0.1264873926125747,0.4275375,0.77926125,Restart Task,Restart Task,0.497537,LOW
3634,0.0,0.13990721012269813,0.23409999999999997,0.07022999999999999,Normal,Normal,0.7659,MEDIUM
3635,0.0,0.1320522257948485,0.35719999999999996,0.10715999999999999,Normal,Normal,0.6428,MEDIUM
3636,0.0,0.12766251132378126,0.4133,0.12398999999999999,Normal,Normal,0.5867,MEDIUM
3637,1.0,0.04624100919322588,0.884975,0.9654924999999999,Restart Task,Restart Task,0.884975,HIGH
3638,0.0,0.14225070529934586,0.19382500000000003,0.058147500000000005,Normal,Normal,0.806175,HIGH
3639,0.0,0.14047316168089907,0.2251375,0.06754125,Normal,Normal,0.774863,MEDIUM
3640,0.0,0.06658914877034733,0.8232375000000001,0.24697125,Normal,Normal,0.176762,LOW
3641,0.0,0.04519215256215825,0.887575,0.26627249999999997,Normal,Normal,0.112425,LOW
3642,0.0,0.12916710161919015,0.39546250000000005,0.11863875000000002,Normal,Normal,0.604537,MEDIUM
3643,0.0,0.11813193578063969,0.5200374999999999,0.15601124999999996,Normal,Normal,0.479963,LOW
3644,0.0,0.14479499197748774,0.1464375,0.04393125,Normal,Normal,0.853563,HIGH
3645,0.0,0.10991249595312397,0.5941624999999999,0.17824874999999998,Normal,Normal,0.405838,LOW
3646,0.0,0.11131490816315065,0.58245,0.174735,Normal,Normal,0.41755,LOW
3647,1.0,0.09277642673046105,0.7095875,0.91287625,Restart Task,Restart Task,0.709588,MEDIUM
3648,1.0,0.08841595825341897,0.731475,0.9194424999999999,Restart Task,Restart Task,0.731475,MEDIUM
3649,1.0,0.09629007973147785,0.6896249999999999,0.9068875,Restart Task,Restart Task,0.689625,MEDIUM
3650,0.785,0.12186842636887002,0.48092500000000005,0.6937774999999999,Restart Task,Restart Task,0.695925,MEDIUM
3651,0.0,0.06461721446760416,0.8307875,0.24923625,Normal,Normal,0.169212,LOW
3652,0.0,0.13588296078434925,0.301125,0.09033749999999999,Normal,Normal,0.698875,MEDIUM
3653,0.0,0.1020223697069032,0.6516875,0.19550625,Normal,Normal,0.348313,LOW
3654,0.0,0.11863098521130278,0.5144124999999999,0.15432374999999998,Normal,Normal,0.485588,LOW
3655,1.0,0.12968103400458192,0.38849999999999996,0.8165499999999999,Restart Task,Restart Task,0.3885,LOW
3656,0.0,0.13752899145435704,0.27326249999999996,0.08197874999999999,Normal,Normal,0.726738,MEDIUM
3657,0.0,0.13619318707905853,0.29637500000000006,0.08891250000000002,Normal,Normal,0.703625,MEDIUM
3658,0.0,0.011657500090319295,0.94155,0.28246499999999997,Normal,Normal,0.05845,LOW
3659,0.0,0.08744833911653105,0.7365875,0.22097624999999999,Normal,Normal,0.263413,LOW
3660,0.0,0.12327430914367643,0.4655125,0.13965375,Normal,Normal,0.534488,LOW
3661,0.0,0.09760599587611218,0.68145,0.204435,Normal,Normal,0.31855,LOW
3662,0.0,0.12280023957446445,0.47104999999999997,0.141315,Normal,Normal,0.52895,LOW
3663,0.0,0.14034499379250015,0.22716250000000004,0.06814875000000001,Normal,Normal,0.772837,MEDIUM
3664,0.0,0.040246565873379936,0.898225,0.2694675,Normal,Normal,0.101775,LOW
3665,1.0,0.13721759161573555,0.2787625,0.78362875,Restart Task,Restart Task,0.278763,LOW
3666,0.0,0.138060733804591,0.26421249999999996,0.07926374999999998,Normal,Normal,0.735788,MEDIUM
3667,0.0,0.1220897430726463,0.47862499999999997,0.14358749999999998,Normal,Normal,0.521375,LOW
3668,0.0,0.14035100666699157,0.22712500000000002,0.0681375,Normal,Normal,0.772875,MEDIUM
3669,0.01,0.0939308511668096,0.7027625,0.21782875,Normal,Normal,0.307238,LOW
3670,0.0,0.06024660645475244,0.84645,0.253935,Normal,Normal,0.15355,LOW
3671,0.0,0.06936707969055722,0.813025,0.2439075,Normal,Normal,0.186975,LOW
3672,1.0,0.1364023982522805,0.29276250000000004,0.78782875,Restart Task,Restart Task,0.292763,LOW
3673,0.0,0.06659345348699103,0.8232125,0.24696374999999998,Normal,Normal,0.176787,LOW
3674,0.865,0.14037315681757018,0.22677499999999995,0.6735324999999999,Restart Task,Restart Task,0.361775,LOW
3675,0.0,0.13523357269779357,0.3104,0.09312,Normal,Normal,0.6896,MEDIUM
3676,0.99,-0.042776042231841394,0.970625,0.9841875,Restart Task,Restart Task,0.980625,HIGH
3677,0.0,0.10139542057000328,0.6556875,0.19670625,Normal,Normal,0.344313,LOW
3678,0.99,0.10753083855793605,0.6131125,0.87693375,Restart Task,Restart Task,0.623112,MEDIUM
3679,1.0,0.10319095428583414,0.6440874999999999,0.8932262499999999,Restart Task,Restart Task,0.644087,MEDIUM
3680,0.0,0.1480679180202072,0.09273750000000003,0.02782125000000001,Normal,Normal,0.907262,HIGH
3681,0.0,0.08418050657337134,0.7525625,0.22576875,Normal,Normal,0.247437,LOW
3682,0.0,0.07810399112936917,0.777575,0.2332725,Normal,Normal,0.222425,LOW
3683,0.0,0.09651272305999004,0.68825,0.206475,Normal,Normal,0.31175,LOW
3684,0.0,0.13846929752992104,0.25754999999999995,0.07726499999999999,Normal,Normal,0.74245,MEDIUM
3685,0.02,0.10933238583788962,0.5988875,0.19366624999999998,Normal,Normal,0.421113,LOW
3686,0.0,0.040648820170645306,0.897475,0.2692425,Normal,Normal,0.102525,LOW
3687,1.0,0.09685876582481662,0.6861125,0.90583375,Restart Task,Restart Task,0.686113,MEDIUM
3688,0.0,0.11725825228769732,0.5292375,0.15877125,Normal,Normal,0.470762,LOW
3689,0.0,0.08155222333074896,0.763375,0.2290125,Normal,Normal,0.236625,LOW
3690,0.0,0.1151972291939905,0.549025,0.16470749999999998,Normal,Normal,0.450975,LOW
3691,0.0,0.034058019850939814,0.9113249999999999,0.27339749999999996,Normal,Normal,0.088675,LOW
3692,0.0,0.14898348585820165,0.07977500000000004,0.023932500000000013,Normal,Normal,0.920225,HIGH
3693,0.0,0.1337598039067464,0.332325,0.0996975,Normal,Normal,0.667675,MEDIUM
3694,0.995,0.13428241817270886,0.3250375,0.7940112500000001,Restart Task,Restart Task,0.330037,LOW
3695,0.0,0.0658328435427466,0.826175,0.24785249999999998,Normal,Normal,0.173825,LOW
3696,0.0,0.0823566759956873,0.7601875,0.22805625,Normal,Normal,0.239812,LOW
3697,0.0,0.12749367398462713,0.41547500000000004,0.1246425,Normal,Normal,0.584525,MEDIUM
3698,1.0,0.10677269925951399,0.6187625,0.88562875,Restart Task,Restart Task,0.618762,MEDIUM
3699,0.0,0.10376970902656579,0.639825,0.1919475,Normal,Normal,0.360175,LOW
3700,1.0,0.07388058681014736,0.7941374999999999,0.9382412499999999,Restart Task,Restart Task,0.794137,MEDIUM
3701,0.0,0.12509437473296564,0.44461249999999997,0.13338375,Normal,Normal,0.555388,MEDIUM
3702,0.025,0.1380585421044883,0.26425,0.096775,Normal,Normal,0.76075,MEDIUM
3703,1.0,0.0904107560928285,0.722325,0.9166974999999999,Restart Task,Restart Task,0.722325,MEDIUM
3704,0.0,0.06594645164245727,0.8258125000000001,0.24774375,Normal,Normal,0.174187,LOW
3705,0.0,0.10706445624119709,0.6170249999999999,0.18510749999999998,Normal,Normal,0.382975,LOW
3706,0.0,0.07796859142519613,0.7781750000000001,0.2334525,Normal,Normal,0.221825,LOW
3707,0.0,0.12357094824506398,0.4621875,0.13865624999999998,Normal,Normal,0.537813,LOW
3708,0.0,0.1420509989757438,0.19708749999999997,0.05912624999999999,Normal,Normal,0.802913,HIGH
3709,0.0,0.11070443403393393,0.5871500000000001,0.17614500000000002,Normal,Normal,0.41285,LOW
3710,0.0,0.133886264494344,0.3304625,0.09913875,Normal,Normal,0.669538,MEDIUM
3711,0.0,0.11684553479312948,0.533325,0.15999750000000001,Normal,Normal,0.466675,LOW
3712,0.0,0.14788759786870526,0.09493750000000001,0.02848125,Normal,Normal,0.905062,HIGH
3713,0.0,0.13125727159296974,0.36811249999999995,0.11043374999999998,Normal,Normal,0.631888,MEDIUM
3714,0.0,0.11480288885657713,0.5520125,0.16560375,Normal,Normal,0.447987,LOW
3715,0.0,0.1430370032800713,0.17877500000000002,0.05363250000000001,Normal,Normal,0.821225,HIGH
3716,0.0,0.15185142541081997,0.054725000000000024,0.016417500000000005,Normal,Normal,0.945275,HIGH
3717,1.0,0.12509333341725015,0.44465,0.8333949999999999,Restart Task,Restart Task,0.44465,LOW
3718,0.0,0.1272600236269622,0.41779999999999995,0.12533999999999998,Normal,Normal,0.5822,MEDIUM
3719,0.005,0.1438021115849935,0.1650125,0.05300375,Normal,Normal,0.839987,HIGH
3720,0.0,0.09729237082184777,0.683175,0.20495249999999998,Normal,Normal,0.316825,LOW
3721,0.0,0.1258084171869704,0.43603749999999997,0.13081125,Normal,Normal,0.563963,MEDIUM
3722,1.0,0.15115790765305376,0.05986250000000004,0.71795875,Restart Task,Restart Task,0.059863,LOW
3723,0.0,0.14413552285025727,0.15852500000000003,0.04755750000000001,Normal,Normal,0.841475,HIGH
3724,0.0,0.14034131932136773,0.22724999999999995,0.06817499999999999,Normal,Normal,0.77275,MEDIUM
3725,0.0,0.12572266113646335,0.4371125,0.13113375,Normal,Normal,0.562887,MEDIUM
3726,0.0,0.06983457580912028,0.8110625,0.24331875,Normal,Normal,0.188937,LOW
3727,0.0,0.154964244526066,0.031212499999999976,0.009363749999999992,Normal,Normal,0.968788,HIGH
3728,0.0,0.1115629560086786,0.5806625000000001,0.17419875,Normal,Normal,0.419337,LOW
3729,0.995,-0.0593561766063363,0.9739,0.9886699999999999,Restart Task,Restart Task,0.9789,HIGH
3730,0.0,0.13312503716995489,0.341475,0.10244249999999999,Normal,Normal,0.658525,MEDIUM
3731,0.0,0.13801906464284242,0.2652375,0.07957125,Normal,Normal,0.734762,MEDIUM
3732,0.085,0.1371661396445683,0.27969999999999995,0.14340999999999998,Normal,Normal,0.8053,HIGH
3733,0.01,-0.015042030668260487,0.9597,0.29491,Normal,Normal,0.0503,LOW
3734,0.005,0.15652083382335913,0.02268749999999997,0.01030624999999999,Normal,Normal,0.982313,HIGH
3735,0.0,0.13884033836332083,0.251725,0.07551749999999999,Normal,Normal,0.748275,MEDIUM
3736,0.0,0.09334487974869565,0.706275,0.2118825,Normal,Normal,0.293725,LOW
3737,0.995,0.10046625702057699,0.6624375,0.89523125,Restart Task,Restart Task,0.667438,MEDIUM
3738,0.0,-0.08852534399742729,0.9891375,0.29674125,Normal,Normal,0.010862,LOW
3739,0.0,0.13987125992083416,0.23483750000000003,0.07045125,Normal,Normal,0.765162,MEDIUM
3740,0.0,0.06227094157073232,0.839575,0.2518725,Normal,Normal,0.160425,LOW
3741,0.0,0.13322283268729246,0.34009999999999996,0.10202999999999998,Normal,Normal,0.6599,MEDIUM
3742,1.0,0.05394038796151779,0.8661125000000001,0.95983375,Restart Task,Restart Task,0.866113,HIGH
3743,1.0,0.11687337379951973,0.5330250000000001,0.8599074999999999,Restart Task,Restart Task,0.533025,LOW
3744,0.0,0.1415320468319719,0.20767500000000005,0.06230250000000001,Normal,Normal,0.792325,MEDIUM
3745,0.825,0.07628731421657364,0.7849625,0.8129887499999999,Restart Task,Restart Task,0.959963,HIGH
3746,0.0,0.13417388155506288,0.3264,0.09792000000000001,Normal,Normal,0.6736,MEDIUM
3747,0.0,0.11644851022687625,0.5375125000000001,0.16125375,Normal,Normal,0.462487,LOW
3748,0.99,0.14068545569122282,0.22181249999999997,0.75954375,Restart Task,Restart Task,0.231812,LOW
3749,0.0,0.14051611465196057,0.22447499999999998,0.06734249999999999,Normal,Normal,0.775525,MEDIUM
3750,0.0,-0.10356748121098613,0.992925,0.29787749999999996,Normal,Normal,0.007075,LOW
3751,0.0,0.12940770536009888,0.3922875,0.11768624999999999,Normal,Normal,0.607712,MEDIUM
3752,1.0,0.014857429513029041,0.9385625,0.9815687499999999,Restart Task,Restart Task,0.938562,HIGH
3753,1.0,0.024327110190914825,0.9278625,0.9783587499999999,Restart Task,Restart Task,0.927863,HIGH
3754,1.0,0.09647669865194525,0.6885125000000001,0.9065537499999999,Restart Task,Restart Task,0.688513,MEDIUM
3755,0.0,0.061303944725500215,0.843275,0.2529825,Normal,Normal,0.156725,LOW
3756,0.995,0.046117021039332795,0.8853125,0.96209375,Restart Task,Restart Task,0.890312,HIGH
3757,0.02,0.10194324186531883,0.652225,0.2096675,Normal,Normal,0.367775,LOW
3758,0.0,0.1508211697029836,0.06257500000000005,0.018772500000000015,Normal,Normal,0.937425,HIGH
3759,0.0,0.12363156052393592,0.46138749999999995,0.13841625,Normal,Normal,0.538613,LOW
3760,0.0,0.121435301338359,0.48568750000000005,0.14570625,Normal,Normal,0.514312,LOW
3761,0.0,0.14585543898837106,0.12712500000000004,0.03813750000000001,Normal,Normal,0.872875,HIGH
3762,0.005,0.11711636504354456,0.530625,0.1626875,Normal,Normal,0.474375,LOW
3763,0.995,0.11365176654340459,0.5625125,0.8652537499999999,Restart Task,Restart Task,0.567512,MEDIUM
3764,1.0,0.1102948705066687,0.5907875,0.8772362499999999,Restart Task,Restart Task,0.590788,MEDIUM
3765,0.0,0.10909439705317608,0.6012500000000001,0.180375,Normal,Normal,0.39875,LOW
3766,0.99,0.13041581502662675,0.37915,0.8067449999999999,Restart Task,Restart Task,0.38915,LOW
3767,1.0,0.15156604741711577,0.05667500000000003,0.7170025,Restart Task,Restart Task,0.056675,LOW
3768,0.0,-0.06655298321954883,0.9807125,0.29421375,Normal,Normal,0.019288,LOW
3769,1.0,0.05354055510510425,0.8671875,0.9601562499999999,Restart Task,Restart Task,0.867188,HIGH
3770,0.0,0.05298157410464327,0.8687374999999999,0.26062124999999997,Normal,Normal,0.131263,LOW
3771,0.0,0.06973015154885465,0.8117,0.24350999999999998,Normal,Normal,0.1883,LOW
3772,0.97,0.12107131228455581,0.4898,0.8259399999999999,Restart Task,Restart Task,0.5198,LOW
3773,0.0,0.0870369112436074,0.738875,0.22166249999999998,Normal,Normal,0.261125,LOW
3774,0.0,0.07877459799443548,0.7743875,0.23231625,Normal,Normal,0.225612,LOW
3775,1.0,0.08763349659285807,0.7356,0.9206799999999999,Restart Task,Restart Task,0.7356,MEDIUM
3776,0.0,0.10404899503583509,0.6380375,0.19141125,Normal,Normal,0.361962,LOW
3777,1.0,0.11473812578369824,0.5525625000000001,0.86576875,Restart Task,Restart Task,0.552563,MEDIUM
3778,0.0,0.06227094157073232,0.839575,0.2518725,Normal,Normal,0.160425,LOW
3779,0.0,0.09271188069596353,0.7099249999999999,0.21297749999999996,Normal,Normal,0.290075,LOW
3780,0.0,0.14489967160578565,0.14453749999999999,0.04336125,Normal,Normal,0.855463,HIGH
3781,0.845,0.11204206447614784,0.5766875,0.7645062499999999,Restart Task,Restart Task,0.731688,MEDIUM
3782,0.0,0.06921486362042611,0.8135749999999999,0.24407249999999997,Normal,Normal,0.186425,LOW
3783,1.0,0.10475247827208256,0.6335375,0.8900612499999999,Restart Task,Restart Task,0.633537,MEDIUM
3784,0.0,0.10233054492112353,0.649675,0.1949025,Normal,Normal,0.350325,LOW
3785,0.01,0.13743629464796808,0.2746875,0.08940624999999999,Normal,Normal,0.735313,MEDIUM
3786,0.0,0.11390365806591263,0.5600875000000001,0.16802625000000002,Normal,Normal,0.439912,LOW
3787,1.0,0.1286605468044278,0.40154999999999996,0.820465,Restart Task,Restart Task,0.40155,LOW
3788,1.0,0.057752458920611205,0.8543375,0.9563012499999999,Restart Task,Restart Task,0.854337,HIGH
3789,0.0,0.14016152553834982,0.230225,0.0690675,Normal,Normal,0.769775,MEDIUM
3790,0.0,0.017935369799727208,0.935725,0.2807175,Normal,Normal,0.064275,LOW
3791,0.0,0.11367132597027013,0.5622750000000001,0.1686825,Normal,Normal,0.437725,LOW
3792,0.995,0.13116298311189972,0.369525,0.8073575,Restart Task,Restart Task,0.374525,LOW
3793,0.0,0.1380106152147263,0.26535,0.079605,Normal,Normal,0.73465,MEDIUM
3794,0.005,0.14056149945355595,0.22357499999999997,0.0705725,Normal,Normal,0.781425,MEDIUM
3795,0.0,0.14981154448850909,0.0716,0.02148,Normal,Normal,0.9284,HIGH
3796,1.0,0.11290875462674438,0.5689875,0.87069625,Restart Task,Restart Task,0.568987,MEDIUM
3797,0.0,0.03964837564294399,0.8995,0.26985,Normal,Normal,0.1005,LOW
3798,1.0,0.08436712276068109,0.751725,0.9255175,Restart Task,Restart Task,0.751725,MEDIUM
3799,0.05,0.09152105103246455,0.716375,0.24991249999999998,Normal,Normal,0.333625,LOW
3800,0.0,0.12364651933369819,0.46120000000000005,0.13836,Normal,Normal,0.5388,LOW
3801,0.86,0.14334118142771474,0.17318750000000005,0.65395625,Restart Task,Restart Task,0.313188,LOW
3802,1.0,0.11942294775054424,0.5067875,0.8520362499999999,Restart Task,Restart Task,0.506787,LOW
3803,1.0,0.13390286448578392,0.3302125,0.79906375,Restart Task,Restart Task,0.330213,LOW
3804,0.0,0.035310087439044846,0.9083,0.27249,Normal,Normal,0.0917,LOW
3805,0.0,0.0623799140991394,0.8390875,0.25172625,Normal,Normal,0.160913,LOW
3806,0.0,0.13218153206532968,0.35519999999999996,0.10655999999999999,Normal,Normal,0.6448,MEDIUM
3807,0.0,0.1563076661266361,0.023837499999999956,0.007151249999999987,Normal,Normal,0.976163,HIGH
3808,0.0,0.07405797777129647,0.7934375,0.23803125,Normal,Normal,0.206562,LOW
3809,0.0,0.14192292414907398,0.200125,0.060037499999999994,Normal,Normal,0.799875,MEDIUM
3810,0.0,0.13433476947426842,0.32423749999999996,0.09727124999999999,Normal,Normal,0.675763,MEDIUM
3811,0.0,0.1362113923110393,0.296075,0.08882249999999998,Normal,Normal,0.703925,MEDIUM
3812,0.0,0.11432002717228712,0.5562374999999999,0.16687124999999997,Normal,Normal,0.443763,LOW
3813,0.0,0.10345827802949137,0.6420874999999999,0.19262624999999997,Normal,Normal,0.357913,LOW
3814,1.0,0.1369359750983421,0.28327500000000005,0.7849824999999999,Restart Task,Restart Task,0.283275,LOW
3815,1.0,0.06617386543800807,0.8248375,0.94745125,Restart Task,Restart Task,0.824838,HIGH
3816,0.0,0.09325079640606476,0.707025,0.2121075,Normal,Normal,0.292975,LOW
3817,1.0,0.07682159789845788,0.7827500000000001,0.934825,Restart Task,Restart Task,0.78275,MEDIUM
3818,0.0,0.11017818378080191,0.591925,0.1775775,Normal,Normal,0.408075,LOW
3819,0.0,0.12645921830633094,0.42795000000000005,0.128385,Normal,Normal,0.57205,MEDIUM
3820,0.0,0.13875451998253974,0.25292499999999996,0.07587749999999999,Normal,Normal,0.747075,MEDIUM
3821,0.0,0.14009999669961054,0.231225,0.0693675,Normal,Normal,0.768775,MEDIUM
3822,1.0,0.06369277849899047,0.8340875,0.9502262499999999,Restart Task,Restart Task,0.834087,HIGH
3823,0.0,0.12764388745945732,0.41342500000000004,0.12402750000000001,Normal,Normal,0.586575,MEDIUM
3824,1.0,0.10491408382837891,0.6323375,0.8897012499999999,Restart Task,Restart Task,0.632337,MEDIUM
3825,1.0,0.06604098100229339,0.8253874999999999,0.9476162499999999,Restart Task,Restart Task,0.825387,HIGH
3826,0.0,0.0779538415591251,0.7782375,0.23347125,Normal,Normal,0.221762,LOW
3827,0.075,0.04357050211724911,0.8910875,0.31982625,Scale Resources,Scale Resources,0.183912,LOW
3828,0.0,0.12473866991432753,0.44865,0.134595,Normal,Normal,0.55135,MEDIUM
3829,0.0,0.10039431876904986,0.6628625,0.19885875,Normal,Normal,0.337137,LOW
3830,1.0,0.1208991342833306,0.491475,0.8474425,Restart Task,Restart Task,0.491475,LOW
3831,0.0,0.11200954485240633,0.5770124999999999,0.17310374999999997,Normal,Normal,0.422988,LOW
3832,0.0,0.032955149200519895,0.9139875,0.27419625,Normal,Normal,0.086013,LOW
3833,0.0,0.08203750894125866,0.7612875,0.22838624999999999,Normal,Normal,0.238712,LOW
3834,0.0,0.128059322630315,0.408575,0.1225725,Normal,Normal,0.591425,MEDIUM
3835,1.0,0.12634442351516245,0.4295375,0.82886125,Restart Task,Restart Task,0.429538,LOW
3836,0.175,0.09801352378525813,0.678825,0.3261475,Scale Resources,Scale Resources,0.496175,LOW
3837,0.0,0.07810399112936917,0.777575,0.2332725,Normal,Normal,0.222425,LOW
3838,0.0,0.1099812942424982,0.593575,0.1780725,Normal,Normal,0.406425,LOW
3839,0.0,0.1351693419964351,0.3113125,0.09339375,Normal,Normal,0.688688,MEDIUM
3840,0.0,0.11896891377246138,0.5107875,0.15323625,Normal,Normal,0.489213,LOW
3841,0.0,0.12011325136596268,0.4999,0.14997,Normal,Normal,0.5001,LOW
3842,0.0,0.14232744116286616,0.19238750000000004,0.05771625000000001,Normal,Normal,0.807612,HIGH
3843,0.0,0.06925350166944377,0.8134,0.24402,Normal,Normal,0.1866,LOW
3844,0.0,0.15444385519199272,0.03433750000000002,0.010301250000000007,Normal,Normal,0.965662,HIGH
3845,0.995,0.11780166424885957,0.5235125,0.85355375,Restart Task,Restart Task,0.528513,LOW
3846,1.0,0.13170699850547296,0.36207500000000004,0.8086225,Restart Task,Restart Task,0.362075,LOW
3847,0.0,0.09498175036998607,0.69705,0.20911499999999997,Normal,Normal,0.30295,LOW
3848,0.11,0.016666985470013773,0.9371125,0.35813375000000003,Scale Resources,Scale Resources,0.172887,LOW
3849,0.0,0.08981987316983203,0.725275,0.21758249999999998,Normal,Normal,0.274725,LOW
3850,0.0,0.12268199241117428,0.47250000000000003,0.14175000000000001,Normal,Normal,0.5275,LOW
3851,0.985,0.013416699264993004,0.940125,0.9715374999999999,Restart Task,Restart Task,0.955125,HIGH
3852,0.97,0.08641029125131294,0.7422,0.9016599999999999,Restart Task,Restart Task,0.7722,MEDIUM
3853,0.68,0.14371932750551641,0.16632499999999995,0.5258974999999999,Migrate VM,Migrate VM,0.486325,LOW
3854,0.0,0.14097952187239576,0.21726250000000003,0.06517875000000001,Normal,Normal,0.782737,MEDIUM
3855,1.0,0.10505369015173155,0.6314500000000001,0.889435,Restart Task,Restart Task,0.63145,MEDIUM
3856,0.0,0.1430961870928854,0.17786250000000003,0.05335875000000001,Normal,Normal,0.822137,HIGH
3857,1.0,0.05984140642707769,0.847775,0.9543324999999999,Restart Task,Restart Task,0.847775,HIGH
3858,0.015,0.10668556755151148,0.6193,0.19629,Normal,Normal,0.3957,LOW
3859,0.0,0.1372014260708071,0.2793,0.08378999999999999,Normal,Normal,0.7207,MEDIUM
3860,0.0,0.13450921870870436,0.321825,0.09654750000000001,Normal,Normal,0.678175,MEDIUM
3861,0.0,0.10567610073626021,0.6266375,0.18799124999999997,Normal,Normal,0.373363,LOW
3862,0.0,0.07662041466335484,0.7835624999999999,0.23506874999999997,Normal,Normal,0.216438,LOW
3863,0.125,0.054526124460159975,0.864325,0.3467975,Scale Resources,Scale Resources,0.260675,LOW
3864,0.0,0.09522053542906539,0.695825,0.2087475,Normal,Normal,0.304175,LOW
3865,0.0,0.07074594820735886,0.80715,0.242145,Normal,Normal,0.19285,LOW
3866,0.0,0.10262801038924046,0.6477375000000001,0.19432125000000003,Normal,Normal,0.352262,LOW
3867,0.0,0.11842778143819943,0.5168874999999999,0.15506625,Normal,Normal,0.483113,LOW
3868,0.055,0.1405186247283336,0.22440000000000004,0.10582,Normal,Normal,0.8306,HIGH
3869,0.005,0.0865679326502321,0.7412624999999999,0.22587875,Normal,Normal,0.263738,LOW
3870,0.01,-0.048603443951047764,0.9719625,0.29858874999999996,Normal,Normal,0.038038,LOW
3871,0.0,0.13223551464565253,0.3544125,0.10632375000000001,Normal,Normal,0.645587,MEDIUM
3872,1.0,0.1281906137451458,0.40705,0.8221149999999999,Restart Task,Restart Task,0.40705,LOW
3873,0.0,0.02548204421802147,0.92645,0.277935,Normal,Normal,0.07355,LOW
3874,0.005,0.08794315729246865,0.7338,0.22364,Normal,Normal,0.2712,LOW
3875,0.0,0.0877532316397539,0.7349,0.22047,Normal,Normal,0.2651,LOW
3876,1.0,-0.03562502425433878,0.9684875,0.99054625,Restart Task,Restart Task,0.968487,HIGH
3877,0.0,0.030740810789189332,0.9185375,0.27556125,Normal,Normal,0.081462,LOW
3878,0.0,0.12840830790327268,0.40431249999999996,0.12129374999999998,Normal,Normal,0.595688,MEDIUM
3879,0.0,-0.09067021156517463,0.9901,0.29702999999999996,Normal,Normal,0.0099,LOW
3880,0.02,0.12663587678754945,0.42586250000000003,0.14175875,Normal,Normal,0.594137,MEDIUM
3881,1.0,0.0948486347531311,0.69765,0.909295,Restart Task,Restart Task,0.69765,MEDIUM
3882,1.0,0.0445726124758109,0.888975,0.9666925,Restart Task,Restart Task,0.888975,HIGH
3883,0.0,0.07322652353570863,0.7967,0.23900999999999997,Normal,Normal,0.2033,LOW
3884,0.0,0.14019789504208596,0.22955000000000003,0.06886500000000001,Normal,Normal,0.77045,MEDIUM
3885,0.0,0.07950668903696484,0.7716125,0.23148375,Normal,Normal,0.228387,LOW
3886,0.0,0.05568414542699013,0.8603375,0.25810125,Normal,Normal,0.139663,LOW
3887,1.0,0.029478166273401607,0.9206624999999999,0.97619875,Restart Task,Restart Task,0.920662,HIGH
3888,0.01,0.13351991181242734,0.33594999999999997,0.10778499999999999,Normal,Normal,0.67405,MEDIUM
3889,0.945,0.08819849880063768,0.7323124999999999,0.88119375,Restart Task,Restart Task,0.787312,MEDIUM
3890,0.0,0.06802405415953511,0.8178624999999999,0.24535874999999996,Normal,Normal,0.182138,LOW
3891,0.97,0.038919141674614965,0.900925,0.9492775,Restart Task,Restart Task,0.930925,HIGH
3892,0.0,0.08087694234220044,0.765875,0.22976249999999998,Normal,Normal,0.234125,LOW
3893,1.0,0.02797771737389987,0.9227375,0.97682125,Restart Task,Restart Task,0.922737,HIGH
3894,0.985,0.1029713140878063,0.6454500000000001,0.883135,Restart Task,Restart Task,0.66045,MEDIUM
3895,0.0,0.1151836161493745,0.5491625,0.16474875,Normal,Normal,0.450838,LOW
3896,0.0,0.13223551464565253,0.3544125,0.10632375000000001,Normal,Normal,0.645587,MEDIUM
3897,0.0,0.08938749163812443,0.727275,0.2181825,Normal,Normal,0.272725,LOW
3898,0.0,-0.06947693853322312,0.9836375,0.29509125,Normal,Normal,0.016362,LOW
3899,0.0,0.03548485036164106,0.907775,0.2723325,Normal,Normal,0.092225,LOW
3900,0.0,0.09203678033791796,0.7134625,0.21403875,Normal,Normal,0.286538,LOW
3901,0.0,0.12760509819953514,0.41385000000000005,0.12415500000000002,Normal,Normal,0.58615,MEDIUM
3902,0.0,0.1099812942424982,0.593575,0.1780725,Normal,Normal,0.406425,LOW
3903,0.0,0.13326330858815671,0.3396125,0.10188375,Normal,Normal,0.660388,MEDIUM
3904,0.005,0.09681110155320233,0.6865,0.20945,Normal,Normal,0.3185,LOW
3905,1.0,0.04858461404372777,0.87985,0.9639549999999999,Restart Task,Restart Task,0.87985,HIGH
3906,0.0,0.14152108783694117,0.20791249999999994,0.06237374999999998,Normal,Normal,0.792088,MEDIUM
3907,0.0,0.06127459394825413,0.8434125,0.25302375,Normal,Normal,0.156587,LOW
3908,1.0,0.12815209811109285,0.40747500000000003,0.8222425,Restart Task,Restart Task,0.407475,LOW
3909,0.0,0.11171771613961867,0.5792999999999999,0.17378999999999997,Normal,Normal,0.4207,LOW
3910,0.0,0.13690948659393476,0.28361250000000005,0.08508375000000001,Normal,Normal,0.716387,MEDIUM
3911,0.0,0.14028954018288753,0.22802500000000003,0.06840750000000001,Normal,Normal,0.771975,MEDIUM
3912,0.995,0.14154020798117473,0.20752499999999996,0.7587575,Restart Task,Restart Task,0.212525,LOW
3913,0.0,0.11257376486736886,0.5720875000000001,0.17162625,Normal,Normal,0.427912,LOW
3914,0.0,0.13254588321914174,0.34995,0.104985,Normal,Normal,0.65005,MEDIUM
3915,0.005,0.11783804891277988,0.522975,0.1603925,Normal,Normal,0.482025,LOW
3916,0.0,0.14529732417692265,0.13775000000000004,0.04132500000000001,Normal,Normal,0.86225,HIGH
3917,0.0,0.12790465779767635,0.4104,0.12312,Normal,Normal,0.5896,MEDIUM
3918,0.0,0.12038783475599263,0.49705,0.149115,Normal,Normal,0.50295,LOW
3919,0.0,0.12906003456124587,0.39675000000000005,0.119025,Normal,Normal,0.60325,MEDIUM
3920,0.99,0.1334996575384107,0.336325,0.7938974999999999,Restart Task,Restart Task,0.346325,LOW
3921,0.0,0.147317307973294,0.10365000000000002,0.031095000000000005,Normal,Normal,0.89635,HIGH
3922,0.0,0.002135212862770741,0.94895,0.28468499999999997,Normal,Normal,0.05105,LOW
3923,1.0,0.09313191661632536,0.7075374999999999,0.9122612499999999,Restart Task,Restart Task,0.707537,MEDIUM
3924,0.0,0.1388074630199374,0.2521,0.07562999999999999,Normal,Normal,0.7479,MEDIUM
3925,0.0,0.08738055743570666,0.7368250000000001,0.2210475,Normal,Normal,0.263175,LOW
3926,0.0,0.13240413276056529,0.35185,0.105555,Normal,Normal,0.64815,MEDIUM
3927,0.0,0.14417462651345114,0.15798749999999995,0.04739624999999998,Normal,Normal,0.842013,HIGH
3928,0.0,0.13450921870870436,0.321825,0.09654750000000001,Normal,Normal,0.678175,MEDIUM
3929,0.0,0.14546536521490294,0.1347125,0.040413750000000005,Normal,Normal,0.865287,HIGH
3930,0.0,0.12336540480954461,0.46448750000000005,0.13934625,Normal,Normal,0.535512,LOW
3931,0.0,0.1242291676972388,0.45448750000000004,0.13634625,Normal,Normal,0.545512,LOW
3932,0.0,0.14863246831016913,0.08452499999999996,0.025357499999999988,Normal,Normal,0.915475,HIGH
3933,0.0,0.11739401467061722,0.5278499999999999,0.15835499999999997,Normal,Normal,0.47215,LOW
3934,1.0,0.1464669970131231,0.11743749999999997,0.73523125,Restart Task,Restart Task,0.117437,LOW
3935,0.0,0.13627241924174327,0.2951625,0.08854875,Normal,Normal,0.704838,MEDIUM
3936,0.0,0.1267135622250798,0.4248875,0.12746624999999998,Normal,Normal,0.575113,MEDIUM
3937,0.08,0.1483484635059567,0.08886249999999996,0.08265874999999998,Normal,Normal,0.991138,HIGH
3938,0.0,0.04392794945549866,0.8901875,0.26705625,Normal,Normal,0.109812,LOW
3939,0.0,0.12732909426444405,0.417025,0.12510749999999998,Normal,Normal,0.582975,MEDIUM
3940,0.0,0.12430428674884092,0.45352499999999996,0.13605749999999997,Normal,Normal,0.546475,LOW
3941,0.005,0.1344957928449932,0.321975,0.1000925,Normal,Normal,0.683025,MEDIUM
3942,1.0,0.14363067917249672,0.1681125,0.75043375,Restart Task,Restart Task,0.168112,LOW
3943,0.0,0.04621729926991458,0.8850625,0.26551874999999997,Normal,Normal,0.114938,LOW
3944,0.0,0.052897839461845064,0.8689875,0.26069625,Normal,Normal,0.131012,LOW
3945,0.0,0.14026129408531907,0.22850000000000004,0.06855000000000001,Normal,Normal,0.7715,MEDIUM
3946,0.01,0.10343797460436222,0.6422375,0.19967125,Normal,Normal,0.367762,LOW
3947,0.0,0.06720152695091935,0.821225,0.2463675,Normal,Normal,0.178775,LOW
3948,0.0,0.11824885774479321,0.5190375,0.15571125,Normal,Normal,0.480962,LOW
3949,0.0,0.1307193558626496,0.375325,0.1125975,Normal,Normal,0.624675,MEDIUM
3950,0.0,0.10508366975220318,0.6312375,0.18937125,Normal,Normal,0.368762,LOW
3951,0.0,0.1344136337754327,0.3231125,0.09693375,Normal,Normal,0.676887,MEDIUM
3952,0.0,-0.00781665703753387,0.954325,0.2862975,Normal,Normal,0.045675,LOW
3953,0.0,0.13316375602701208,0.34101250000000005,0.10230375000000001,Normal,Normal,0.658987,MEDIUM
3954,0.98,-0.0032050153635413414,0.95195,0.9715849999999999,Restart Task,Restart Task,0.97195,HIGH
3955,0.0,0.13560181068707305,0.3048375,0.09145125,Normal,Normal,0.695163,MEDIUM
3956,1.0,0.1274959941238663,0.41545,0.824635,Restart Task,Restart Task,0.41545,LOW
3957,0.0,0.03407980199205907,0.91125,0.273375,Normal,Normal,0.08875,LOW
3958,0.0,0.05186326018521881,0.8719125,0.26157375,Normal,Normal,0.128088,LOW
3959,0.0,0.0924374985925297,0.7113625,0.21340875,Normal,Normal,0.288637,LOW
3960,0.925,0.06397143064540117,0.8329875,0.8973962499999999,Restart Task,Restart Task,0.907987,HIGH
3961,0.0,0.13564098439521688,0.30432499999999996,0.09129749999999999,Normal,Normal,0.695675,MEDIUM
3962,0.0,0.06363797771888757,0.8343625,0.25030874999999997,Normal,Normal,0.165637,LOW
3963,0.0,0.13512321901909435,0.31205000000000005,0.09361500000000002,Normal,Normal,0.68795,MEDIUM
3964,0.0,0.12588609196045347,0.43505000000000005,0.13051500000000002,Normal,Normal,0.56495,MEDIUM
3965,0.0,0.036058805158304175,0.906625,0.2719875,Normal,Normal,0.093375,LOW
3966,0.0,0.14898348585820165,0.07977500000000004,0.023932500000000013,Normal,Normal,0.920225,HIGH
3967,0.0,0.12096928783545219,0.4908,0.14724,Normal,Normal,0.5092,LOW
3968,0.0,0.13522420263048268,0.3105375,0.09316125,Normal,Normal,0.689462,MEDIUM
3969,0.0,0.12737597004798668,0.41655,0.12496499999999999,Normal,Normal,0.58345,MEDIUM
3970,0.005,0.11839902774696814,0.5174000000000001,0.15872000000000003,Normal,Normal,0.4876,LOW
3971,0.84,0.08201881828836854,0.761375,0.8164125,Restart Task,Restart Task,0.921375,HIGH
3972,0.915,0.11519870671226945,0.5489999999999999,0.8051999999999999,Restart Task,Restart Task,0.634,MEDIUM
3973,0.0,0.09118629485748397,0.7181625,0.21544875,Normal,Normal,0.281837,LOW
3974,0.195,0.03039840322192988,0.919025,0.41220749999999995,Scale Resources,Scale Resources,0.275975,LOW
3975,0.0,0.05343102840692243,0.867475,0.2602425,Normal,Normal,0.132525,LOW
3976,1.0,0.12872044979322522,0.40090000000000003,0.8202699999999999,Restart Task,Restart Task,0.4009,LOW
3977,0.0,0.02933332517296694,0.9207625,0.27622875,Normal,Normal,0.079237,LOW
3978,0.0,0.15351141208402025,0.04041249999999996,0.012123749999999989,Normal,Normal,0.959588,HIGH
3979,0.0,-0.0820877367030135,0.9872375,0.29617125,Normal,Normal,0.012763,LOW
3980,0.0,0.09622575764824948,0.6899124999999999,0.20697374999999998,Normal,Normal,0.310088,LOW
3981,0.005,0.14549827629642342,0.1342375,0.04377125,Normal,Normal,0.870762,HIGH
3982,0.0,0.061001909924201014,0.8443,0.25329,Normal,Normal,0.1557,LOW
3983,0.0,-0.018135006457911995,0.961125,0.28833749999999997,Normal,Normal,0.038875,LOW
3984,0.005,0.0372964343466865,0.903875,0.2746625,Normal,Normal,0.101125,LOW
3985,1.0,0.09916368575279072,0.6711,0.90133,Restart Task,Restart Task,0.6711,MEDIUM
3986,0.0,0.14154431100868675,0.20743750000000005,0.062231250000000016,Normal,Normal,0.792562,MEDIUM
3987,0.0,0.14074788170222147,0.22077500000000005,0.06623250000000001,Normal,Normal,0.779225,MEDIUM
3988,0.0,0.13147766536362782,0.365225,0.1095675,Normal,Normal,0.634775,MEDIUM
3989,0.0,0.12950881390869157,0.3908625,0.11725875,Normal,Normal,0.609137,MEDIUM
3990,0.0,0.13567121218551015,0.303925,0.0911775,Normal,Normal,0.696075,MEDIUM
3991,0.0,0.09479185571746568,0.6978500000000001,0.209355,Normal,Normal,0.30215,LOW
3992,0.0,0.1211459136926537,0.4888125,0.14664375,Normal,Normal,0.511188,LOW
3993,0.995,0.10483932700369936,0.6328875,0.88636625,Restart Task,Restart Task,0.637888,MEDIUM
3994,1.0,0.08149002432090585,0.7636625,0.92909875,Restart Task,Restart Task,0.763663,MEDIUM
3995,0.0,0.13841452718436553,0.2582875,0.07748624999999999,Normal,Normal,0.741712,MEDIUM
3996,0.0,0.029024807858357038,0.921325,0.27639749999999996,Normal,Normal,0.078675,LOW
3997,0.0,0.05540764988736796,0.8612625,0.25837875,Normal,Normal,0.138737,LOW
3998,0.0,0.03874933087515742,0.9012249999999999,0.2703675,Normal,Normal,0.098775,LOW
3999,1.0,0.1282706065034369,0.40607499999999996,0.8218224999999999,Restart Task,Restart Task,0.406075,LOW
4000,0.0,0.14198391871418325,0.19874999999999998,0.05962499999999999,Normal,Normal,0.80125,HIGH
4001,0.0,0.10896976332298636,0.602175,0.1806525,Normal,Normal,0.397825,LOW
4002,0.0,0.12497379806240022,0.4458,0.13374,Normal,Normal,0.5542,MEDIUM
4003,0.0,0.08707607785361138,0.7386874999999999,0.22160624999999998,Normal,Normal,0.261313,LOW
4004,0.0,0.08821949418734482,0.732275,0.2196825,Normal,Normal,0.267725,LOW
4005,1.0,0.09203680040969192,0.7134499999999999,0.9140349999999999,Restart Task,Restart Task,0.71345,MEDIUM
4006,0.0,0.12553595904769593,0.43945,0.131835,Normal,Normal,0.56055,MEDIUM
4007,1.0,0.06670737027385709,0.8228875,0.9468662499999999,Restart Task,Restart Task,0.822887,HIGH
4008,0.0,0.02983450854200098,0.9200625,0.27601875,Normal,Normal,0.079937,LOW
4009,0.0,0.09301372869101526,0.7082999999999999,0.21248999999999998,Normal,Normal,0.2917,LOW
4010,0.0,0.12200060225135478,0.47962499999999997,0.14388749999999997,Normal,Normal,0.520375,LOW
4011,0.0,0.1441521196846986,0.15827500000000005,0.04748250000000002,Normal,Normal,0.841725,HIGH
4012,1.0,0.07047382830027443,0.80825,0.942475,Restart Task,Restart Task,0.80825,HIGH
4013,0.0,0.13626503293312586,0.29527499999999995,0.08858249999999998,Normal,Normal,0.704725,MEDIUM
4014,1.0,0.04609462989535973,0.8853875,0.96561625,Restart Task,Restart Task,0.885387,HIGH
4015,0.0,0.14644160293905217,0.118,0.035399999999999994,Normal,Normal,0.882,HIGH
4016,0.0,0.1319583274041612,0.35872499999999996,0.10761749999999999,Normal,Normal,0.641275,MEDIUM
4017,0.0,0.1469254949901609,0.11047499999999999,0.0331425,Normal,Normal,0.889525,HIGH
4018,0.0,0.066699169729666,0.822925,0.2468775,Normal,Normal,0.177075,LOW
4019,0.0,0.08624344375993909,0.74305,0.222915,Normal,Normal,0.25695,LOW
4020,0.005,0.1068389227106804,0.618375,0.1890125,Normal,Normal,0.386625,LOW
4021,0.0,0.15139299562067893,0.05810000000000004,0.01743000000000001,Normal,Normal,0.9419,HIGH
4022,0.0,0.1340022671728674,0.3286875,0.09860625,Normal,Normal,0.671312,MEDIUM
4023,0.0,0.10090898077029892,0.659125,0.19773749999999998,Normal,Normal,0.340875,LOW
4024,0.005,0.1489926254156329,0.07968750000000002,0.027406250000000007,Normal,Normal,0.925312,HIGH
4025,0.0,0.15077275133312656,0.06288749999999999,0.018866249999999994,Normal,Normal,0.937113,HIGH
4026,0.0,-0.11909477665895762,0.9940125,0.29820375,Normal,Normal,0.005988,LOW
4027,0.0,0.13680425118946793,0.2851125,0.08553374999999999,Normal,Normal,0.714888,MEDIUM
4028,0.0,0.13731130288223897,0.27661250000000004,0.08298375000000001,Normal,Normal,0.723387,MEDIUM
4029,1.0,0.054594975283492775,0.8640375,0.95921125,Restart Task,Restart Task,0.864038,HIGH
4030,0.01,0.1357965246474483,0.30235,0.09770499999999999,Normal,Normal,0.70765,MEDIUM
4031,1.0,0.1229211598948492,0.46968750000000004,0.84090625,Restart Task,Restart Task,0.469688,LOW
4032,0.98,0.12229956654058655,0.476525,0.8289574999999999,Restart Task,Restart Task,0.496525,LOW
4033,0.0,0.07520501784247752,0.7891874999999999,0.23675624999999997,Normal,Normal,0.210813,LOW
4034,0.005,0.12246003370227632,0.47502500000000003,0.1460075,Normal,Normal,0.529975,LOW
4035,0.0,0.10661232584368446,0.6197874999999999,0.18593624999999997,Normal,Normal,0.380213,LOW
4036,0.0,0.13501267429625358,0.314125,0.09423749999999999,Normal,Normal,0.685875,MEDIUM
4037,0.0,0.13562916780497308,0.30446249999999997,0.09133874999999998,Normal,Normal,0.695538,MEDIUM
4038,0.0,0.14325366451142985,0.17474999999999996,0.052424999999999986,Normal,Normal,0.82525,HIGH
4039,0.015,0.08931288051030728,0.7276625,0.22879875,Normal,Normal,0.287338,LOW
4040,0.0,0.1207210374950417,0.493325,0.1479975,Normal,Normal,0.506675,LOW
4041,0.0,0.13164250581572468,0.36296249999999997,0.10888874999999999,Normal,Normal,0.637038,MEDIUM
4042,0.0,0.14271696907046866,0.18456249999999996,0.05536874999999999,Normal,Normal,0.815438,HIGH
4043,1.0,0.153987943666186,0.0375375,0.71126125,Restart Task,Restart Task,0.037538,LOW
4044,0.0,0.1411993877398387,0.2137,0.06411,Normal,Normal,0.7863,MEDIUM
4045,0.0,0.12737556839087438,0.41656249999999995,0.12496874999999998,Normal,Normal,0.583438,MEDIUM
4046,0.0,0.13137306982026542,0.3667625,0.11002875,Normal,Normal,0.633238,MEDIUM
4047,0.01,0.12429762966780833,0.4536125,0.14308374999999998,Normal,Normal,0.556388,MEDIUM
4048,0.0,-0.018082644899447553,0.9611125,0.28833375,Normal,Normal,0.038887,LOW
4049,0.97,0.1474092305000551,0.10216250000000004,0.7096487499999999,Restart Task,Restart Task,0.132163,LOW
4050,0.0,0.015538577645618612,0.9380625,0.28141875,Normal,Normal,0.061937,LOW
4051,0.0,-0.06870504519342069,0.9827625,0.29482875,Normal,Normal,0.017238,LOW
4052,0.0,0.03503697758331459,0.9087875,0.27263624999999997,Normal,Normal,0.091213,LOW
4053,1.0,0.005489529301919038,0.946725,0.9840175,Restart Task,Restart Task,0.946725,HIGH
4054,0.0,0.13283186377890277,0.34565,0.103695,Normal,Normal,0.65435,MEDIUM
4055,1.0,0.02606444132054675,0.92555,0.977665,Restart Task,Restart Task,0.92555,HIGH
4056,0.0,0.13839640357735333,0.25846250000000004,0.07753875,Normal,Normal,0.741537,MEDIUM
4057,0.995,0.13425426784719752,0.3254625,0.79413875,Restart Task,Restart Task,0.330462,LOW
4058,0.0,0.13845674301806926,0.2576625,0.07729875,Normal,Normal,0.742337,MEDIUM
4059,0.0,0.12995262868809998,0.3848125,0.11544375,Normal,Normal,0.615187,MEDIUM
4060,0.99,0.07802463720792147,0.7778875000000001,0.92636625,Restart Task,Restart Task,0.787888,MEDIUM
4061,1.0,0.14000274652767453,0.23267499999999997,0.7698025,Restart Task,Restart Task,0.232675,LOW
4062,0.0,0.14770749358360558,0.09772499999999995,0.029317499999999982,Normal,Normal,0.902275,HIGH
4063,0.0,0.06180843636867722,0.8412375,0.25237125,Normal,Normal,0.158763,LOW
4064,0.0,0.13878889523141236,0.2523875,0.07571625,Normal,Normal,0.747613,MEDIUM
4065,1.0,0.1337838557489196,0.33196250000000005,0.79958875,Restart Task,Restart Task,0.331963,LOW
4066,0.0,0.0768463825702616,0.7826124999999999,0.23478374999999996,Normal,Normal,0.217388,LOW
4067,1.0,0.12637103565126634,0.42905000000000004,0.828715,Restart Task,Restart Task,0.42905,LOW
4068,0.0,0.10144536220119266,0.6554,0.19662,Normal,Normal,0.3446,LOW
4069,0.0,0.14450841797436798,0.15159999999999996,0.045479999999999986,Normal,Normal,0.8484,HIGH
4070,0.0,0.12139744755026727,0.48621250000000005,0.14586375000000001,Normal,Normal,0.513787,LOW
4071,1.0,0.07567389881387582,0.7871875,0.93615625,Restart Task,Restart Task,0.787188,MEDIUM
4072,0.0,0.09570885572300386,0.693125,0.2079375,Normal,Normal,0.306875,LOW
4073,0.0,0.04227277231919979,0.8940125,0.26820374999999996,Normal,Normal,0.105988,LOW
4074,0.105,0.14048258002488812,0.22501249999999995,0.14100374999999998,Normal,Normal,0.879988,HIGH
4075,0.905,0.0010676237029714208,0.9494625,0.91833875,Restart Task,Restart Task,0.955538,HIGH
4076,0.0,0.13280249249575599,0.34604999999999997,0.10381499999999999,Normal,Normal,0.65395,MEDIUM
4077,0.0,0.0881610384161825,0.732525,0.2197575,Normal,Normal,0.267475,LOW
4078,0.0,0.12098094428141554,0.49072499999999997,0.14721749999999997,Normal,Normal,0.509275,LOW
4079,1.0,0.048085763311423946,0.8808374999999999,0.96425125,Restart Task,Restart Task,0.880837,HIGH
4080,0.0,-0.06870504519342069,0.9827625,0.29482875,Normal,Normal,0.017238,LOW
4081,0.0,0.07967017431715206,0.7709125,0.23127375,Normal,Normal,0.229087,LOW
4082,0.0,0.13709968129363032,0.28080000000000005,0.08424000000000001,Normal,Normal,0.7192,MEDIUM
4083,1.0,0.12762071879571724,0.413675,0.8241025,Restart Task,Restart Task,0.413675,LOW
4084,1.0,0.08536326917665582,0.74715,0.924145,Restart Task,Restart Task,0.74715,MEDIUM
4085,0.0,0.137474897208683,0.27408750000000004,0.08222625000000001,Normal,Normal,0.725912,MEDIUM
4086,0.0,0.12842463588469605,0.40422499999999995,0.12126749999999997,Normal,Normal,0.595775,MEDIUM
4087,0.0,0.11405412902870327,0.5587625,0.16762875000000002,Normal,Normal,0.441237,LOW
4088,0.0,0.10996161457809978,0.5937,0.17811,Normal,Normal,0.4063,LOW
4089,0.0,0.10163099606767878,0.6542875,0.19628625,Normal,Normal,0.345712,LOW
4090,0.0,0.11941412213269648,0.5069,0.15207,Normal,Normal,0.4931,LOW
4091,0.0,-0.017703024741283824,0.9610125,0.28830375,Normal,Normal,0.038987,LOW
4092,0.0,0.1387167883865158,0.25346250000000003,0.07603875,Normal,Normal,0.746537,MEDIUM
4093,0.0,0.12111232731151711,0.489225,0.1467675,Normal,Normal,0.510775,LOW
4094,0.0,0.03765917436385735,0.903325,0.2709975,Normal,Normal,0.096675,LOW
4095,0.005,0.12262108529102156,0.47324999999999995,0.145475,Normal,Normal,0.53175,LOW
4096,0.0,0.1175152373564225,0.52675,0.158025,Normal,Normal,0.47325,LOW
4097,0.0,0.08168702031941683,0.762675,0.2288025,Normal,Normal,0.237325,LOW
4098,0.98,0.1376854210598995,0.2712,0.7673599999999999,Restart Task,Restart Task,0.2912,LOW
4099,0.0,-0.013254028666361717,0.9583375,0.28750125,Normal,Normal,0.041663,LOW
4100,0.0,0.10789275696057155,0.6108625,0.18325875,Normal,Normal,0.389138,LOW
4101,0.985,0.040272247575479536,0.8982,0.95896,Restart Task,Restart Task,0.9132,HIGH
4102,0.025,0.1279828530856506,0.409575,0.14037249999999998,Normal,Normal,0.615425,MEDIUM
4103,0.0,0.09613339732900533,0.6905625,0.20716874999999998,Normal,Normal,0.309438,LOW
4104,0.0,0.062054941337817526,0.8403875000000001,0.25211625,Normal,Normal,0.159612,LOW
4105,0.0,0.005246147516638433,0.9468375,0.28405125,Normal,Normal,0.053163,LOW
4106,0.0,0.15896029071475692,0.012187500000000018,0.003656250000000005,Normal,Normal,0.987812,HIGH
4107,0.995,0.08589069139380823,0.7448874999999999,0.91996625,Restart Task,Restart Task,0.749887,MEDIUM
4108,0.0,0.10878708265952614,0.60375,0.181125,Normal,Normal,0.39625,LOW
4109,0.875,0.06893413021750222,0.8145249999999999,0.8568574999999999,Restart Task,Restart Task,0.939525,HIGH
4110,0.0,0.12956067705827706,0.39,0.11699999999999999,Normal,Normal,0.61,MEDIUM
4111,0.0,0.13789791564009585,0.2677125,0.08031375,Normal,Normal,0.732287,MEDIUM
4112,0.0,0.1365108099332486,0.29079999999999995,0.08723999999999998,Normal,Normal,0.7092,MEDIUM
4113,0.0,0.13911378919626338,0.24756250000000002,0.07426875000000001,Normal,Normal,0.752437,MEDIUM
4114,0.0,0.1423569566113847,0.19181250000000005,0.05754375000000001,Normal,Normal,0.808187,HIGH
4115,0.0,0.04918243041360565,0.8782625,0.26347875,Normal,Normal,0.121738,LOW
4116,0.97,0.08500908765133347,0.74865,0.9035949999999999,Restart Task,Restart Task,0.77865,MEDIUM
4117,0.0,0.1475801869757818,0.09957499999999997,0.02987249999999999,Normal,Normal,0.900425,HIGH
4118,0.0,0.09438677628050751,0.7001,0.21002999999999997,Normal,Normal,0.2999,LOW
4119,0.0,0.14015068729644792,0.23038749999999997,0.06911624999999999,Normal,Normal,0.769613,MEDIUM
4120,0.0,0.06543387715230709,0.8276749999999999,0.24830249999999998,Normal,Normal,0.172325,LOW
4121,0.0,0.13281155806386757,0.34595,0.10378499999999999,Normal,Normal,0.65405,MEDIUM
4122,0.9,0.14609261978177812,0.12372499999999997,0.6671175,Restart Task,Restart Task,0.223725,LOW
4123,0.0,0.13540459703579727,0.30805000000000005,0.09241500000000001,Normal,Normal,0.69195,MEDIUM
4124,0.0,0.05362362928380787,0.86705,0.260115,Normal,Normal,0.13295,LOW
4125,0.005,0.14470767144766977,0.14822500000000005,0.04796750000000001,Normal,Normal,0.856775,HIGH
4126,0.0,0.11637977800093469,0.5380375,0.16141124999999998,Normal,Normal,0.461963,LOW
4127,0.005,0.05056736093382397,0.8748374999999999,0.26595125,Normal,Normal,0.130163,LOW
4128,0.0,0.12192003492183306,0.48043749999999996,0.14413125,Normal,Normal,0.519563,LOW
4129,0.0,0.14748856212679085,0.10097500000000004,0.03029250000000001,Normal,Normal,0.899025,HIGH
4130,0.005,0.1305167498289272,0.37792499999999996,0.11687749999999998,Normal,Normal,0.627075,MEDIUM
4131,0.0,0.11745847782155705,0.5272625,0.15817874999999998,Normal,Normal,0.472738,LOW
4132,0.0,0.1413280684682972,0.21155000000000002,0.06346500000000001,Normal,Normal,0.78845,MEDIUM
4133,1.0,0.12174317296257631,0.482425,0.8447275,Restart Task,Restart Task,0.482425,LOW
4134,0.0,-0.05657686824510266,0.9735125,0.29205375,Normal,Normal,0.026487,LOW
4135,0.0,0.1305273244117675,0.37787499999999996,0.11336249999999998,Normal,Normal,0.622125,MEDIUM
4136,0.0,0.09840507816112104,0.6762874999999999,0.20288624999999996,Normal,Normal,0.323713,LOW
4137,1.0,0.04898516507822892,0.8789750000000001,0.9636925,Restart Task,Restart Task,0.878975,HIGH
4138,0.0,0.14227927393708656,0.19338750000000005,0.05801625000000001,Normal,Normal,0.806612,HIGH
4139,1.0,0.1223732120590541,0.4757625,0.8427287499999999,Restart Task,Restart Task,0.475762,LOW
4140,1.0,0.15676283085072934,0.021512500000000045,0.70645375,Restart Task,Restart Task,0.021513,LOW
4141,1.0,0.1329274113581279,0.344375,0.8033125,Restart Task,Restart Task,0.344375,LOW
4142,0.0,0.13943531176306156,0.242525,0.07275749999999999,Normal,Normal,0.757475,MEDIUM
4143,0.0,0.0864274249029025,0.74205,0.22261499999999998,Normal,Normal,0.25795,LOW
4144,0.0,0.04394675654132563,0.8901625,0.26704875,Normal,Normal,0.109838,LOW
4145,0.0,0.07320817233992688,0.7967625,0.23902875,Normal,Normal,0.203237,LOW
4146,0.0,-0.13709765081470948,0.9955125,0.29865375,Normal,Normal,0.004487,LOW
4147,0.0,0.15658593425086115,0.022399999999999975,0.0067199999999999925,Normal,Normal,0.9776,HIGH
4148,0.0,0.0966734177264072,0.6872750000000001,0.20618250000000002,Normal,Normal,0.312725,LOW
4149,0.0,0.11567421631307157,0.5443374999999999,0.16330124999999998,Normal,Normal,0.455663,LOW
4150,0.0,0.13918601402950614,0.24636250000000004,0.07390875000000001,Normal,Normal,0.753637,MEDIUM
4151,0.085,0.0829346318929321,0.757925,0.2868775,Normal,Normal,0.327075,LOW
4152,0.0,-0.015015725735788021,0.9596625,0.28789875,Normal,Normal,0.040338,LOW
4153,0.0,0.13788041555680391,0.267825,0.08034749999999999,Normal,Normal,0.732175,MEDIUM
4154,0.0,-0.016951119783637614,0.96075,0.288225,Normal,Normal,0.03925,LOW
4155,0.995,0.049825093427272316,0.8766,0.95948,Restart Task,Restart Task,0.8816,HIGH
4156,0.975,0.054567235149960425,0.8641125000000001,0.94173375,Restart Task,Restart Task,0.889113,HIGH
4157,0.02,0.000673408306626988,0.94965,0.298895,Normal,Normal,0.07035,LOW
4158,0.0,0.09516678902496434,0.6960625,0.20881875,Normal,Normal,0.303937,LOW
4159,0.005,0.0796798631957999,0.7708625,0.23475875,Normal,Normal,0.234137,LOW
4160,0.0,0.12374648265345167,0.4598875,0.13796624999999998,Normal,Normal,0.540112,LOW
4161,0.0,0.1426722833319501,0.18552500000000005,0.05565750000000001,Normal,Normal,0.814475,HIGH
4162,0.145,0.1466679473290498,0.11472499999999997,0.13591749999999997,Normal,Normal,0.969725,HIGH
4163,0.0,0.11728551439886403,0.5289874999999999,0.15869624999999998,Normal,Normal,0.471013,LOW
4164,0.0,0.12942295464244197,0.3919125,0.11757374999999999,Normal,Normal,0.608088,MEDIUM
4165,0.0,0.12591561577164628,0.43457500000000004,0.1303725,Normal,Normal,0.565425,MEDIUM
4166,0.0,0.11612756425786835,0.5402374999999999,0.16207124999999997,Normal,Normal,0.459763,LOW
4167,0.0,0.14271521711975288,0.1846375,0.05539125,Normal,Normal,0.815362,HIGH
4168,1.0,0.06983728805987865,0.8110375,0.9433112499999999,Restart Task,Restart Task,0.811037,HIGH
4169,0.15,0.12024551607284184,0.4984375,0.25453125,Normal,Normal,0.651563,MEDIUM
4170,0.995,0.08716215878758332,0.7382625,0.9179787500000001,Restart Task,Restart Task,0.743263,MEDIUM
4171,0.0,0.049348391015864634,0.8778625,0.26335875,Normal,Normal,0.122138,LOW
4172,0.0,-0.06310590095631774,0.9761875,0.29285625,Normal,Normal,0.023813,LOW
4173,0.0,0.13063886184063855,0.37636250000000004,0.11290875,Normal,Normal,0.623637,MEDIUM
4174,0.0,0.14162000693592713,0.20606250000000004,0.061818750000000006,Normal,Normal,0.793937,MEDIUM
4175,1.0,0.05394038796151779,0.8661125000000001,0.95983375,Restart Task,Restart Task,0.866113,HIGH
4176,0.0,0.1277130617891421,0.41256250000000005,0.12376875000000001,Normal,Normal,0.587437,MEDIUM
4177,0.0,-0.007056671119181401,0.9538375,0.28615124999999997,Normal,Normal,0.046162,LOW
4178,0.0,0.1302753576107905,0.38085,0.114255,Normal,Normal,0.61915,MEDIUM
4179,1.0,0.13939911325409998,0.2429,0.77287,Restart Task,Restart Task,0.2429,LOW
4180,0.0,0.140832868941967,0.21942499999999998,0.0658275,Normal,Normal,0.780575,MEDIUM
4181,0.0,0.044854251666155476,0.88825,0.26647499999999996,Normal,Normal,0.11175,LOW
4182,0.02,0.06502605095052566,0.8292875,0.26278625,Normal,Normal,0.190713,LOW
4183,0.0,0.1343695444364984,0.32375,0.09712499999999999,Normal,Normal,0.67625,MEDIUM
4184,0.0,0.14406111376980008,0.15998749999999995,0.04799624999999998,Normal,Normal,0.840013,HIGH
4185,0.0,0.14677028030745748,0.11311249999999995,0.033933749999999985,Normal,Normal,0.886888,HIGH
4186,0.0,0.13997730143739462,0.23314999999999997,0.069945,Normal,Normal,0.76685,MEDIUM
4187,0.0,0.04041619326669188,0.8979375,0.26938125,Normal,Normal,0.102062,LOW
4188,0.0,0.15502443612178018,0.030850000000000044,0.009255000000000013,Normal,Normal,0.96915,HIGH
4189,0.0,0.10933096259580222,0.5990500000000001,0.179715,Normal,Normal,0.40095,LOW
4190,0.0,0.07444288603277904,0.792025,0.23760749999999997,Normal,Normal,0.207975,LOW
4191,1.0,-0.007277755194912583,0.953975,0.9861925,Restart Task,Restart Task,0.953975,HIGH
4192,0.975,0.11750108081216393,0.5269375000000001,0.8405812500000001,Restart Task,Restart Task,0.551938,MEDIUM
4193,0.0,0.1445933916655726,0.1500125,0.045003749999999995,Normal,Normal,0.849988,HIGH
4194,0.0,0.046213350688737054,0.8850625,0.26551874999999997,Normal,Normal,0.114938,LOW
4195,0.005,0.12323182701058277,0.466175,0.1433525,Normal,Normal,0.538825,LOW
4196,0.025,0.13377404013148753,0.332175,0.11715249999999999,Normal,Normal,0.692825,MEDIUM
4197,1.0,0.10309843941571761,0.6446000000000001,0.89338,Restart Task,Restart Task,0.6446,MEDIUM
4198,0.0,0.14877555716804114,0.08251249999999999,0.024753749999999995,Normal,Normal,0.917488,HIGH
4199,0.0,0.08539512591751652,0.74705,0.22411499999999998,Normal,Normal,0.25295,LOW
4200,0.0,0.031321413956255095,0.917275,0.2751825,Normal,Normal,0.082725,LOW
4201,0.04,0.1397773260360155,0.23657499999999998,0.09897249999999999,Normal,Normal,0.803425,HIGH
4202,0.955,0.08121503625230542,0.7647875,0.89793625,Restart Task,Restart Task,0.809787,HIGH
4203,1.0,0.12155356332504907,0.4846625,0.84539875,Restart Task,Restart Task,0.484662,LOW
4204,0.95,-0.06269175414559502,0.97575,0.9577249999999999,Restart Task,Restart Task,0.97425,HIGH
4205,0.0,0.12643548973064417,0.4282625,0.12847875,Normal,Normal,0.571738,MEDIUM
4206,1.0,0.1375425743914535,0.27308750000000004,0.7819262499999999,Restart Task,Restart Task,0.273088,LOW
4207,0.0,0.11189564198658608,0.5780375,0.17341125,Normal,Normal,0.421963,LOW
4208,0.0,0.12822043657628412,0.40659999999999996,0.12197999999999998,Normal,Normal,0.5934,MEDIUM
4209,0.06,0.10489961978405815,0.63245,0.23173499999999997,Normal,Normal,0.42755,LOW
4210,0.0,0.138058397056313,0.26426249999999996,0.07927874999999998,Normal,Normal,0.735738,MEDIUM
4211,0.0,0.08992840121425921,0.72455,0.217365,Normal,Normal,0.27545,LOW
4212,0.0,0.08514723389369211,0.7480375,0.22441125,Normal,Normal,0.251962,LOW
4213,0.0,0.06627910890184191,0.824425,0.24732749999999998,Normal,Normal,0.175575,LOW
4214,0.0,0.07678820575387241,0.78285,0.234855,Normal,Normal,0.21715,LOW
4215,0.0,0.14467417675097177,0.148625,0.0445875,Normal,Normal,0.851375,HIGH
4216,0.01,0.14194215215876754,0.19965,0.066895,Normal,Normal,0.81035,HIGH
4217,0.845,0.028302158193192928,0.92225,0.8681749999999999,Restart Task,Restart Task,0.92275,HIGH
4218,1.0,0.14255607577177398,0.18786250000000004,0.75635875,Restart Task,Restart Task,0.187863,LOW
4219,0.0,-0.0708647027933057,0.9847875,0.29543625,Normal,Normal,0.015212,LOW
4220,0.0,0.0005668657450123016,0.949725,0.2849175,Normal,Normal,0.050275,LOW
4221,0.0,0.11198954525218213,0.5772125,0.17316375,Normal,Normal,0.422787,LOW
4222,0.0,0.13340452713495182,0.33755,0.10126500000000001,Normal,Normal,0.66245,MEDIUM
4223,0.0,0.11132679896027581,0.582425,0.17472749999999998,Normal,Normal,0.417575,LOW
4224,1.0,-0.025985951724517342,0.9646,0.9893799999999999,Restart Task,Restart Task,0.9646,HIGH
4225,0.0,0.09194862727598185,0.7140500000000001,0.21421500000000002,Normal,Normal,0.28595,LOW
4226,0.0,0.019857533414773365,0.9333125,0.27999375,Normal,Normal,0.066688,LOW
4227,0.0,0.08641116568843693,0.7421875,0.22265625,Normal,Normal,0.257812,LOW
4228,0.0,0.13162853037180983,0.3630875,0.10892625,Normal,Normal,0.636912,MEDIUM
4229,0.0,-0.00629987034057955,0.9534625,0.28603875,Normal,Normal,0.046538,LOW
4230,0.005,0.037585324606541404,0.90345,0.274535,Normal,Normal,0.10155,LOW
4231,0.0,0.14401599592825598,0.16102499999999997,0.04830749999999999,Normal,Normal,0.838975,HIGH
4232,0.0,0.016946181224462897,0.9369,0.28107,Normal,Normal,0.0631,LOW
4233,0.005,0.08543061063804147,0.7469,0.22757,Normal,Normal,0.2581,LOW
4234,0.005,0.12671089273982172,0.4250125,0.13100375,Normal,Normal,0.579987,MEDIUM
4235,0.0,0.14050816695530477,0.22465000000000002,0.067395,Normal,Normal,0.77535,MEDIUM
4236,0.0,0.14084054127178997,0.21930000000000005,0.06579000000000002,Normal,Normal,0.7807,MEDIUM
4237,0.995,0.11568347336878554,0.54415,0.859745,Restart Task,Restart Task,0.54915,LOW
4238,0.0,0.10968955672223507,0.5959125000000001,0.17877375,Normal,Normal,0.404087,LOW
4239,0.0,0.14271696907046866,0.18456249999999996,0.05536874999999999,Normal,Normal,0.815438,HIGH
4240,0.995,0.06550227794567565,0.8275,0.94475,Restart Task,Restart Task,0.8325,HIGH
4241,0.0,0.13900180564600323,0.249,0.0747,Normal,Normal,0.751,MEDIUM
4242,0.0,-0.08722567252646152,0.98845,0.296535,Normal,Normal,0.01155,LOW
4243,0.005,0.060221856511392835,0.8465625,0.25746874999999997,Normal,Normal,0.158438,LOW
4244,0.0,0.10874348061845557,0.604125,0.1812375,Normal,Normal,0.395875,LOW
4245,0.83,0.13963901127510908,0.23934999999999995,0.652805,Restart Task,Restart Task,0.40935,LOW
4246,0.0,0.045210895492160064,0.8874875,0.26624624999999996,Normal,Normal,0.112513,LOW
4247,0.0,0.0774579384076054,0.7801125,0.23403374999999998,Normal,Normal,0.219888,LOW
4248,0.0,0.12620035165803506,0.4312625,0.12937875,Normal,Normal,0.568738,MEDIUM
4249,0.0,0.10867587723969924,0.6047374999999999,0.18142124999999998,Normal,Normal,0.395263,LOW
4250,0.995,0.15860720542741158,0.01319999999999999,0.70046,Restart Task,Restart Task,0.0182,LOW
4251,0.0,0.09121492459040198,0.7180625,0.21541875000000002,Normal,Normal,0.281937,LOW
4252,0.0,0.14723581618541687,0.10552499999999998,0.03165749999999999,Normal,Normal,0.894475,HIGH
4253,0.0,0.12325195125363997,0.4658875,0.13976625,Normal,Normal,0.534112,LOW
4254,0.99,0.14501359016309096,0.14223750000000002,0.73567125,Restart Task,Restart Task,0.152238,LOW
4255,0.015,0.13565275761255718,0.30413749999999995,0.10174124999999998,Normal,Normal,0.710863,MEDIUM
4256,0.0,0.10867587723969924,0.6047374999999999,0.18142124999999998,Normal,Normal,0.395263,LOW
4257,0.0,0.13960687297646485,0.23992500000000005,0.07197750000000001,Normal,Normal,0.760075,MEDIUM
4258,0.0,0.09314429504343208,0.7074875,0.21224625,Normal,Normal,0.292512,LOW
4259,0.01,0.08636913869657192,0.7423124999999999,0.22969374999999997,Normal,Normal,0.267688,LOW
4260,0.0,0.11281932746364337,0.5699125,0.17097375,Normal,Normal,0.430087,LOW
4261,0.0,0.08823515247648434,0.7322124999999999,0.21966374999999996,Normal,Normal,0.267788,LOW
4262,0.0,0.12292384342755963,0.46963750000000004,0.14089125,Normal,Normal,0.530362,LOW
4263,0.035,0.10692244163024239,0.617775,0.20983249999999998,Normal,Normal,0.417225,LOW
4264,1.0,0.11647303572303175,0.5373125000000001,0.86119375,Restart Task,Restart Task,0.537313,LOW
4265,0.96,0.10268572916669211,0.647275,0.8661825,Restart Task,Restart Task,0.687275,MEDIUM
4266,1.0,0.1223899600203106,0.47557499999999997,0.8426724999999999,Restart Task,Restart Task,0.475575,LOW
4267,0.065,0.09008398612187934,0.7239,0.26267,Normal,Normal,0.3411,LOW
4268,0.0,0.10458831976887478,0.6345875000000001,0.19037625000000002,Normal,Normal,0.365412,LOW
4269,1.0,0.14186046457181112,0.20140000000000002,0.76042,Restart Task,Restart Task,0.2014,LOW
4270,0.0,0.07367389488390674,0.7949375,0.23848124999999998,Normal,Normal,0.205063,LOW
4271,0.0,0.11681225174836096,0.5336375,0.16009125,Normal,Normal,0.466363,LOW
4272,0.98,0.1115686564390988,0.580625,0.8601874999999999,Restart Task,Restart Task,0.600625,MEDIUM
4273,0.0,0.10867587723969924,0.6047374999999999,0.18142124999999998,Normal,Normal,0.395263,LOW
4274,0.0,0.09864890108395691,0.6746,0.20237999999999998,Normal,Normal,0.3254,LOW
4275,0.0,0.1526625766122382,0.047587500000000005,0.01427625,Normal,Normal,0.952412,HIGH
4276,0.0,0.14190299199528383,0.20056249999999998,0.06016874999999999,Normal,Normal,0.799438,MEDIUM
4277,0.0,0.15077275133312656,0.06288749999999999,0.018866249999999994,Normal,Normal,0.937113,HIGH
4278,0.0,0.10067905692277979,0.660925,0.1982775,Normal,Normal,0.339075,LOW
4279,1.0,0.054990757082451935,0.862475,0.9587424999999999,Restart Task,Restart Task,0.862475,HIGH
4280,0.995,0.1277885886224111,0.411575,0.8199725,Restart Task,Restart Task,0.416575,LOW
4281,0.0,0.06044224276868965,0.8458625,0.25375875,Normal,Normal,0.154138,LOW
4282,0.0,0.12643548973064417,0.4282625,0.12847875,Normal,Normal,0.571738,MEDIUM
4283,0.0,0.01700162856967935,0.936825,0.2810475,Normal,Normal,0.063175,LOW
4284,0.0,0.15054375630576117,0.06467500000000004,0.01940250000000001,Normal,Normal,0.935325,HIGH
4285,0.0,0.13923334017109784,0.24555000000000005,0.07366500000000001,Normal,Normal,0.75445,MEDIUM
4286,0.0,0.10819886422056813,0.608525,0.18255749999999998,Normal,Normal,0.391475,LOW
4287,1.0,0.05342080968142782,0.8675875,0.9602762499999999,Restart Task,Restart Task,0.867587,HIGH
4288,0.0,0.08018015853134108,0.7687875,0.23063625,Normal,Normal,0.231213,LOW
4289,0.0,0.07835931321933481,0.7764375,0.23293124999999998,Normal,Normal,0.223562,LOW
4290,0.0,0.07518073065025,0.789275,0.23678249999999998,Normal,Normal,0.210725,LOW
4291,0.0,0.060498476573633164,0.8457125,0.25371374999999996,Normal,Normal,0.154288,LOW
4292,1.0,0.08434314122860248,0.7518,0.9255399999999999,Restart Task,Restart Task,0.7518,MEDIUM
4293,0.0,0.09421514456503272,0.7011625,0.21034875,Normal,Normal,0.298837,LOW
4294,0.0,0.0005668657450123016,0.949725,0.2849175,Normal,Normal,0.050275,LOW
4295,0.975,0.08545834440518824,0.74685,0.906555,Restart Task,Restart Task,0.77185,MEDIUM
4296,0.0,0.1436635500511626,0.16738750000000002,0.050216250000000004,Normal,Normal,0.832612,HIGH
4297,0.0,0.13259854225934103,0.34909999999999997,0.10472999999999999,Normal,Normal,0.6509,MEDIUM
4298,0.0,0.07707840084186013,0.7816125,0.23448375,Normal,Normal,0.218387,LOW
4299,0.0,0.13087248044747868,0.373325,0.1119975,Normal,Normal,0.626675,MEDIUM
4300,0.0,0.13763877889884685,0.27164999999999995,0.08149499999999998,Normal,Normal,0.72835,MEDIUM
4301,0.0,0.01853053842956154,0.935025,0.28050749999999997,Normal,Normal,0.064975,LOW
4302,0.0,0.13250164833354483,0.35055000000000003,0.10516500000000001,Normal,Normal,0.64945,MEDIUM
4303,0.0,-0.01213682139117156,0.9572625,0.28717875,Normal,Normal,0.042737,LOW
4304,1.0,0.05144852517380549,0.872775,0.9618324999999999,Restart Task,Restart Task,0.872775,HIGH
4305,0.0,0.13354677291465972,0.3355,0.10065,Normal,Normal,0.6645,MEDIUM
4306,0.0,0.13843530869360776,0.25797499999999995,0.07739249999999999,Normal,Normal,0.742025,MEDIUM
4307,0.0,0.13923334017109784,0.24555000000000005,0.07366500000000001,Normal,Normal,0.75445,MEDIUM
4308,1.0,0.15203998230852217,0.05343750000000003,0.71603125,Restart Task,Restart Task,0.053438,LOW
4309,0.0,0.11860039346933576,0.5148375000000001,0.15445125,Normal,Normal,0.485162,LOW
4310,0.0,0.15424342004652908,0.035587499999999994,0.010676249999999998,Normal,Normal,0.964413,HIGH
4311,1.0,0.13549914125166507,0.30656249999999996,0.7919687499999999,Restart Task,Restart Task,0.306562,LOW
4312,1.0,0.1008040461163634,0.6599375000000001,0.89798125,Restart Task,Restart Task,0.659938,MEDIUM
4313,0.0,0.09812032580446833,0.6780375000000001,0.20341125000000002,Normal,Normal,0.321962,LOW
4314,0.0,0.1340022671728674,0.3286875,0.09860625,Normal,Normal,0.671312,MEDIUM
4315,0.01,0.1415812279719273,0.20696250000000005,0.06908875,Normal,Normal,0.803037,HIGH
4316,0.0,0.07835931321933481,0.7764375,0.23293124999999998,Normal,Normal,0.223562,LOW
4317,1.0,0.12787697693386474,0.41074999999999995,0.8232249999999999,Restart Task,Restart Task,0.41075,LOW
4318,0.0,0.154317792426361,0.03522499999999995,0.010567499999999985,Normal,Normal,0.964775,HIGH
4319,0.0,0.06275247694910918,0.8377749999999999,0.25133249999999996,Normal,Normal,0.162225,LOW
4320,0.0,0.15240331492961884,0.049875,0.0149625,Normal,Normal,0.950125,HIGH
4321,0.0,0.12645363440749285,0.4280625,0.12841875,Normal,Normal,0.571937,MEDIUM
4322,0.0,-0.13709765081470948,0.9955125,0.29865375,Normal,Normal,0.004487,LOW
4323,0.985,0.10251147922696346,0.6484375,0.88403125,Restart Task,Restart Task,0.663438,MEDIUM
4324,0.0,0.12100820132933388,0.49041250000000003,0.14712375,Normal,Normal,0.509587,LOW
4325,0.0,0.04271424110813293,0.8930625,0.26791875,Normal,Normal,0.106938,LOW
4326,0.885,0.14043963513105157,0.22558750000000005,0.6871762499999999,Restart Task,Restart Task,0.340588,LOW
4327,0.0,0.06627910890184191,0.824425,0.24732749999999998,Normal,Normal,0.175575,LOW
4328,1.0,0.13075706970416368,0.3749125,0.81247375,Restart Task,Restart Task,0.374912,LOW
4329,1.0,0.09591518459941972,0.6919875,0.9075962499999999,Restart Task,Restart Task,0.691987,MEDIUM
4330,0.0,0.14418995740723262,0.15749999999999997,0.04724999999999999,Normal,Normal,0.8425,HIGH
4331,0.0,0.1243448943652346,0.45311250000000003,0.13593375,Normal,Normal,0.546887,LOW
4332,0.0,0.13754510974490963,0.27305,0.081915,Normal,Normal,0.72695,MEDIUM
4333,0.0,0.12182794712056955,0.48145000000000004,0.144435,Normal,Normal,0.51855,LOW
4334,0.0,0.05240317951665879,0.8705125,0.26115375,Normal,Normal,0.129487,LOW
4335,0.0,0.12794319042134616,0.40998749999999995,0.12299624999999997,Normal,Normal,0.590013,MEDIUM
4336,0.0,0.12557166159126326,0.439025,0.1317075,Normal,Normal,0.560975,MEDIUM
4337,1.0,0.0009319182513172208,0.949525,0.9848574999999999,Restart Task,Restart Task,0.949525,HIGH
4338,0.97,0.09837103102004502,0.6766125000000001,0.88198375,Restart Task,Restart Task,0.706613,MEDIUM
4339,0.0,0.12784369158940273,0.41105,0.12331500000000001,Normal,Normal,0.58895,MEDIUM
4340,0.995,0.13379946708258195,0.33172500000000005,0.7960175,Restart Task,Restart Task,0.336725,LOW
4341,0.0,0.1438327677561339,0.16451249999999995,0.04935374999999998,Normal,Normal,0.835488,HIGH
4342,0.0,0.13816501322293123,0.26268749999999996,0.07880624999999998,Normal,Normal,0.737313,MEDIUM
4343,0.005,0.138058397056313,0.26426249999999996,0.08277874999999998,Normal,Normal,0.740738,MEDIUM
4344,0.0,0.14803411301895447,0.09316250000000004,0.027948750000000012,Normal,Normal,0.906837,HIGH
4345,1.0,0.07081554949632163,0.80675,0.9420249999999999,Restart Task,Restart Task,0.80675,HIGH
4346,0.0,0.06921863180696203,0.8135,0.24405,Normal,Normal,0.1865,LOW
4347,1.0,0.04709946556832689,0.8831375,0.96494125,Restart Task,Restart Task,0.883138,HIGH
4348,0.005,0.13212733353520423,0.35591249999999997,0.11027374999999999,Normal,Normal,0.649088,MEDIUM
4349,1.0,-0.009027989365313571,0.9550875,0.9865262499999999,Restart Task,Restart Task,0.955087,HIGH
4350,0.0,0.15040990776535246,0.0657875,0.01973625,Normal,Normal,0.934213,HIGH
4351,0.0,0.13801536155396155,0.26525,0.07957499999999999,Normal,Normal,0.73475,MEDIUM
4352,0.0,0.14666907819427982,0.11470000000000002,0.03441,Normal,Normal,0.8853,HIGH
4353,0.01,0.07083068206280718,0.8066,0.24897999999999998,Normal,Normal,0.2034,LOW
4354,0.025,0.13511149854396493,0.31223749999999995,0.11117124999999999,Normal,Normal,0.712763,MEDIUM
4355,1.0,0.12982543038878408,0.38634999999999997,0.8159049999999999,Restart Task,Restart Task,0.38635,LOW
4356,0.225,0.0966629096021237,0.6873875,0.36371625,Scale Resources,Scale Resources,0.537612,LOW
4357,1.0,0.12202926204886033,0.479225,0.8437675,Restart Task,Restart Task,0.479225,LOW
4358,0.0,0.13699303924041567,0.2822125,0.08466375,Normal,Normal,0.717788,MEDIUM
4359,0.0,0.14077571942618977,0.22026250000000003,0.06607875,Normal,Normal,0.779737,MEDIUM
4360,0.0,0.13616577801068913,0.2967375,0.08902125,Normal,Normal,0.703263,MEDIUM
4361,0.0,0.13433885385554262,0.3242125,0.09726375,Normal,Normal,0.675787,MEDIUM
4362,0.01,0.13259854225934103,0.34909999999999997,0.11173,Normal,Normal,0.6609,MEDIUM
4363,0.0,0.13520360992021718,0.310875,0.0932625,Normal,Normal,0.689125,MEDIUM
4364,0.0,0.05406236156080357,0.8657375,0.25972125,Normal,Normal,0.134262,LOW
4365,1.0,0.11168807480639298,0.57965,0.873895,Restart Task,Restart Task,0.57965,MEDIUM
4366,0.935,0.0589463346265886,0.8506125,0.9096837499999999,Restart Task,Restart Task,0.915612,HIGH
4367,0.0,-0.09666630549719768,0.991725,0.2975175,Normal,Normal,0.008275,LOW
4368,0.0,0.12427072040986054,0.45415000000000005,0.136245,Normal,Normal,0.54585,LOW
4369,0.0,0.13721637332061948,0.27880000000000005,0.08364,Normal,Normal,0.7212,MEDIUM
4370,0.0,0.09196579445400299,0.7139249999999999,0.21417749999999997,Normal,Normal,0.286075,LOW
4371,0.0,0.13942237414608938,0.2426625,0.07279875,Normal,Normal,0.757337,MEDIUM
4372,0.0,0.06519150586829092,0.8287249999999999,0.24861749999999996,Normal,Normal,0.171275,LOW
4373,0.0,0.1403952729838201,0.22626250000000003,0.06787875,Normal,Normal,0.773737,MEDIUM
4374,0.0,0.13340452713495182,0.33755,0.10126500000000001,Normal,Normal,0.66245,MEDIUM
4375,0.0,0.14310567297560634,0.17753750000000001,0.05326125,Normal,Normal,0.822462,HIGH
4376,0.0,0.12352966053999798,0.4626,0.13878,Normal,Normal,0.5374,LOW
4377,1.0,0.0974565410958147,0.6823250000000001,0.9046974999999999,Restart Task,Restart Task,0.682325,MEDIUM
4378,0.0,0.11366606158096593,0.5623750000000001,0.16871250000000002,Normal,Normal,0.437625,LOW
4379,0.005,0.07112326254268053,0.8051625,0.24504874999999998,Normal,Normal,0.199838,LOW
4380,0.0,0.1435745498888279,0.16903749999999995,0.050711249999999986,Normal,Normal,0.830963,HIGH
4381,0.0,0.08123058914832604,0.7646875,0.22940624999999998,Normal,Normal,0.235313,LOW
4382,0.0,0.06477011966241891,0.8302375,0.24907124999999997,Normal,Normal,0.169763,LOW
4383,0.005,0.12210119654379786,0.4785625,0.14706875,Normal,Normal,0.526438,LOW
4384,0.0,0.08497034379099583,0.7488,0.22464,Normal,Normal,0.2512,LOW
4385,0.0,0.13869995193669477,0.25387499999999996,0.07616249999999998,Normal,Normal,0.746125,MEDIUM
4386,0.74,0.050252286583802985,0.875675,0.7807025000000001,Restart Task,Restart Task,0.864325,HIGH
4387,0.005,0.14996255677222914,0.07022499999999998,0.024567499999999992,Normal,Normal,0.934775,HIGH
4388,0.005,0.13262172830807029,0.34872499999999995,0.10811749999999999,Normal,Normal,0.656275,MEDIUM
4389,0.0,0.1331908372125602,0.3405,0.10215,Normal,Normal,0.6595,MEDIUM
4390,0.005,0.13878295346185854,0.25258749999999996,0.07927624999999999,Normal,Normal,0.752413,MEDIUM
4391,0.0,0.08851982081273391,0.7310375,0.21931124999999999,Normal,Normal,0.268962,LOW
4392,0.0,0.11071261432853968,0.5870500000000001,0.17611500000000002,Normal,Normal,0.41295,LOW
4393,0.0,0.09202113233163228,0.7135750000000001,0.21407250000000003,Normal,Normal,0.286425,LOW
4394,0.0,0.05365325211627903,0.866925,0.26007749999999996,Normal,Normal,0.133075,LOW
4395,0.0,0.10317066012480386,0.644225,0.1932675,Normal,Normal,0.355775,LOW
4396,0.005,0.11589759930994548,0.5423374999999999,0.16620124999999997,Normal,Normal,0.462663,LOW
4397,0.0,0.11442778054475128,0.55535,0.166605,Normal,Normal,0.44465,LOW
4398,0.0,-0.0831112316325443,0.9874,0.29622,Normal,Normal,0.0126,LOW
4399,1.0,0.10844094281536487,0.6067125,0.8820137499999999,Restart Task,Restart Task,0.606712,MEDIUM
4400,1.0,-0.0647967297306441,0.97895,0.9936849999999999,Restart Task,Restart Task,0.97895,HIGH
4401,0.0,-0.130864961356443,0.9943375,0.29830124999999996,Normal,Normal,0.005663,LOW
4402,0.0,0.05343102840692243,0.867475,0.2602425,Normal,Normal,0.132525,LOW
4403,0.0,0.1194177008110327,0.5068375,0.15205125,Normal,Normal,0.493162,LOW
4404,1.0,0.011525586962822909,0.94165,0.9824949999999999,Restart Task,Restart Task,0.94165,HIGH
4405,0.0,0.1055600417600584,0.627475,0.1882425,Normal,Normal,0.372525,LOW
4406,0.965,0.00368883062150005,0.9480875,0.95992625,Restart Task,Restart Task,0.983088,HIGH
4407,0.0,0.11848603063770508,0.5162875,0.15488625,Normal,Normal,0.483712,LOW
4408,0.0,0.09709802846199866,0.6845375,0.20536125,Normal,Normal,0.315462,LOW
4409,1.0,0.11718120221332845,0.53005,0.859015,Restart Task,Restart Task,0.53005,LOW
4410,0.0,0.10536595603865312,0.628925,0.18867749999999997,Normal,Normal,0.371075,LOW
4411,0.0,0.09749299578946674,0.68215,0.204645,Normal,Normal,0.31785,LOW
4412,0.0,0.10222140025326809,0.6504125000000001,0.19512375,Normal,Normal,0.349587,LOW
4413,0.0,0.143602161573538,0.1685375,0.05056125,Normal,Normal,0.831462,HIGH
4414,0.0,0.14209692450369082,0.19647499999999996,0.05894249999999998,Normal,Normal,0.803525,HIGH
4415,0.0,0.10672002075621634,0.6190875,0.18572625,Normal,Normal,0.380912,LOW
4416,0.0,0.13195126411220381,0.3588,0.10764,Normal,Normal,0.6412,MEDIUM
4417,0.0,0.05558091413855426,0.8606374999999999,0.25819125,Normal,Normal,0.139363,LOW
4418,0.0,0.1407388594379047,0.2209375,0.06628125,Normal,Normal,0.779062,MEDIUM
4419,0.0,0.09812241023154711,0.678025,0.2034075,Normal,Normal,0.321975,LOW
4420,0.005,0.10381606194261905,0.6395625,0.19536875,Normal,Normal,0.365437,LOW
4421,0.0,0.14356506551124498,0.16926249999999998,0.05077874999999999,Normal,Normal,0.830738,HIGH
4422,0.0,0.13373852755483562,0.33253750000000004,0.09976125000000001,Normal,Normal,0.667462,MEDIUM
4423,0.0,0.1327384727439438,0.3471875,0.10415624999999999,Normal,Normal,0.652813,MEDIUM
4424,0.0,-0.007496102907932789,0.9541,0.28623,Normal,Normal,0.0459,LOW
4425,1.0,0.09399802918733507,0.7024625,0.9107387499999999,Restart Task,Restart Task,0.702462,MEDIUM
4426,1.0,0.015904701638096097,0.9377375,0.9813212499999999,Restart Task,Restart Task,0.937738,HIGH
4427,1.0,0.07636329456366991,0.7846625,0.93539875,Restart Task,Restart Task,0.784663,MEDIUM
4428,0.0,0.1403103707596065,0.22773750000000004,0.06832125000000001,Normal,Normal,0.772262,MEDIUM
4429,0.0,0.13434755230294587,0.324125,0.09723749999999999,Normal,Normal,0.675875,MEDIUM
4430,0.005,0.14570678625139533,0.12997499999999995,0.04249249999999999,Normal,Normal,0.875025,HIGH
4431,0.015,0.084768265900036,0.7498374999999999,0.23545124999999997,Normal,Normal,0.265163,LOW
4432,0.0,0.1040862054435791,0.637725,0.1913175,Normal,Normal,0.362275,LOW
4433,0.0,0.050094517711366304,0.8761,0.26283,Normal,Normal,0.1239,LOW
4434,1.0,0.12070441198789655,0.493475,0.8480424999999999,Restart Task,Restart Task,0.493475,LOW
4435,0.005,0.014856277265400064,0.938575,0.2850725,Normal,Normal,0.066425,LOW
4436,0.0,0.1460770651882803,0.12398750000000003,0.03719625000000001,Normal,Normal,0.876012,HIGH
4437,0.005,0.10735071451506778,0.6142875,0.18778625,Normal,Normal,0.390713,LOW
4438,0.0,0.03534883901838903,0.90815,0.272445,Normal,Normal,0.09185,LOW
4439,0.0,0.14565406991195884,0.1308125,0.03924375,Normal,Normal,0.869188,HIGH
4440,0.0,0.14415737313674226,0.15817499999999995,0.04745249999999999,Normal,Normal,0.841825,HIGH
4441,0.0,0.11787566396216737,0.5225875,0.15677624999999998,Normal,Normal,0.477413,LOW
4442,0.0,0.11984400595533712,0.502375,0.1507125,Normal,Normal,0.497625,LOW
4443,0.0,0.10251923352279024,0.6483625,0.19450874999999998,Normal,Normal,0.351638,LOW
4444,0.075,0.1518557386949103,0.054625000000000035,0.0688875,Normal,Normal,0.979625,HIGH
4445,0.0,0.12664477308499295,0.42576250000000004,0.12772875,Normal,Normal,0.574237,MEDIUM
4446,0.0,0.14133416605446492,0.21147499999999997,0.06344249999999999,Normal,Normal,0.788525,MEDIUM
4447,0.0,0.018527784897548805,0.935075,0.2805225,Normal,Normal,0.064925,LOW
4448,0.0,0.04214716235393723,0.8943375,0.26830125,Normal,Normal,0.105662,LOW
4449,0.0,0.023397478320810183,0.929075,0.2787225,Normal,Normal,0.070925,LOW
4450,1.0,0.045905214816625184,0.8858874999999999,0.9657662499999999,Restart Task,Restart Task,0.885887,HIGH
4451,0.0,0.09988026040400633,0.66605,0.199815,Normal,Normal,0.33395,LOW
4452,0.0,0.11786674224574306,0.5226375,0.15679125,Normal,Normal,0.477363,LOW
4453,0.0,0.11113872290610394,0.58395,0.17518499999999998,Normal,Normal,0.41605,LOW
4454,0.985,0.08176100927011443,0.7623375,0.91820125,Restart Task,Restart Task,0.777338,MEDIUM
4455,0.0,0.13777677925927073,0.2695375,0.08086125,Normal,Normal,0.730463,MEDIUM
4456,0.0,0.06049711334579927,0.8457125,0.25371374999999996,Normal,Normal,0.154288,LOW
4457,0.025,0.12166926095554098,0.48326250000000004,0.16247875,Normal,Normal,0.541737,LOW
4458,0.98,0.1373423743769866,0.27612499999999995,0.7688375,Restart Task,Restart Task,0.296125,LOW
4459,0.0,0.1387167883865158,0.25346250000000003,0.07603875,Normal,Normal,0.746537,MEDIUM
4460,0.0,0.15217587417005862,0.052112500000000006,0.015633750000000002,Normal,Normal,0.947887,HIGH
4461,1.0,0.13781777066653167,0.2688125,0.78064375,Restart Task,Restart Task,0.268813,LOW
4462,1.0,0.0702459884266386,0.8092874999999999,0.9427862499999999,Restart Task,Restart Task,0.809287,HIGH
4463,0.0,0.07243878830753692,0.800025,0.24000749999999998,Normal,Normal,0.199975,LOW
4464,0.025,0.10788262754238581,0.61095,0.200785,Normal,Normal,0.41405,LOW
4465,0.0,0.1423569566113847,0.19181250000000005,0.05754375000000001,Normal,Normal,0.808187,HIGH
4466,1.0,0.06816063411968465,0.8173375,0.94520125,Restart Task,Restart Task,0.817338,HIGH
4467,0.0,0.12166926095554098,0.48326250000000004,0.14497875000000002,Normal,Normal,0.516737,LOW
4468,1.0,0.08342907202291588,0.7558125,0.92674375,Restart Task,Restart Task,0.755812,MEDIUM
4469,0.0,0.1427566904065633,0.1838375,0.05515124999999999,Normal,Normal,0.816163,HIGH
4470,0.005,0.15752797578007793,0.01781250000000001,0.008843750000000001,Normal,Normal,0.987187,HIGH
4471,0.01,0.1303408406306063,0.38011249999999996,0.12103375,Normal,Normal,0.629888,MEDIUM
4472,1.0,0.11144531052325851,0.5813875,0.8744162499999999,Restart Task,Restart Task,0.581387,MEDIUM
4473,0.0,0.14418995740723262,0.15749999999999997,0.04724999999999999,Normal,Normal,0.8425,HIGH
4474,1.0,0.1440613199856156,0.15997499999999998,0.7479925,Restart Task,Restart Task,0.159975,LOW
4475,0.0,0.15449502054322567,0.034062499999999996,0.010218749999999999,Normal,Normal,0.965938,HIGH
4476,0.0,0.10047972773740543,0.662325,0.1986975,Normal,Normal,0.337675,LOW
4477,0.0,0.1359750652747339,0.29990000000000006,0.08997000000000001,Normal,Normal,0.7001,MEDIUM
4478,1.0,0.14096218074519795,0.21752499999999997,0.7652574999999999,Restart Task,Restart Task,0.217525,LOW
4479,0.01,0.1050243037512762,0.6315625,0.19646875,Normal,Normal,0.378437,LOW
4480,0.0,0.1245508430201051,0.45096250000000004,0.13528875,Normal,Normal,0.549037,LOW
4481,0.0,0.14248267696089417,0.18937499999999996,0.05681249999999999,Normal,Normal,0.810625,HIGH
4482,0.0,0.12825289577858878,0.4062125,0.12186374999999999,Normal,Normal,0.593788,MEDIUM
4483,0.0,0.00886028321756982,0.9436125,0.28308374999999997,Normal,Normal,0.056388,LOW
4484,0.0,0.1421486147391488,0.19566249999999996,0.05869874999999999,Normal,Normal,0.804338,HIGH
4485,0.0,0.1380306903870266,0.264775,0.07943249999999999,Normal,Normal,0.735225,MEDIUM
4486,0.0,0.10251923352279024,0.6483625,0.19450874999999998,Normal,Normal,0.351638,LOW
4487,0.0,0.140832868941967,0.21942499999999998,0.0658275,Normal,Normal,0.780575,MEDIUM
4488,0.0,0.12162399644953437,0.48392500000000005,0.14517750000000001,Normal,Normal,0.516075,LOW
4489,0.0,0.11165069873151295,0.5799875,0.17399625,Normal,Normal,0.420013,LOW
4490,0.0,0.11202086927025035,0.5768625000000001,0.17305875,Normal,Normal,0.423137,LOW
4491,0.0,-0.0647489661621462,0.9788,0.29364,Normal,Normal,0.0212,LOW
4492,0.0,0.1423569566113847,0.19181250000000005,0.05754375000000001,Normal,Normal,0.808187,HIGH
4493,0.0,0.10685630068703156,0.618225,0.1854675,Normal,Normal,0.381775,LOW
4494,0.0,0.13566097738201127,0.3040125,0.09120375,Normal,Normal,0.695987,MEDIUM
4495,0.105,0.11941282857558055,0.5069125,0.22557374999999996,Normal,Normal,0.598087,MEDIUM
4496,0.0,0.13816501322293123,0.26268749999999996,0.07880624999999998,Normal,Normal,0.737313,MEDIUM
4497,1.0,0.153823761284423,0.038449999999999984,0.7115349999999999,Restart Task,Restart Task,0.03845,LOW
4498,0.0,0.08506336306881168,0.7482875,0.22448625,Normal,Normal,0.251713,LOW
4499,0.0,0.12718615924978954,0.418725,0.1256175,Normal,Normal,0.581275,MEDIUM
4500,1.0,0.14390327250388008,0.16318750000000004,0.74895625,Restart Task,Restart Task,0.163188,LOW
4501,0.0,0.11914134841918028,0.5092,0.15275999999999998,Normal,Normal,0.4908,LOW
4502,0.0,0.061306756286284625,0.84325,0.252975,Normal,Normal,0.15675,LOW
4503,1.0,0.14204022526133342,0.1973625,0.75920875,Restart Task,Restart Task,0.197362,LOW
4504,0.0,0.13152211265812586,0.36441250000000003,0.10932375000000001,Normal,Normal,0.635587,MEDIUM
4505,0.0,0.11429235669370458,0.556475,0.16694250000000002,Normal,Normal,0.443525,LOW
4506,0.0,0.12462118292420354,0.45004999999999995,0.13501499999999997,Normal,Normal,0.54995,LOW
4507,1.0,0.1007027886859051,0.66075,0.8982249999999999,Restart Task,Restart Task,0.66075,MEDIUM
4508,0.0,0.12781823183774216,0.41123750000000003,0.12337125,Normal,Normal,0.588762,MEDIUM
4509,1.0,0.0954182263549595,0.6946375,0.90839125,Restart Task,Restart Task,0.694638,MEDIUM
4510,1.0,0.14254039517577755,0.18817499999999998,0.7564525,Restart Task,Restart Task,0.188175,LOW
4511,0.0,-0.06773054942507706,0.9817625,0.29452875,Normal,Normal,0.018238,LOW
4512,1.0,0.13543824412792377,0.30752500000000005,0.7922575,Restart Task,Restart Task,0.307525,LOW
4513,0.995,0.05511616256669627,0.8620125,0.9551037499999999,Restart Task,Restart Task,0.867012,HIGH
4514,0.995,0.06406088975133556,0.8327125,0.94631375,Restart Task,Restart Task,0.837712,HIGH
4515,0.995,0.094907951534896,0.6974374999999999,0.90573125,Restart Task,Restart Task,0.702437,MEDIUM
4516,0.0,0.05013662236727212,0.87595,0.262785,Normal,Normal,0.12405,LOW
4517,0.0,-0.003630574237912465,0.952175,0.2856525,Normal,Normal,0.047825,LOW
4518,0.0,0.11069862308177347,0.587175,0.1761525,Normal,Normal,0.412825,LOW
4519,0.0,0.12844013070473748,0.40405,0.121215,Normal,Normal,0.59595,MEDIUM
4520,0.0,0.12215605957719461,0.47801249999999995,0.14340374999999997,Normal,Normal,0.521988,LOW
4521,1.0,0.14210085086033653,0.19640000000000002,0.7589199999999999,Restart Task,Restart Task,0.1964,LOW
4522,0.0,-0.07106643485246456,0.9848625,0.29545875,Normal,Normal,0.015138,LOW
4523,0.0,0.12378095820906326,0.4596125,0.13788375,Normal,Normal,0.540388,LOW
4524,1.0,0.12155799954423258,0.484625,0.8453875,Restart Task,Restart Task,0.484625,LOW
4525,1.0,0.13967160532346917,0.23883750000000004,0.77165125,Restart Task,Restart Task,0.238838,LOW
4526,0.0,0.061498909019397474,0.8426125,0.25278375,Normal,Normal,0.157388,LOW
4527,0.0,0.0032323074763019877,0.948325,0.28449749999999996,Normal,Normal,0.051675,LOW
4528,1.0,0.04775553774565672,0.8814625,0.96443875,Restart Task,Restart Task,0.881463,HIGH
4529,0.0,-0.0691191842968697,0.983175,0.2949525,Normal,Normal,0.016825,LOW
4530,0.0,0.04383547516446018,0.890325,0.2670975,Normal,Normal,0.109675,LOW
4531,0.005,0.06992035074161518,0.8107125,0.24671374999999998,Normal,Normal,0.194288,LOW
4532,0.0,0.014132297569149799,0.93935,0.28180499999999997,Normal,Normal,0.06065,LOW
4533,0.0,0.12205519357174216,0.47905,0.14371499999999998,Normal,Normal,0.52095,LOW
4534,1.0,0.025654882509448362,0.926175,0.9778525,Restart Task,Restart Task,0.926175,HIGH
4535,0.0,0.14450841797436798,0.15159999999999996,0.045479999999999986,Normal,Normal,0.8484,HIGH
4536,0.005,0.14017873917715523,0.2298,0.07244,Normal,Normal,0.7752,MEDIUM
4537,0.0,0.10443497238316335,0.6359125,0.19077375,Normal,Normal,0.364088,LOW
4538,0.0,0.13295540908526937,0.344,0.10319999999999999,Normal,Normal,0.656,MEDIUM
4539,0.0,0.13159621278470174,0.36336250000000003,0.10900875,Normal,Normal,0.636637,MEDIUM
4540,1.0,0.13094877505061375,0.372425,0.8117274999999999,Restart Task,Restart Task,0.372425,LOW
4541,0.0,0.11042045422210561,0.589675,0.1769025,Normal,Normal,0.410325,LOW
4542,0.0,0.08472265581774491,0.7499750000000001,0.2249925,Normal,Normal,0.250025,LOW
4543,0.0,0.1331807530251174,0.3408,0.10224,Normal,Normal,0.6592,MEDIUM
4544,1.0,0.08536326917665582,0.74715,0.924145,Restart Task,Restart Task,0.74715,MEDIUM
4545,0.0,0.12705536050190647,0.42055,0.126165,Normal,Normal,0.57945,MEDIUM
4546,0.0,0.03226482615188664,0.9155125,0.27465375,Normal,Normal,0.084488,LOW
4547,0.0,0.12618000002449986,0.4315,0.12944999999999998,Normal,Normal,0.5685,MEDIUM
4548,0.995,0.12497093755865574,0.4458375,0.83025125,Restart Task,Restart Task,0.450838,LOW
4549,0.0,0.03499196241662039,0.908975,0.2726925,Normal,Normal,0.091025,LOW
4550,0.0,0.10838595150337815,0.6070375,0.18211125,Normal,Normal,0.392962,LOW
4551,0.0,0.07944736644332706,0.7718125,0.23154375,Normal,Normal,0.228187,LOW
4552,0.005,0.12322731621606581,0.4662625,0.14337875,Normal,Normal,0.538737,LOW
4553,0.0,0.06524728006366487,0.8283375,0.24850124999999998,Normal,Normal,0.171663,LOW
4554,0.0,0.1021292164014832,0.651,0.1953,Normal,Normal,0.349,LOW
4555,0.0,0.14669609135013384,0.114375,0.0343125,Normal,Normal,0.885625,HIGH
4556,0.0,0.08018015853134108,0.7687875,0.23063625,Normal,Normal,0.231213,LOW
4557,0.0,0.13527640578493888,0.30991250000000004,0.09297375000000001,Normal,Normal,0.690087,MEDIUM
4558,0.0,0.12163830220552774,0.48367499999999997,0.1451025,Normal,Normal,0.516325,LOW
4559,0.0,0.14450899751699375,0.1515375,0.045461249999999995,Normal,Normal,0.848463,HIGH
4560,0.0,0.12823925443649187,0.40636249999999996,0.12190874999999998,Normal,Normal,0.593638,MEDIUM
4561,0.995,0.0793381145470517,0.7723,0.92819,Restart Task,Restart Task,0.7773,MEDIUM
4562,1.0,0.12326463183216418,0.46565,0.839695,Restart Task,Restart Task,0.46565,LOW
4563,0.0,0.09761055309315775,0.681425,0.20442749999999998,Normal,Normal,0.318575,LOW
4564,0.0,0.11314709205530532,0.5663125,0.16989374999999998,Normal,Normal,0.433688,LOW
4565,1.0,0.12835478963369967,0.405,0.8214999999999999,Restart Task,Restart Task,0.405,LOW
4566,0.0,0.11339023007590032,0.5644,0.16932,Normal,Normal,0.4356,LOW
4567,0.0,0.1460770651882803,0.12398750000000003,0.03719625000000001,Normal,Normal,0.876012,HIGH
4568,0.03,0.09454168382938344,0.699275,0.23078249999999997,Normal,Normal,0.330725,LOW
4569,0.0,0.1320058136584678,0.3579375,0.10738125,Normal,Normal,0.642062,MEDIUM
4570,0.97,0.131490349098224,0.3649375,0.7884812499999999,Restart Task,Restart Task,0.394938,LOW
4571,1.0,0.12633807417151577,0.42961249999999995,0.8288837499999999,Restart Task,Restart Task,0.429612,LOW
4572,0.0,0.12493719392395236,0.44625000000000004,0.133875,Normal,Normal,0.55375,MEDIUM
4573,0.985,0.14234897109752026,0.192025,0.7471075,Restart Task,Restart Task,0.207025,LOW
4574,0.035,0.05954667542734615,0.8488249999999999,0.2791475,Normal,Normal,0.186175,LOW
4575,0.01,0.12005050823519531,0.5004500000000001,0.15713500000000002,Normal,Normal,0.50955,LOW
4576,1.0,0.05558569721695672,0.860625,0.9581875,Restart Task,Restart Task,0.860625,HIGH
4577,0.005,0.05220769944197079,0.870975,0.2647925,Normal,Normal,0.134025,LOW
4578,1.0,0.11313925746297027,0.5664125,0.8699237499999999,Restart Task,Restart Task,0.566412,MEDIUM
4579,0.015,0.0795345317552747,0.7715125,0.24195375000000002,Normal,Normal,0.243487,LOW
4580,0.0,0.10615471147913291,0.6232375,0.18697125,Normal,Normal,0.376763,LOW
4581,0.0,0.1211282910106814,0.48902500000000004,0.14670750000000002,Normal,Normal,0.510975,LOW
4582,0.0,0.1103082509676192,0.59065,0.177195,Normal,Normal,0.40935,LOW
4583,0.0,0.11332433869719544,0.564975,0.1694925,Normal,Normal,0.435025,LOW
4584,0.0,0.13917850055120234,0.24650000000000005,0.07395000000000002,Normal,Normal,0.7535,MEDIUM
4585,1.0,0.11962112017575044,0.5046125,0.85138375,Restart Task,Restart Task,0.504613,LOW
4586,1.0,0.15460068414527173,0.03334999999999999,0.710005,Restart Task,Restart Task,0.03335,LOW
4587,1.0,0.15203998230852217,0.05343750000000003,0.71603125,Restart Task,Restart Task,0.053438,LOW
4588,0.0,0.10998319976214166,0.5935625,0.17806875,Normal,Normal,0.406438,LOW
4589,0.0,0.09721734831187012,0.6836625000000001,0.20509875000000002,Normal,Normal,0.316337,LOW
4590,0.0,0.14763051433939178,0.09891249999999996,0.029673749999999985,Normal,Normal,0.901088,HIGH
4591,0.77,0.12173057433270396,0.4825625,0.6837687499999999,Restart Task,Restart Task,0.712562,MEDIUM
4592,0.0,0.10344915051642312,0.6421250000000001,0.19263750000000002,Normal,Normal,0.357875,LOW
4593,0.0,0.14041463349812555,0.2259375,0.06778125,Normal,Normal,0.774062,MEDIUM
4594,0.0,0.09657138736223164,0.6878875,0.20636625,Normal,Normal,0.312113,LOW
4595,0.0,0.14164238362642262,0.20568750000000002,0.061706250000000004,Normal,Normal,0.794312,MEDIUM
4596,0.0,0.14070022191284265,0.2215625,0.06646875,Normal,Normal,0.778438,MEDIUM
4597,1.0,0.1194877198764408,0.5060875,0.85182625,Restart Task,Restart Task,0.506088,LOW
4598,0.0,0.1118753461860037,0.5782375,0.17347125,Normal,Normal,0.421763,LOW
4599,0.0,0.1444355250400699,0.152675,0.0458025,Normal,Normal,0.847325,HIGH
4600,0.0,0.0794284301373484,0.7719,0.23157,Normal,Normal,0.2281,LOW
4601,0.785,0.14959028518354123,0.07337499999999997,0.5715125,Migrate VM,Migrate VM,0.288375,LOW
4602,0.0,0.14802544043247828,0.09326250000000003,0.027978750000000007,Normal,Normal,0.906737,HIGH
4603,0.0,0.14053376253506583,0.22392500000000004,0.06717750000000001,Normal,Normal,0.776075,MEDIUM
4604,0.0,0.10823478415679999,0.6082000000000001,0.18246,Normal,Normal,0.3918,LOW
4605,0.0,0.1511779102426415,0.059712499999999946,0.017913749999999982,Normal,Normal,0.940288,HIGH
4606,0.0,0.06928749389696925,0.8133125,0.24399374999999998,Normal,Normal,0.186688,LOW
4607,0.0,0.12743654577064667,0.41588749999999997,0.12476624999999998,Normal,Normal,0.584113,MEDIUM
4608,1.0,0.11793849320136629,0.5219625,0.85658875,Restart Task,Restart Task,0.521962,LOW
4609,0.0,0.13931760413917588,0.24438749999999998,0.07331624999999999,Normal,Normal,0.755613,MEDIUM
4610,0.0,0.14641249779208831,0.11856250000000002,0.03556875,Normal,Normal,0.881437,HIGH
4611,0.0,0.02223342821810015,0.930375,0.2791125,Normal,Normal,0.069625,LOW
4612,0.0,0.11713506838034837,0.53045,0.159135,Normal,Normal,0.46955,LOW
4613,0.0,0.13006067262540466,0.38360000000000005,0.11508000000000002,Normal,Normal,0.6164,MEDIUM
4614,0.005,0.11845453546099866,0.5166375000000001,0.15849125000000003,Normal,Normal,0.488362,LOW
4615,0.0,0.1270643702783495,0.42037500000000005,0.12611250000000002,Normal,Normal,0.579625,MEDIUM
4616,0.0,0.1372129748414534,0.2791125,0.08373375,Normal,Normal,0.720888,MEDIUM
4617,0.0,0.1529933190007156,0.04492499999999999,0.013477499999999998,Normal,Normal,0.955075,HIGH
4618,0.0,0.02859459959974442,0.9218875,0.27656624999999996,Normal,Normal,0.078113,LOW
4619,0.005,0.10519349693174723,0.6303624999999999,0.19260874999999997,Normal,Normal,0.374638,LOW
4620,0.0,0.12906743240217622,0.396675,0.1190025,Normal,Normal,0.603325,MEDIUM
4621,0.0,0.05707030384320444,0.8563875,0.25691624999999996,Normal,Normal,0.143613,LOW
4622,0.47,0.0825405739815025,0.7595125,0.5568537499999999,Migrate VM,Migrate VM,0.710487,MEDIUM
4623,0.0,0.033713432357175166,0.912075,0.2736225,Normal,Normal,0.087925,LOW
4624,0.0,0.10536595603865312,0.628925,0.18867749999999997,Normal,Normal,0.371075,LOW
4625,1.0,0.12055012890219752,0.495325,0.8485974999999999,Restart Task,Restart Task,0.495325,LOW
4626,0.0,-0.010419557753983844,0.9559,0.28676999999999997,Normal,Normal,0.0441,LOW
4627,0.0,0.11949480052227579,0.5060374999999999,0.15181124999999998,Normal,Normal,0.493963,LOW
4628,0.0,0.1333404222832088,0.33848750000000005,0.10154625000000002,Normal,Normal,0.661512,MEDIUM
4629,0.99,0.039454753491905636,0.899825,0.9629475,Restart Task,Restart Task,0.909825,HIGH
4630,1.0,0.08099021459882971,0.7655000000000001,0.92965,Restart Task,Restart Task,0.7655,MEDIUM
4631,0.0,0.1365108099332486,0.29079999999999995,0.08723999999999998,Normal,Normal,0.7092,MEDIUM
4632,0.0,0.1323959598303837,0.3519375,0.10558125,Normal,Normal,0.648062,MEDIUM
4633,1.0,0.11103998120120429,0.5847875,0.8754362499999999,Restart Task,Restart Task,0.584788,MEDIUM
4634,0.0,0.14418995740723262,0.15749999999999997,0.04724999999999999,Normal,Normal,0.8425,HIGH
4635,0.0,0.09392441693890036,0.7028,0.21084,Normal,Normal,0.2972,LOW
4636,1.0,0.11109247292673124,0.5843,0.8752899999999999,Restart Task,Restart Task,0.5843,MEDIUM
4637,0.0,0.10510115106605172,0.6310374999999999,0.18931124999999996,Normal,Normal,0.368963,LOW
4638,0.0,0.14704403909748676,0.10872499999999996,0.03261749999999999,Normal,Normal,0.891275,HIGH
4639,0.995,0.14239872176591362,0.190975,0.7537925,Restart Task,Restart Task,0.195975,LOW
4640,0.015,0.08963819461187938,0.726175,0.2283525,Normal,Normal,0.288825,LOW
4641,0.0,0.11831540439974358,0.5182375,0.15547125,Normal,Normal,0.481762,LOW
4642,0.0,0.1386071398714379,0.2551875,0.07655625,Normal,Normal,0.744812,MEDIUM
4643,0.975,0.08808469999754243,0.7329,0.90237,Restart Task,Restart Task,0.7579,MEDIUM
4644,0.0,0.10823478415679999,0.6082000000000001,0.18246,Normal,Normal,0.3918,LOW
4645,0.0,-0.08724441693852059,0.98845,0.296535,Normal,Normal,0.01155,LOW
4646,0.0,0.13125222256051772,0.368225,0.11046750000000001,Normal,Normal,0.631775,MEDIUM
4647,0.0,0.08721046214167522,0.7378625,0.22135875,Normal,Normal,0.262138,LOW
4648,0.0,0.15250870929677585,0.04888749999999997,0.014666249999999992,Normal,Normal,0.951113,HIGH
4649,0.0,0.14084054127178997,0.21930000000000005,0.06579000000000002,Normal,Normal,0.7807,MEDIUM
4650,0.005,-0.011185287061846738,0.9565375,0.29046125,Normal,Normal,0.048462,LOW
4651,0.0,-0.18298529095572968,0.9997125,0.29991375,Normal,Normal,0.000287,LOW
4652,0.0,0.13386251405069166,0.3307,0.09920999999999999,Normal,Normal,0.6693,MEDIUM
4653,1.0,0.07026150115275837,0.8092125,0.9427637499999999,Restart Task,Restart Task,0.809213,HIGH
4654,0.0,0.15266762563324865,0.04749999999999999,0.014249999999999995,Normal,Normal,0.9525,HIGH
4655,0.0,0.0783989999456064,0.7763125,0.23289374999999998,Normal,Normal,0.223688,LOW
4656,1.0,0.1309429749235524,0.37250000000000005,0.81175,Restart Task,Restart Task,0.3725,LOW
4657,0.0,0.13602062679945603,0.29879999999999995,0.08963999999999998,Normal,Normal,0.7012,MEDIUM
4658,0.005,0.0629967320623655,0.8369375,0.25458125,Normal,Normal,0.168063,LOW
4659,1.0,0.12598707031256667,0.43366249999999995,0.8300987499999999,Restart Task,Restart Task,0.433662,LOW
4660,1.0,0.14975427257798274,0.072075,0.7216225,Restart Task,Restart Task,0.072075,LOW
4661,0.0,0.12605245713246488,0.432775,0.1298325,Normal,Normal,0.567225,MEDIUM
4662,0.005,0.13713824031962585,0.28032500000000005,0.08759750000000001,Normal,Normal,0.724675,MEDIUM
4663,0.01,0.12767862487041443,0.41315,0.130945,Normal,Normal,0.59685,MEDIUM
4664,1.0,0.12565443378169738,0.43808749999999996,0.8314262499999999,Restart Task,Restart Task,0.438087,LOW
4665,0.0,0.0774579384076054,0.7801125,0.23403374999999998,Normal,Normal,0.219888,LOW
4666,0.0,0.13148951977306894,0.36495,0.109485,Normal,Normal,0.63505,MEDIUM
4667,0.0,0.026605827493180967,0.9246875,0.27740624999999997,Normal,Normal,0.075313,LOW
4668,0.0,0.1137359646058152,0.5615125000000001,0.16845375,Normal,Normal,0.438487,LOW
4669,0.0,0.1393242916646713,0.2442875,0.07328625,Normal,Normal,0.755713,MEDIUM
4670,0.0,0.13303989584577053,0.3428875,0.10286625,Normal,Normal,0.657112,MEDIUM
4671,0.0,0.07181017336604889,0.8024375,0.24073125,Normal,Normal,0.197562,LOW
4672,0.005,0.13698636680771648,0.28237500000000004,0.08821250000000001,Normal,Normal,0.722625,MEDIUM
4673,0.0,0.13434755230294587,0.324125,0.09723749999999999,Normal,Normal,0.675875,MEDIUM
4674,0.0,0.08348754158209659,0.755525,0.22665749999999998,Normal,Normal,0.244475,LOW
4675,0.0,0.006380288091491493,0.9459625,0.28378875,Normal,Normal,0.054037,LOW
4676,0.0,0.12512531370505459,0.44415000000000004,0.133245,Normal,Normal,0.55585,MEDIUM
4677,0.0,0.14234807137056038,0.19203749999999997,0.05761124999999999,Normal,Normal,0.807963,HIGH
4678,0.0,0.12664477308499295,0.42576250000000004,0.12772875,Normal,Normal,0.574237,MEDIUM
4679,0.0,0.1421486147391488,0.19566249999999996,0.05869874999999999,Normal,Normal,0.804338,HIGH
4680,0.0,0.0782890934075906,0.7768125,0.23304375,Normal,Normal,0.223187,LOW
4681,1.0,0.019993129919963604,0.93315,0.979945,Restart Task,Restart Task,0.93315,HIGH
4682,0.0,0.09455615237872977,0.6992375,0.20977125,Normal,Normal,0.300763,LOW
4683,0.0,0.08098019567911713,0.765525,0.2296575,Normal,Normal,0.234475,LOW
4684,1.0,0.06091895821459753,0.8445125,0.95335375,Restart Task,Restart Task,0.844512,HIGH
4685,0.0,-0.06565759440746177,0.9799625,0.29398874999999997,Normal,Normal,0.020038,LOW
4686,0.0,0.13675473838260788,0.28625,0.08587499999999999,Normal,Normal,0.71375,MEDIUM
4687,1.0,0.1177643808552532,0.5239375,0.8571812499999999,Restart Task,Restart Task,0.523937,LOW
4688,1.0,0.08375754223755821,0.7543375,0.92630125,Restart Task,Restart Task,0.754337,MEDIUM
4689,0.0,0.025807451457543373,0.9260125,0.27780375,Normal,Normal,0.073987,LOW
4690,0.01,0.09795085824878097,0.6792875,0.21078625,Normal,Normal,0.330712,LOW
4691,0.135,0.05279851484802006,0.8691875,0.35525624999999994,Scale Resources,Scale Resources,0.265813,LOW
4692,0.0,0.13240685281569292,0.3518,0.10554,Normal,Normal,0.6482,MEDIUM
4693,0.04,0.12645757127478197,0.42800000000000005,0.1564,Normal,Normal,0.612,MEDIUM
4694,0.0,0.07558617044336818,0.787625,0.23628749999999998,Normal,Normal,0.212375,LOW
4695,0.985,0.05055536431734525,0.8748750000000001,0.9519625,Restart Task,Restart Task,0.889875,HIGH
4696,0.0,0.11993426603228369,0.501525,0.1504575,Normal,Normal,0.498475,LOW
4697,0.0,0.08954174819328409,0.7265874999999999,0.21797624999999998,Normal,Normal,0.273413,LOW
4698,1.0,0.06609007099697872,0.825225,0.9475674999999999,Restart Task,Restart Task,0.825225,HIGH
4699,0.0,0.10007822342670775,0.664975,0.1994925,Normal,Normal,0.335025,LOW
4700,0.0,0.12503602428910654,0.4452625,0.13357875,Normal,Normal,0.554737,MEDIUM
4701,0.0,0.13221308264826787,0.3546625,0.10639875,Normal,Normal,0.645338,MEDIUM
4702,0.0,0.1358001215187426,0.30232499999999995,0.09069749999999999,Normal,Normal,0.697675,MEDIUM
4703,0.0,0.0745527564963343,0.791625,0.2374875,Normal,Normal,0.208375,LOW
4704,0.995,0.06624110469925915,0.8244875,0.94384625,Restart Task,Restart Task,0.829488,HIGH
4705,0.0,0.12462118292420354,0.45004999999999995,0.13501499999999997,Normal,Normal,0.54995,LOW
4706,0.995,0.13335746817767735,0.3381875,0.79795625,Restart Task,Restart Task,0.343187,LOW
4707,0.995,0.08920627487380123,0.7282124999999999,0.91496375,Restart Task,Restart Task,0.733212,MEDIUM
4708,0.0,0.1320873691269681,0.35667499999999996,0.10700249999999999,Normal,Normal,0.643325,MEDIUM
4709,0.0,0.12509437673815538,0.4446,0.13338,Normal,Normal,0.5554,MEDIUM
4710,0.975,0.03259387319919049,0.9149,0.95697,Restart Task,Restart Task,0.9399,HIGH
4711,0.0,0.10926345063422216,0.599925,0.1799775,Normal,Normal,0.400075,LOW
4712,0.0,0.07651165693780682,0.7840374999999999,0.23521124999999998,Normal,Normal,0.215963,LOW
4713,0.0,0.1486398188615345,0.08440000000000003,0.02532000000000001,Normal,Normal,0.9156,HIGH
4714,0.0,0.13250164833354483,0.35055000000000003,0.10516500000000001,Normal,Normal,0.64945,MEDIUM
4715,0.0,0.14052666005587194,0.22404999999999997,0.06721499999999998,Normal,Normal,0.77595,MEDIUM
4716,0.0,0.0879860641897634,0.733425,0.2200275,Normal,Normal,0.266575,LOW
4717,0.0,-0.0669802731300404,0.9810875,0.29432625,Normal,Normal,0.018912,LOW
4718,0.025,0.06529085652699418,0.8280875,0.26592625,Normal,Normal,0.196913,LOW
4719,0.0,0.14723581618541687,0.10552499999999998,0.03165749999999999,Normal,Normal,0.894475,HIGH
4720,0.005,0.0073350507061678005,0.945125,0.2870375,Normal,Normal,0.059875,LOW
4721,0.0,0.12899599775849196,0.3974875,0.11924625,Normal,Normal,0.602513,MEDIUM
4722,0.0,0.14071895094291892,0.22128749999999997,0.06638625,Normal,Normal,0.778713,MEDIUM
4723,0.005,0.148668351913117,0.08383750000000001,0.028651250000000003,Normal,Normal,0.921162,HIGH
4724,0.005,0.003267212147736731,0.948275,0.2879825,Normal,Normal,0.056725,LOW
4725,0.0,0.09191554604301061,0.714125,0.2142375,Normal,Normal,0.285875,LOW
4726,0.0,0.12406835908669905,0.4564125,0.13692374999999998,Normal,Normal,0.543588,LOW
4727,1.0,0.13986055557212335,0.23506249999999995,0.7705187499999999,Restart Task,Restart Task,0.235062,LOW
4728,1.0,0.09778125925171,0.68035,0.9041049999999999,Restart Task,Restart Task,0.68035,MEDIUM
4729,0.0,0.1409164989837327,0.21809999999999996,0.06542999999999999,Normal,Normal,0.7819,MEDIUM
4730,0.155,0.14550341659647048,0.13413750000000002,0.14874125,Normal,Normal,0.979137,HIGH
4731,0.0,0.13453627532722495,0.32132499999999997,0.09639749999999998,Normal,Normal,0.678675,MEDIUM
4732,0.995,0.1350205334903109,0.31405000000000005,0.7907150000000001,Restart Task,Restart Task,0.31905,LOW
4733,1.0,0.041155972212170044,0.8964375,0.96893125,Restart Task,Restart Task,0.896437,HIGH
4734,0.905,0.039196517367827255,0.90025,0.903575,Restart Task,Restart Task,0.99525,HIGH
4735,0.0,0.10926345063422216,0.599925,0.1799775,Normal,Normal,0.400075,LOW
4736,1.0,0.04086468472007565,0.8970625,0.9691187499999999,Restart Task,Restart Task,0.897062,HIGH
4737,1.0,0.11166705737123372,0.579825,0.8739475,Restart Task,Restart Task,0.579825,MEDIUM
4738,0.005,0.11492761037757082,0.551125,0.1688375,Normal,Normal,0.453875,LOW
4739,0.0,0.11435790418781144,0.556025,0.1668075,Normal,Normal,0.443975,LOW
4740,0.0,0.11672440746904716,0.5344375,0.16033125,Normal,Normal,0.465562,LOW
4741,1.0,0.14058005546125446,0.22336250000000002,0.76700875,Restart Task,Restart Task,0.223363,LOW
4742,0.0,0.09657138736223164,0.6878875,0.20636625,Normal,Normal,0.312113,LOW
4743,0.0,0.060789715165708746,0.8448375,0.25345125,Normal,Normal,0.155162,LOW
4744,0.995,0.10047753782587993,0.662325,0.8951975,Restart Task,Restart Task,0.667325,MEDIUM
4745,1.0,0.14610164978518597,0.123475,0.7370424999999999,Restart Task,Restart Task,0.123475,LOW
4746,0.0,0.10099369137604597,0.6585375,0.19756125,Normal,Normal,0.341463,LOW
4747,0.0,0.13721637332061948,0.27880000000000005,0.08364,Normal,Normal,0.7212,MEDIUM
4748,0.0,0.11281932746364337,0.5699125,0.17097375,Normal,Normal,0.430087,LOW
4749,1.0,-0.056757824227419706,0.973575,0.9920724999999999,Restart Task,Restart Task,0.973575,HIGH
4750,1.0,0.12637103565126634,0.42905000000000004,0.828715,Restart Task,Restart Task,0.42905,LOW
4751,0.0,0.12772417017354765,0.4124,0.12372,Normal,Normal,0.5876,MEDIUM
4752,0.0,-0.1375580790767138,0.995975,0.2987925,Normal,Normal,0.004025,LOW
4753,0.955,-0.01793636897501516,0.961075,0.9568224999999999,Restart Task,Restart Task,0.993925,HIGH
4754,1.0,0.06768754608481448,0.8192375000000001,0.94577125,Restart Task,Restart Task,0.819238,HIGH
4755,0.0,0.15351141208402025,0.04041249999999996,0.012123749999999989,Normal,Normal,0.959588,HIGH
4756,0.0,0.14366677478685147,0.16732499999999995,0.050197499999999985,Normal,Normal,0.832675,HIGH
4757,1.0,0.1209005118328133,0.49143749999999997,0.84743125,Restart Task,Restart Task,0.491437,LOW
4758,0.98,-0.007967599094531264,0.95445,0.972335,Restart Task,Restart Task,0.97445,HIGH
4759,0.0,0.031204175193840333,0.91755,0.275265,Normal,Normal,0.08245,LOW
4760,1.0,0.12588895329770156,0.434975,0.8304925,Restart Task,Restart Task,0.434975,LOW
4761,0.005,0.13429018014840116,0.32489999999999997,0.10096999999999999,Normal,Normal,0.6801,MEDIUM
4762,0.0,-0.018462521990324166,0.9613,0.28839,Normal,Normal,0.0387,LOW
4763,0.0,0.10796414082165917,0.6103875000000001,0.18311625,Normal,Normal,0.389612,LOW
4764,0.0,0.14511495857131856,0.14065000000000005,0.04219500000000002,Normal,Normal,0.85935,HIGH
4765,1.0,0.11144531052325851,0.5813875,0.8744162499999999,Restart Task,Restart Task,0.581387,MEDIUM
4766,0.98,0.09952153677841546,0.6688125,0.88664375,Restart Task,Restart Task,0.688813,MEDIUM
4767,0.0,0.10395513363297082,0.6386875000000001,0.19160625,Normal,Normal,0.361312,LOW
4768,0.0,0.13608550274995457,0.29798749999999996,0.08939624999999998,Normal,Normal,0.702013,MEDIUM
4769,0.0,0.14193071997457118,0.19998749999999998,0.059996249999999994,Normal,Normal,0.800013,HIGH
4770,0.0,0.1338071381606119,0.33165,0.099495,Normal,Normal,0.66835,MEDIUM
4771,1.0,0.09386600962329866,0.703075,0.9109225,Restart Task,Restart Task,0.703075,MEDIUM
4772,0.0,0.14621085131017447,0.12188750000000004,0.03656625000000001,Normal,Normal,0.878112,HIGH
4773,0.0,0.13843530869360776,0.25797499999999995,0.07739249999999999,Normal,Normal,0.742025,MEDIUM
4774,1.0,0.11387823699437222,0.56035,0.8681049999999999,Restart Task,Restart Task,0.56035,MEDIUM
4775,0.0,-0.08980887366993551,0.989825,0.2969475,Normal,Normal,0.010175,LOW
4776,0.0,0.13839640357735333,0.25846250000000004,0.07753875,Normal,Normal,0.741537,MEDIUM
4777,0.0,0.11609341928822664,0.5404875,0.16214625,Normal,Normal,0.459512,LOW
4778,0.0,0.09721734831187012,0.6836625000000001,0.20509875000000002,Normal,Normal,0.316337,LOW
4779,0.0,0.015244343221119894,0.9383125,0.28149375,Normal,Normal,0.061688,LOW
4780,0.0,0.12388935866494627,0.45825000000000005,0.137475,Normal,Normal,0.54175,LOW
4781,0.0,0.07096259563894591,0.805875,0.2417625,Normal,Normal,0.194125,LOW
4782,0.995,0.11568347336878554,0.54415,0.859745,Restart Task,Restart Task,0.54915,LOW
4783,0.0,0.13016419520635802,0.38222500000000004,0.1146675,Normal,Normal,0.617775,MEDIUM
4784,0.0,0.1480494378540259,0.09296249999999995,0.027888749999999983,Normal,Normal,0.907038,HIGH
4785,0.0,0.13548241282427625,0.306775,0.0920325,Normal,Normal,0.693225,MEDIUM
4786,0.0,0.10513727857937133,0.6308125,0.18924375,Normal,Normal,0.369188,LOW
4787,1.0,0.11363804935032606,0.5626375,0.8687912499999999,Restart Task,Restart Task,0.562638,MEDIUM
4788,0.0,0.13131350930421798,0.367325,0.1101975,Normal,Normal,0.632675,MEDIUM
4789,0.0,0.07651741319868727,0.7840125,0.23520375,Normal,Normal,0.215987,LOW
4790,0.0,0.10874348061845557,0.604125,0.1812375,Normal,Normal,0.395875,LOW
4791,0.0,0.11429235669370458,0.556475,0.16694250000000002,Normal,Normal,0.443525,LOW
4792,0.975,0.04347186918428486,0.8913625000000001,0.9499087500000001,Restart Task,Restart Task,0.916363,HIGH
4793,0.0,0.06331782758736854,0.8356625,0.25069874999999997,Normal,Normal,0.164338,LOW
4794,0.975,0.07158600557027084,0.803275,0.9234825,Restart Task,Restart Task,0.828275,HIGH
4795,0.0,0.13789088693003954,0.26773749999999996,0.08032124999999998,Normal,Normal,0.732263,MEDIUM
4796,0.0,0.12652617332852972,0.4272,0.12816,Normal,Normal,0.5728,MEDIUM
4797,0.0,0.1137359646058152,0.5615125000000001,0.16845375,Normal,Normal,0.438487,LOW
4798,0.985,0.10811639640764742,0.6091375,0.87224125,Restart Task,Restart Task,0.624138,MEDIUM
4799,0.0,0.040097097680365956,0.8984624999999999,0.26953875,Normal,Normal,0.101538,LOW
4800,0.0,0.12737556839087438,0.41656249999999995,0.12496874999999998,Normal,Normal,0.583438,MEDIUM
4801,0.995,0.1050939540022165,0.6311875,0.88585625,Restart Task,Restart Task,0.636188,MEDIUM
4802,0.0,0.060751063356147716,0.845025,0.2535075,Normal,Normal,0.154975,LOW
4803,0.005,0.06819155965815593,0.8172125,0.24866375,Normal,Normal,0.187787,LOW
4804,0.0,0.06081732470557871,0.844775,0.2534325,Normal,Normal,0.155225,LOW
4805,0.0,0.14323435448143979,0.17508749999999995,0.05252624999999998,Normal,Normal,0.824913,HIGH
4806,0.0,0.12543310086262738,0.44066249999999996,0.13219874999999998,Normal,Normal,0.559338,MEDIUM
4807,1.0,0.09697529205176636,0.6854125,0.90562375,Restart Task,Restart Task,0.685412,MEDIUM
4808,0.985,0.11370033414577829,0.561925,0.8580775,Restart Task,Restart Task,0.576925,MEDIUM
4809,0.99,0.12769306632090116,0.41295000000000004,0.816885,Restart Task,Restart Task,0.42295,LOW
4810,0.0,0.1360728262482669,0.29825,0.089475,Normal,Normal,0.70175,MEDIUM
4811,0.0,0.15245497800989488,0.04943750000000002,0.014831250000000006,Normal,Normal,0.950562,HIGH
4812,1.0,0.025875641736116117,0.925875,0.9777624999999999,Restart Task,Restart Task,0.925875,HIGH
4813,0.03,-0.00016590367536839512,0.95015,0.306045,Scale Resources,Scale Resources,0.07985,LOW
4814,0.0,0.0440198660427602,0.8899625,0.26698875,Normal,Normal,0.110038,LOW
4815,0.0,-0.07106643485246456,0.9848625,0.29545875,Normal,Normal,0.015138,LOW
4816,0.0,0.11732051857841941,0.5286,0.15857999999999997,Normal,Normal,0.4714,LOW
4817,0.0,0.031273567452711815,0.9173875,0.27521625,Normal,Normal,0.082612,LOW
4818,0.0,0.13727908386033072,0.27715,0.083145,Normal,Normal,0.72285,MEDIUM
4819,1.0,0.13690978448426838,0.283575,0.7850725,Restart Task,Restart Task,0.283575,LOW
4820,0.0,0.06613877718101302,0.82495,0.24748499999999998,Normal,Normal,0.17505,LOW
4821,0.005,0.07540220197882475,0.7884375,0.24003125,Normal,Normal,0.216562,LOW
4822,1.0,0.07077781785698045,0.8070125,0.94210375,Restart Task,Restart Task,0.807013,HIGH
4823,0.0,0.14934862853704434,0.07593749999999999,0.022781249999999996,Normal,Normal,0.924063,HIGH
4824,0.995,0.10244523659703952,0.649025,0.8912074999999999,Restart Task,Restart Task,0.654025,MEDIUM
4825,1.0,0.09750789134305965,0.682075,0.9046224999999999,Restart Task,Restart Task,0.682075,MEDIUM
4826,1.0,0.10798912353727846,0.6102125,0.8830637499999999,Restart Task,Restart Task,0.610213,MEDIUM
4827,0.0,0.11285603325181359,0.5694,0.17082,Normal,Normal,0.4306,LOW
4828,0.0,0.10550111812288382,0.6278375,0.18835125,Normal,Normal,0.372162,LOW
4829,0.0,0.13553493453019783,0.30613749999999995,0.09184124999999999,Normal,Normal,0.693863,MEDIUM
4830,1.0,0.11498961030324206,0.5507124999999999,0.8652137499999999,Restart Task,Restart Task,0.550712,MEDIUM
4831,0.0,0.09001057075118596,0.7242875,0.21728625,Normal,Normal,0.275713,LOW
4832,1.0,0.13312000216135178,0.34152499999999997,0.8024574999999999,Restart Task,Restart Task,0.341525,LOW
4833,1.0,0.1299852768590823,0.38436250000000005,0.81530875,Restart Task,Restart Task,0.384363,LOW
4834,0.0,0.1368185410491891,0.28493749999999995,0.08548124999999998,Normal,Normal,0.715063,MEDIUM
4835,0.0,-0.001026259822988762,0.9506875,0.28520625,Normal,Normal,0.049312,LOW
4836,0.0,0.06315854267131182,0.8362875,0.25088625,Normal,Normal,0.163713,LOW
4837,0.0,0.13672636847416758,0.28688749999999996,0.08606624999999998,Normal,Normal,0.713113,MEDIUM
4838,0.0,0.04553903356872491,0.886575,0.2659725,Normal,Normal,0.113425,LOW
4839,0.0,0.11476922902768749,0.5522750000000001,0.1656825,Normal,Normal,0.447725,LOW
4840,1.0,0.14610164978518597,0.123475,0.7370424999999999,Restart Task,Restart Task,0.123475,LOW
4841,0.0,0.1535276519118396,0.04028750000000003,0.012086250000000008,Normal,Normal,0.959712,HIGH
4842,1.0,0.06035144295511935,0.84615,0.9538449999999999,Restart Task,Restart Task,0.84615,HIGH
4843,1.0,0.09903539065742428,0.67205,0.9016149999999999,Restart Task,Restart Task,0.67205,MEDIUM
4844,0.0,0.10167842422233297,0.653975,0.1961925,Normal,Normal,0.346025,LOW
4845,0.0,-0.008438777385337937,0.95475,0.286425,Normal,Normal,0.04525,LOW
4846,0.0,0.12996457724688265,0.38465000000000005,0.11539500000000001,Normal,Normal,0.61535,MEDIUM
4847,1.0,0.14481306588828785,0.14603750000000004,0.7438112499999999,Restart Task,Restart Task,0.146038,LOW
4848,0.0,0.10601743963700705,0.624225,0.1872675,Normal,Normal,0.375775,LOW
4849,0.0,0.11783051073580447,0.5231125,0.15693374999999998,Normal,Normal,0.476888,LOW
4850,0.0,0.13162853037180983,0.3630875,0.10892625,Normal,Normal,0.636912,MEDIUM
4851,0.01,0.09315359353108382,0.707425,0.2192275,Normal,Normal,0.302575,LOW
4852,0.0,0.1569693011306289,0.020449999999999968,0.00613499999999999,Normal,Normal,0.97955,HIGH
4853,0.995,0.12507090103080626,0.444875,0.8299625,Restart Task,Restart Task,0.449875,LOW
4854,0.11,0.032056888245368786,0.9158375,0.35175125,Scale Resources,Scale Resources,0.194163,LOW
4855,0.005,0.11266545084234514,0.5712625,0.17487875,Normal,Normal,0.433737,LOW
4856,0.0,0.10360135597256831,0.6410750000000001,0.1923225,Normal,Normal,0.358925,LOW
4857,0.0,0.03903788904161121,0.90055,0.270165,Normal,Normal,0.09945,LOW
4858,0.995,0.10527416371651122,0.629725,0.8854175,Restart Task,Restart Task,0.634725,MEDIUM
4859,0.99,0.10576368300147282,0.6260625,0.88081875,Restart Task,Restart Task,0.636062,MEDIUM
4860,0.0,0.1445946453619733,0.1499125,0.04497375,Normal,Normal,0.850087,HIGH
4861,0.0,0.06386815363183557,0.8332625,0.24997875,Normal,Normal,0.166737,LOW
4862,0.0,0.1299308462235152,0.38517500000000005,0.1155525,Normal,Normal,0.614825,MEDIUM
4863,0.02,0.014898012117135151,0.9385,0.29555,Normal,Normal,0.0815,LOW
4864,0.0,0.11288053806498805,0.5691875,0.17075624999999997,Normal,Normal,0.430813,LOW
4865,0.045,0.12967796973500212,0.388625,0.14808749999999998,Normal,Normal,0.656375,MEDIUM
4866,0.0,0.0858579558809226,0.7450749999999999,0.22352249999999999,Normal,Normal,0.254925,LOW
4867,0.0,0.140832868941967,0.21942499999999998,0.0658275,Normal,Normal,0.780575,MEDIUM
4868,0.0,0.11976872882482448,0.5031,0.15092999999999998,Normal,Normal,0.4969,LOW
4869,0.005,0.002135212862770741,0.94895,0.28818499999999997,Normal,Normal,0.05605,LOW
4870,0.12,0.030079715448783184,0.9195875,0.35987625,Scale Resources,Scale Resources,0.200412,LOW
4871,0.0,0.03897996559010963,0.9006625,0.27019875,Normal,Normal,0.099337,LOW
4872,0.98,0.106239592907178,0.622425,0.8727274999999999,Restart Task,Restart Task,0.642425,MEDIUM
4873,0.0,0.13182852915900872,0.36048749999999996,0.10814624999999999,Normal,Normal,0.639513,MEDIUM
4874,0.93,0.12259752515294564,0.47358750000000005,0.79307625,Restart Task,Restart Task,0.543588,LOW
4875,0.01,-0.012399694114085702,0.9575375,0.29426125000000003,Normal,Normal,0.052462,LOW
4876,0.0,0.08258875587337472,0.7592375,0.22777124999999998,Normal,Normal,0.240762,LOW
4877,0.0,0.06989986931504871,0.8108124999999999,0.24324374999999998,Normal,Normal,0.189188,LOW
4878,0.0,0.15368431206026306,0.039325000000000054,0.011797500000000016,Normal,Normal,0.960675,HIGH
4879,0.0,0.12871838577147926,0.400925,0.12027749999999998,Normal,Normal,0.599075,MEDIUM
4880,1.0,0.14481306588828785,0.14603750000000004,0.7438112499999999,Restart Task,Restart Task,0.146038,LOW
4881,0.0,0.06332214402968711,0.8356125,0.25068375,Normal,Normal,0.164388,LOW
4882,0.0,0.07610106509350745,0.7855875,0.23567624999999998,Normal,Normal,0.214413,LOW
4883,0.01,0.061015480147811274,0.844275,0.26028249999999997,Normal,Normal,0.165725,LOW
4884,0.0,0.11372548985732978,0.5617,0.16851,Normal,Normal,0.4383,LOW
4885,0.0,0.08974960597220472,0.7255750000000001,0.21767250000000002,Normal,Normal,0.274425,LOW
4886,1.0,0.13374859837524344,0.33248750000000005,0.79974625,Restart Task,Restart Task,0.332488,LOW
4887,0.0,0.14752655243990948,0.100325,0.0300975,Normal,Normal,0.899675,HIGH
4888,0.94,0.10007412972470492,0.6649875000000001,0.85749625,Restart Task,Restart Task,0.724988,MEDIUM
4889,0.0,0.13863095655511282,0.25485,0.07645500000000001,Normal,Normal,0.74515,MEDIUM
4890,0.0,0.13507311796732974,0.3130625,0.09391875000000001,Normal,Normal,0.686937,MEDIUM
4891,0.0,0.1103693997550878,0.590225,0.1770675,Normal,Normal,0.409775,LOW
4892,0.0,0.08698398487344933,0.7391625,0.22174874999999997,Normal,Normal,0.260838,LOW
4893,0.0,0.13212118746684598,0.35607500000000003,0.1068225,Normal,Normal,0.643925,MEDIUM
4894,0.0,0.04337896578120504,0.8915375,0.26746125,Normal,Normal,0.108463,LOW
4895,0.0,0.10442454726846628,0.6359874999999999,0.19079624999999997,Normal,Normal,0.364013,LOW
4896,0.0,0.03416005969953195,0.911125,0.27333749999999996,Normal,Normal,0.088875,LOW
4897,0.0,0.12850425280674926,0.40337500000000004,0.12101250000000001,Normal,Normal,0.596625,MEDIUM
4898,0.0,0.1348788193176098,0.3159375,0.09478125,Normal,Normal,0.684063,MEDIUM
4899,0.0,0.13403152002728375,0.32828749999999995,0.09848624999999998,Normal,Normal,0.671713,MEDIUM
4900,0.0,0.11364093451624357,0.5626125,0.16878374999999998,Normal,Normal,0.437388,LOW
4901,1.0,0.02075306347134165,0.9321125,0.97963375,Restart Task,Restart Task,0.932113,HIGH
4902,0.0,0.13034872221975913,0.38002499999999995,0.11400749999999998,Normal,Normal,0.619975,MEDIUM
4903,1.0,0.14529654961836103,0.1377625,0.74132875,Restart Task,Restart Task,0.137763,LOW
4904,0.0,0.11833810706203507,0.518,0.1554,Normal,Normal,0.482,LOW
4905,1.0,0.13230713692161855,0.353225,0.8059675,Restart Task,Restart Task,0.353225,LOW
4906,0.0,0.1096087558015108,0.5966875,0.17900625,Normal,Normal,0.403312,LOW
4907,0.0,0.13699303924041567,0.2822125,0.08466375,Normal,Normal,0.717788,MEDIUM
4908,0.0,0.12779070982612334,0.41152500000000003,0.1234575,Normal,Normal,0.588475,MEDIUM
4909,0.0,0.06470025350028247,0.830475,0.2491425,Normal,Normal,0.169525,LOW
4910,1.0,0.11929017030358918,0.50805,0.8524149999999999,Restart Task,Restart Task,0.50805,LOW
4911,1.0,0.11232812878924742,0.5740125,0.8722037499999999,Restart Task,Restart Task,0.574013,MEDIUM
4912,0.0,0.14070531955273946,0.2214625,0.06643875,Normal,Normal,0.778537,MEDIUM
4913,0.99,0.04592682575727769,0.8858625,0.9587587499999999,Restart Task,Restart Task,0.895863,HIGH
4914,1.0,0.06768754608481448,0.8192375000000001,0.94577125,Restart Task,Restart Task,0.819238,HIGH
4915,0.12,0.12579230527984603,0.43623749999999994,0.21487124999999996,Normal,Normal,0.683763,MEDIUM
4916,0.05,0.12598557914467357,0.4336875,0.16510625,Normal,Normal,0.616313,MEDIUM
4917,1.0,0.12144986704458843,0.48560000000000003,0.84568,Restart Task,Restart Task,0.4856,LOW
4918,0.0,0.07361684074862807,0.7952625,0.23857874999999998,Normal,Normal,0.204738,LOW
4919,0.045,0.12444875220986101,0.45225000000000004,0.16717500000000002,Normal,Normal,0.59275,MEDIUM
4920,0.0,0.08765511522059766,0.7355,0.22065,Normal,Normal,0.2645,LOW
4921,0.0,0.1403961121458892,0.22623749999999998,0.06787125,Normal,Normal,0.773763,MEDIUM
4922,1.0,0.13685877628933768,0.28442500000000004,0.7853275,Restart Task,Restart Task,0.284425,LOW
4923,0.0,0.12151127579045873,0.48502500000000004,0.1455075,Normal,Normal,0.514975,LOW
4924,0.0,0.13705173987635244,0.28147500000000003,0.0844425,Normal,Normal,0.718525,MEDIUM
4925,1.0,0.13041541085397895,0.37916249999999996,0.8137487499999999,Restart Task,Restart Task,0.379162,LOW
4926,0.0,0.13304517777863206,0.3428,0.10284,Normal,Normal,0.6572,MEDIUM
4927,0.0,0.14637661003079022,0.11902500000000005,0.03570750000000001,Normal,Normal,0.880975,HIGH
4928,0.0,0.11335658991879166,0.5648124999999999,0.16944374999999998,Normal,Normal,0.435188,LOW
4929,0.0,0.13701869656432702,0.28185000000000004,0.084555,Normal,Normal,0.71815,MEDIUM
4930,0.0,0.10926345063422216,0.599925,0.1799775,Normal,Normal,0.400075,LOW
4931,0.0,-0.08939086916439187,0.9896875,0.29690625,Normal,Normal,0.010312,LOW
4932,0.005,0.049797197875820765,0.87665,0.266495,Normal,Normal,0.12835,LOW
4933,0.0,0.10116609556586048,0.6571374999999999,0.19714124999999996,Normal,Normal,0.342863,LOW
4934,1.0,0.10940923493053861,0.5983375,0.8795012499999999,Restart Task,Restart Task,0.598337,MEDIUM
4935,0.01,0.09353556166172156,0.7048875,0.21846625,Normal,Normal,0.305113,LOW
4936,0.995,0.14701748205260678,0.10919999999999996,0.72926,Restart Task,Restart Task,0.1142,LOW
4937,0.0,0.1475707990196936,0.09970000000000001,0.029910000000000003,Normal,Normal,0.9003,HIGH
4938,0.0,0.14389063291856052,0.1634,0.049019999999999994,Normal,Normal,0.8366,HIGH
4939,0.0,0.07439365215884469,0.7923125,0.23769374999999998,Normal,Normal,0.207688,LOW
4940,0.0,0.15351141208402025,0.04041249999999996,0.012123749999999989,Normal,Normal,0.959588,HIGH
4941,0.015,-0.02811402585431977,0.965475,0.3001425,Scale Resources,Scale Resources,0.049525,LOW
4942,0.955,0.13795450613636223,0.26654999999999995,0.7484649999999999,Restart Task,Restart Task,0.31155,LOW
4943,0.04,0.1275363168049311,0.4149625,0.15248875,Normal,Normal,0.625037,MEDIUM
4944,0.005,0.07725763033334404,0.7809125,0.23777375,Normal,Normal,0.224087,LOW
4945,0.0,0.10171843067671377,0.653625,0.1960875,Normal,Normal,0.346375,LOW
4946,0.0,0.1424539445503012,0.18994999999999995,0.05698499999999998,Normal,Normal,0.81005,HIGH
4947,0.0,0.13792445776326623,0.2672375,0.08017125,Normal,Normal,0.732762,MEDIUM
4948,0.985,0.10084954014710684,0.6596,0.88738,Restart Task,Restart Task,0.6746,MEDIUM
4949,0.0,0.10370409799833519,0.6403125000000001,0.19209375,Normal,Normal,0.359687,LOW
4950,0.785,0.14147436670518204,0.20876249999999996,0.61212875,Migrate VM,Migrate VM,0.423762,LOW
4951,0.0,0.09112060908261688,0.7185250000000001,0.2155575,Normal,Normal,0.281475,LOW
4952,0.0,0.1207072706754076,0.4934625,0.14803875,Normal,Normal,0.506537,LOW
4953,0.0,0.12057447994304027,0.49507500000000004,0.1485225,Normal,Normal,0.504925,LOW
4954,0.0,-0.06787760711531488,0.9819125,0.29457374999999997,Normal,Normal,0.018088,LOW
4955,0.005,0.05580481646051627,0.8601,0.26153,Normal,Normal,0.1449,LOW
4956,0.025,0.12860710607628295,0.402,0.1381,Normal,Normal,0.623,MEDIUM
4957,1.0,0.10309843941571761,0.6446000000000001,0.89338,Restart Task,Restart Task,0.6446,MEDIUM
4958,1.0,0.08676881193370162,0.7402375,0.9220712499999999,Restart Task,Restart Task,0.740237,MEDIUM
4959,0.0,0.11260850303903053,0.5717,0.17151,Normal,Normal,0.4283,LOW
4960,0.0,0.10322283534785226,0.6438625,0.19315875,Normal,Normal,0.356137,LOW
4961,0.0,0.14038062039061666,0.2266625,0.06799875,Normal,Normal,0.773338,MEDIUM
4962,0.0,0.0787388797834721,0.774575,0.23237249999999998,Normal,Normal,0.225425,LOW
4963,0.0,0.1279252865216377,0.41018750000000004,0.12305625,Normal,Normal,0.589812,MEDIUM
4964,0.0,0.14041463349812555,0.2259375,0.06778125,Normal,Normal,0.774062,MEDIUM
4965,0.0,0.13795710300272523,0.26649999999999996,0.07994999999999998,Normal,Normal,0.7335,MEDIUM
4966,0.0,0.13715059219044745,0.27993749999999995,0.08398124999999998,Normal,Normal,0.720063,MEDIUM
4967,0.97,0.09172058521096182,0.7151875,0.8935562499999999,Restart Task,Restart Task,0.745188,MEDIUM
4968,0.0,0.08554512615368237,0.746475,0.2239425,Normal,Normal,0.253525,LOW
4969,0.0,0.14467013780728538,0.14866250000000003,0.044598750000000006,Normal,Normal,0.851337,HIGH
4970,0.0,0.14433525911169254,0.15452500000000002,0.0463575,Normal,Normal,0.845475,HIGH
4971,0.0,0.12595854358652486,0.43396250000000003,0.13018875,Normal,Normal,0.566037,MEDIUM
4972,0.04,0.1323213393874227,0.3530375,0.13391124999999998,Normal,Normal,0.686962,MEDIUM
4973,0.025,0.15288618159647438,0.045812500000000034,0.031243750000000008,Normal,Normal,0.979187,HIGH
4974,1.0,0.04858461404372777,0.87985,0.9639549999999999,Restart Task,Restart Task,0.87985,HIGH
4975,0.0,0.15671991046730216,0.02178749999999996,0.006536249999999987,Normal,Normal,0.978213,HIGH
4976,0.0,0.09094473022110411,0.7195625,0.21586875,Normal,Normal,0.280438,LOW
4977,1.0,0.12074409100075573,0.4931375,0.84794125,Restart Task,Restart Task,0.493138,LOW
4978,0.0,-0.13880585664940714,0.9969,0.29907,Normal,Normal,0.0031,LOW
4979,0.945,0.1328506204241236,0.34548749999999995,0.7651462499999999,Restart Task,Restart Task,0.400487,LOW
4980,0.0,0.12387761256517954,0.45845,0.137535,Normal,Normal,0.54155,LOW
4981,1.0,0.07872172588164611,0.774675,0.9324024999999999,Restart Task,Restart Task,0.774675,MEDIUM
4982,0.0,0.12941598722324194,0.39212499999999995,0.11763749999999998,Normal,Normal,0.607875,MEDIUM
4983,0.0,0.07108143684184509,0.805275,0.24158249999999998,Normal,Normal,0.194725,LOW
4984,0.0,0.13959924244959676,0.24003750000000001,0.07201125,Normal,Normal,0.759962,MEDIUM
4985,0.0,0.14283448613684618,0.18235,0.054705000000000004,Normal,Normal,0.81765,HIGH
4986,0.0,0.12408673297773393,0.456175,0.1368525,Normal,Normal,0.543825,LOW
4987,0.0,0.06543387715230709,0.8276749999999999,0.24830249999999998,Normal,Normal,0.172325,LOW
4988,1.0,0.06345778326641566,0.8351375,0.9505412499999999,Restart Task,Restart Task,0.835137,HIGH
4989,0.0,0.04512018576252219,0.8877,0.26631,Normal,Normal,0.1123,LOW
4990,0.0,0.11976872882482448,0.5031,0.15092999999999998,Normal,Normal,0.4969,LOW
4991,0.0,0.13354677291465972,0.3355,0.10065,Normal,Normal,0.6645,MEDIUM
4992,0.0,0.13177879115660202,0.36111249999999995,0.10833374999999998,Normal,Normal,0.638888,MEDIUM
4993,0.0,0.14866994132446837,0.08378750000000001,0.025136250000000002,Normal,Normal,0.916212,HIGH
4994,1.0,0.13352439483809275,0.33592500000000003,0.8007774999999999,Restart Task,Restart Task,0.335925,LOW
4995,1.0,-0.05185628492896055,0.9725375,0.9917612499999999,Restart Task,Restart Task,0.972538,HIGH
4996,0.0,0.13731130288223897,0.27661250000000004,0.08298375000000001,Normal,Normal,0.723387,MEDIUM
4997,0.0,0.12275793863842838,0.471475,0.1414425,Normal,Normal,0.528525,LOW
4998,0.0,0.11638228846145005,0.5380125,0.16140374999999998,Normal,Normal,0.461987,LOW
4999,0.0,0.09925816384519848,0.67055,0.20116499999999998,Normal,Normal,0.32945,LOW
