case,priority,cpu_mean,assigned_memory,cycles_per_instruction,memory_accesses_per_instruction,sample_rate,failure_probability,raw_isolation_forest_score,calibrated_anomaly_signal,risk_score,risk_band,base_action,final_action,confidence
minimum,0.0,0.0,0.0,0.0,0.0,0.0,0.395,0.09883608630714852,0.67335,0.47850499999999996,Scale Resources,Scale Resources,Scale Resources,0.72165
maximum,500.0,1.0,1.0,2.0,1.0,1.0,0.295,-0.2008749081350346,1.0,0.5065,Migrate VM,Migrate VM,Migrate VM,0.29499999999999993
low_cpu_memory,500.0,0.1,0.1,0.0,0.0,0.0,0.24,-0.16282069044569447,0.9991875,0.46775625,Scale Resources,Scale Resources,Scale Resources,0.24081249999999998
high_cpu_memory,0.0,0.9,0.9,2.0,1.0,1.0,0.3,-0.20351489052418703,1.0,0.51,Migrate VM,Migrate VM,Migrate VM,0.30000000000000004
low_cpi,500.0,1.0,1.0,0.0,1.0,1.0,0.215,-0.20188243633979863,1.0,0.4505,Scale Resources,Scale Resources,Scale Resources,0.21499999999999997
high_cpi,0.0,0.0,0.0,2.0,0.0,0.0,0.27,0.0991808677770466,0.670975,0.3902925,Scale Resources,Scale Resources,Scale Resources,0.599025
low_memory_accesses,500.0,1.0,1.0,2.0,0.0,1.0,0.275,-0.19377275881603984,0.9999625,0.49248875,Scale Resources,Scale Resources,Scale Resources,0.27503750000000005
high_memory_accesses,0.0,0.0,0.0,0.0,1.0,0.0,0.3,0.049636040099013456,0.8770625,0.4731187499999999,Scale Resources,Scale Resources,Scale Resources,0.42293749999999997
random_0000,386.97802427798166,0.4388784397520523,0.8585979199113825,1.3947360581187278,0.09417734788764953,0.9756223516367559,0.275,-0.20744827760561746,1.0,0.4925,Scale Resources,Scale Resources,Scale Resources,0.275
random_0001,380.56985099517647,0.7860643052769538,0.12811363267554587,0.9007718757911343,0.37079802423258124,0.9267649888486018,0.27,-0.20440722962915492,1.0,0.489,Scale Resources,Scale Resources,Scale Resources,0.27
random_0002,321.93256004033225,0.82276161327083,0.44341419882733113,0.4544774435695538,0.5545847870158348,0.06381725610417532,0.245,-0.20897343730880835,1.0,0.4715,Scale Resources,Scale Resources,Scale Resources,0.245
random_0003,413.815585996291,0.6316643991220648,0.7580877400853738,0.7090519362597367,0.9706980243949033,0.8931211213221977,0.25,-0.20897343730880835,1.0,0.475,Scale Resources,Scale Resources,Scale Resources,0.25
random_0004,389.19174853688094,0.19463870785196757,0.4667210037270342,0.08760753157445755,0.15428949206754783,0.6830489532424546,0.22,-0.20525392417297494,1.0,0.45399999999999996,Scale Resources,Scale Resources,Scale Resources,0.21999999999999997
random_0005,372.3810779539086,0.96750973243421,0.32582535813815194,0.7409194120697378,0.4695558112758079,0.1894713590842857,0.245,-0.20846470673492257,1.0,0.4715,Scale Resources,Scale Resources,Scale Resources,0.245
random_0006,64.96075266773582,0.47570492622593374,0.2269093490508841,1.3396279893650207,0.43715191887233074,0.8326781960578374,0.275,-0.20582110289773825,1.0,0.4925,Scale Resources,Scale Resources,Scale Resources,0.275
random_0007,350.13255100112457,0.31236664138204107,0.8322598013952011,1.6095287149936037,0.38747837903017446,0.2883281039302441,0.28,-0.204913214040654,1.0,0.496,Scale Resources,Scale Resources,Scale Resources,0.28
random_0008,341.24775198748773,0.1397524836093098,0.19990820247510832,0.014724539502011025,0.7869243775021384,0.6648508565920321,0.25,-0.1888886790195956,0.999725,0.4749175,Scale Resources,Scale Resources,Scale Resources,0.250275
random_0009,352.5826893131676,0.7807290310219679,0.45891577553833995,1.1374823919057875,0.13979699812765745,0.11453007353597344,0.29,-0.20846470673492257,1.0,0.503,Migrate VM,Migrate VM,Migrate VM,0.29000000000000004
random_0010,334.2014808952358,0.4710962061431325,0.5652361064811888,1.5299977148320512,0.6347183200005908,0.5535794006579958,0.275,-0.20744827760561746,1.0,0.4925,Scale Resources,Scale Resources,Scale Resources,0.275
random_0011,279.60358037270674,0.3039500980626122,0.030817834567939406,0.8734347784647247,0.2145846728195292,0.40852864372463615,0.3,-0.1629885565787832,0.9991875,0.50975625,Migrate VM,Migrate VM,Migrate VM,0.3008124999999999
random_0012,426.7015366340831,0.23393948586534075,0.05830274168906602,0.5627677840439931,0.2935937577666836,0.6619165147268951,0.265,-0.18025657659110372,0.99965,0.485395,Scale Resources,Scale Resources,Scale Resources,0.26535
random_0013,278.51607617063917,0.7838982091064135,0.6643135403273875,0.812773722880141,0.8140203846660347,0.1669729199077039,0.26,-0.20846470673492257,1.0,0.482,Scale Resources,Scale Resources,Scale Resources,0.26
random_0014,11.35603656693024,0.09004786077564175,0.7223593505964503,0.9237544605027748,0.1612717790336018,0.5010447751033635,0.31,-0.18380648878238148,0.9997125,0.51691375,Migrate VM,Migrate VM,Migrate VM,0.31028750000000005
random_0015,76.15605135658421,0.696320375077736,0.4461562755740307,0.762042452192965,0.3015120891478765,0.6302825931188885,0.32,-0.20582110289773825,1.0,0.524,Migrate VM,Migrate VM,Migrate VM,0.32000000000000006
random_0016,180.9063052766952,0.087649919316101,0.11800590212051532,1.923795329099029,0.908580690707607,0.6997071338107496,0.32,-0.17123037182249923,0.9991875,0.5237562499999999,Migrate VM,Migrate VM,Migrate VM,0.32081249999999994
random_0017,132.9349807297598,0.9691763773477239,0.7787509039657946,1.4337803783179912,0.44936150214378867,0.272241561845159,0.26,-0.20948251219930525,1.0,0.482,Scale Resources,Scale Resources,Scale Resources,0.26
random_0018,48.195481076749644,0.9026023965438417,0.45577628983361107,0.40472672959046063,0.3059566241506525,0.579219568941896,0.305,-0.2088679021839035,1.0,0.5135,Migrate VM,Migrate VM,Migrate VM,0.30499999999999994
random_0019,88.38639146961586,0.8566142840923755,0.7585195298352101,1.4389259119018736,0.4320930397751037,0.6273088407024432,0.275,-0.204808248601562,1.0,0.4925,Scale Resources,Scale Resources,Scale Resources,0.275
random_0020,292.0489844563678,0.64984660155482,0.08444432113988909,0.8316148043412193,0.04161417386189248,0.49399081924451893,0.275,-0.1927603010378136,0.999925,0.49247749999999996,Scale Resources,Scale Resources,Scale Resources,0.27507500000000007
random_0021,164.93060616639266,0.1445241888660469,0.10340296772255164,1.175289144355424,0.1705929685368861,0.9251201183767972,0.275,-0.18057516549977137,0.9996625,0.49239875,Scale Resources,Scale Resources,Scale Resources,0.2753375
random_0022,290.5305698501975,0.34686980453483707,0.5909154914814168,0.045607742059394996,0.9585592132414453,0.48230343694290023,0.23,-0.20728221204533992,1.0,0.46099999999999997,Scale Resources,Scale Resources,Scale Resources,0.22999999999999998
random_0023,391.3676136251431,0.08272999992243857,0.48665833083816035,0.9814139887090418,0.9378264549749828,0.5717280523760754,0.305,-0.1809047912889058,0.9996625,0.51339875,Migrate VM,Migrate VM,Migrate VM,0.30533750000000004
random_0024,236.7447005284769,0.2669756630918936,0.3315689973425522,1.0413448049430756,0.4389114603050467,0.021612079880330426,0.275,-0.20323111812667694,1.0,0.4925,Scale Resources,Scale Resources,Scale Resources,0.275
random_0025,413.1459620971789,0.8961607718397667,0.14024908899861077,1.1080722870780988,0.10857574113544355,0.6722400930398117,0.295,-0.20440722962915492,1.0,0.5065,Migrate VM,Migrate VM,Migrate VM,0.29499999999999993
random_0026,140.61689191950416,0.6594226346919018,0.7269946142868826,1.537294983835314,0.10774094595589656,0.9160118451376079,0.27,-0.2064332229502308,1.0,0.489,Scale Resources,Scale Resources,Scale Resources,0.27
random_0027,115.10699544744041,0.03741255617617978,0.5548524693914834,0.7418445677248775,0.8297897431324132,0.8082514720643018,0.36,-0.14827954830125079,0.998925,0.5516775,Migrate VM,Migrate VM,Migrate VM,0.36107500000000003
random_0028,158.56944641135766,0.952899395069745,0.2909178381401186,1.030114258463429,0.25596509056760275,0.9360435700489633,0.275,-0.20744827760561746,1.0,0.4925,Scale Resources,Scale Resources,Scale Resources,0.275
random_0029,82.30390879100908,0.04491061939232899,0.43509706000303794,1.984751128111674,0.891677266254914,0.7486080194569492,0.345,-0.16942558936009766,0.9991875,0.54125625,Migrate VM,Migrate VM,Migrate VM,0.34581249999999997
random_0030,445.39624543926243,0.8934466396978632,0.5188583603864491,0.631858103661586,0.772012432110988,0.6616612631677611,0.25,-0.20897343730880835,1.0,0.475,Scale Resources,Scale Resources,Scale Resources,0.25
random_0031,186.82886443685504,0.09446666806151527,0.746789611349026,0.5249210318457294,0.9368131505337792,0.24097057500568475,0.285,-0.1809047912889058,0.9996625,0.49939875,Scale Resources,Scale Resources,Scale Resources,0.2853375
random_0032,61.37896620574301,0.8311126721249061,0.15328431662449404,0.3585366163154782,0.5993827915208435,0.8745620408374645,0.31,-0.20329153465308547,1.0,0.517,Migrate VM,Migrate VM,Migrate VM,0.31000000000000005
random_0033,98.21733285728662,0.31032367290009477,0.7774048382411776,1.9436528521219347,0.5007411862023423,0.14389750255125078,0.29,-0.20430233518422292,1.0,0.503,Migrate VM,Migrate VM,Migrate VM,0.29000000000000004
random_0034,6.968143854100772,0.22965602999885526,0.13182221778652103,1.355317347225715,0.12183250462853112,0.506329931620633,0.255,-0.20655230867139518,1.0,0.4785,Scale Resources,Scale Resources,Scale Resources,0.255
random_0035,347.1312178214432,0.5811166092209024,0.19977565166005762,1.6082490523645254,0.7154071296158017,0.7389840039155418,0.28,-0.2054195409101196,1.0,0.496,Scale Resources,Scale Resources,Scale Resources,0.28
random_0036,65.52887577865663,0.12375380365034461,0.9275625510065076,0.7951563876498813,0.30094869178093975,0.4885840453515333,0.32,-0.19259748493995898,0.999925,0.5239775,Migrate VM,Migrate VM,Migrate VM,0.3200750000000001
random_0037,331.4321063817912,0.9556232570469699,0.286446226882055,1.8496168586240542,0.024859491386256316,0.5551980423268247,0.275,-0.2023867119326933,1.0,0.4925,Scale Resources,Scale Resources,Scale Resources,0.275
random_0038,316.98755584054254,0.1058974037507533,0.14033959706391264,0.8382286386326077,0.9662319121431817,0.5960425532343728,0.32,-0.17699608448919524,0.9992625,0.52377875,Migrate VM,Migrate VM,Migrate VM,0.3207374999999999
random_0039,466.5116108001056,0.8043609156129707,0.4673816015552915,1.5695268985043749,0.017836783976987736,0.10914399676573494,0.26,-0.2023867119326933,1.0,0.482,Scale Resources,Scale Resources,Scale Resources,0.26
random_0040,414.7143074413682,0.7968170883251617,0.2326407419664337,1.061539181198107,0.6060158207000109,0.8677389537760112,0.275,-0.20897343730880835,1.0,0.4925,Scale Resources,Scale Resources,Scale Resources,0.275
random_0041,301.5535786693628,0.4125715692736803,0.3741840434071827,0.8517641727470198,0.6519310255799742,0.8674906317523249,0.265,-0.20323111812667694,1.0,0.4855,Scale Resources,Scale Resources,Scale Resources,0.265
random_0042,226.94844103814987,0.24783956295135812,0.23666236299758114,1.4920285604868928,0.8165687634239104,0.10527807985412496,0.26,-0.20339628725371706,1.0,0.482,Scale Resources,Scale Resources,Scale Resources,0.26
random_0043,33.27942847758908,0.5944336637564518,0.14617324419269828,1.6493283809126826,0.31033467392407443,0.14387193297114265,0.275,-0.20354448643687217,1.0,0.4925,Scale Resources,Scale Resources,Scale Resources,0.275
random_0044,460.4852362437251,0.16553172273527816,0.28472008233793555,0.30722679038411727,0.11549006366535497,0.021148016336440034,0.235,-0.19485663671649267,0.999975,0.4644925,Scale Resources,Scale Resources,Scale Resources,0.23502500000000004
random_0045,27.697704582130058,0.1746414709358527,0.05338193262717539,1.1822876322219424,0.6807145267995064,0.39363045683202824,0.27,-0.17131594923946225,0.9991875,0.48875625,Scale Resources,Scale Resources,Scale Resources,0.2708125
random_0046,158.9955484760247,0.5045262370222301,0.8750049422346086,1.702263253644412,0.04347506201279194,0.18149840959652408,0.285,-0.20694057858490844,1.0,0.49949999999999994,Scale Resources,Scale Resources,Scale Resources,0.2849999999999999
random_0047,118.37243555219801,0.24938757583221183,0.5712326517427727,0.8325248514063845,0.04925411992759399,0.3736141384595716,0.28,-0.19909772820037275,1.0,0.496,Scale Resources,Scale Resources,Scale Resources,0.28
random_0048,261.8764743588186,0.10167190290371597,0.8334585537885597,0.10392373293020851,0.9248418690180621,0.0991131415798755,0.275,-0.18286709275016788,0.9996875,0.49240625,Scale Resources,Scale Resources,Scale Resources,0.27531250000000007
random_0049,421.78747579887636,0.9026531439276171,0.9795706805865927,1.6040517605471871,0.7794775407713289,0.6424832759955477,0.28,-0.20948251219930525,1.0,0.496,Scale Resources,Scale Resources,Scale Resources,0.28
random_0050,389.4981772890645,0.13455220841314708,0.5360680359476373,1.028445740380829,0.8575721441225576,0.46279936559351587,0.305,-0.19385860920199705,0.9999625,0.5134887499999999,Migrate VM,Migrate VM,Migrate VM,0.3050375000000001
random_0051,192.54474805017674,0.6395632712371101,0.26646331750084606,0.27953682190791374,0.4778772740237458,0.416889368594885,0.235,-0.20999193163945207,1.0,0.46449999999999997,Scale Resources,Scale Resources,Scale Resources,0.235
random_0052,116.28497026443685,0.367511810115128,0.3663924498262474,0.6549911288250909,0.37946407972692897,0.6857433454559454,0.31,-0.20262161282194713,1.0,0.517,Migrate VM,Migrate VM,Migrate VM,0.31000000000000005
random_0053,148.43823728564266,0.9488579267153404,0.9163480195381779,0.9618208566001571,0.3283612050046888,0.5354347898300031,0.255,-0.20999193163945207,1.0,0.4785,Scale Resources,Scale Resources,Scale Resources,0.255
random_0054,424.2802443868123,0.652587340560102,0.8043918279470774,1.0654445521314804,0.6329176292676207,0.2881556141824617,0.275,-0.21152225959054594,1.0,0.4925,Scale Resources,Scale Resources,Scale Resources,0.275
random_0055,367.4465811551454,0.20240459312571835,0.6947981288184982,1.7214381366517881,0.13210283730154393,0.6143797405419198,0.28,-0.2023867119326933,1.0,0.496,Scale Resources,Scale Resources,Scale Resources,0.28
random_0056,47.5478741149673,0.7257156282714269,0.08449321882352023,1.871879645401252,0.13740793003780216,0.9588802459090804,0.275,-0.1956502916853149,0.9999875,0.49249625,Scale Resources,Scale Resources,Scale Resources,0.2750125
random_0057,400.44208804254833,0.5936820044663541,0.7826241046295469,1.5902296779661718,0.9460270628173303,0.2533833538391872,0.28,-0.21050169586244527,1.0,0.496,Scale Resources,Scale Resources,Scale Resources,0.28
random_0058,295.03794767915457,0.09504919756440122,0.6161657000241213,0.3425826081855776,0.5649506114724419,0.5724305140338497,0.28,-0.18041504515376983,0.9996625,0.49589875,Scale Resources,Scale Resources,Scale Resources,0.2803375
random_0059,232.99257649061366,0.5226317755131228,0.7639233900065879,1.5984894330241333,0.4921532155754291,0.5995934415226123,0.27,-0.20744827760561746,1.0,0.489,Scale Resources,Scale Resources,Scale Resources,0.27
random_0060,465.6181178450509,0.11973358850112281,0.1171035659001105,0.17541802382153682,0.6578632850405278,0.4186083007903795,0.28,-0.18532744950253277,0.999725,0.4959175,Scale Resources,Scale Resources,Scale Resources,0.28027500000000005
random_0061,387.1607080709216,0.6712314133085926,0.33363775832823817,1.7967330947230715,0.7625321470706523,0.2705349409101757,0.285,-0.2120330595628358,1.0,0.49949999999999994,Scale Resources,Scale Resources,Scale Resources,0.2849999999999999
random_0062,182.096008886027,0.3144399802042629,0.15761164862499966,0.2955667450843833,0.936127463375744,0.43790403719875326,0.235,-0.20171760212625978,1.0,0.46449999999999997,Scale Resources,Scale Resources,Scale Resources,0.235
random_0063,191.65991138870493,0.7296857086773779,0.5529930652528999,1.8722799736769244,0.7803014939093922,0.47936956412454035,0.275,-0.20999193163945207,1.0,0.4925,Scale Resources,Scale Resources,Scale Resources,0.275
random_0064,188.17973674041312,0.986631544924322,0.7177602360036435,1.9023893200076822,0.11847857721704136,0.8505336791907826,0.275,-0.20744827760561746,1.0,0.4925,Scale Resources,Scale Resources,Scale Resources,0.275
random_0065,318.5369419956038,0.12192167833511258,0.5882579999692207,1.3721927302108976,0.012302685888602838,0.45431796184174655,0.29,-0.1791075889830499,0.999525,0.5028575,Migrate VM,Migrate VM,Migrate VM,0.29047500000000004
random_0066,412.69975559816055,0.29535902534408986,0.4585480817985511,0.8846282541357864,0.3019273914424916,0.9184418955155542,0.265,-0.20373630652797403,1.0,0.4855,Scale Resources,Scale Resources,Scale Resources,0.265
random_0067,390.64701771575795,0.1105884109961105,0.9970346578375731,1.7584000486154905,0.28390843786403896,0.8368965796609382,0.305,-0.18548865687406935,0.999725,0.5134175,Migrate VM,Migrate VM,Migrate VM,0.30527499999999996
random_0068,53.209765935691436,0.9991047304742386,0.6656847361065369,1.300250031117594,0.09044072698413275,0.8970333988966253,0.275,-0.20582110289773825,1.0,0.4925,Scale Resources,Scale Resources,Scale Resources,0.275
random_0069,14.499751602234712,0.24082805804114704,0.143021875166635,1.553535881384437,0.19820422721289788,0.9106382271308853,0.27,-0.20048977783627286,1.0,0.489,Scale Resources,Scale Resources,Scale Resources,0.27
random_0070,328.1345196637451,0.036162710494696215,0.0054298341287004614,0.10331583402879785,0.6059251776477277,0.8014818108594153,0.3,0.00036302575866720144,0.9498125,0.49494375,Scale Resources,Scale Resources,Scale Resources,0.3501875000000001
random_0071,119.27641031369424,0.849408842923073,0.057231940153260386,1.6019277072833524,0.9277954301722804,0.7721083991043806,0.3,-0.1837498508279667,0.9997125,0.5099137499999999,Migrate VM,Migrate VM,Migrate VM,0.30028750000000004
random_0072,349.0603919893186,0.8379802186553831,0.04015129954706642,0.40356422143811077,0.12492367930564308,0.5045309901929865,0.275,-0.17553737109195544,0.99925,0.49227499999999996,Scale Resources,Scale Resources,Scale Resources,0.27575000000000005
random_0073,372.59406416442226,0.6300118445763987,0.851131099761935,0.31042598488218176,0.7346210919351616,0.1930414908689041,0.235,-0.20897343730880835,1.0,0.46449999999999997,Scale Resources,Scale Resources,Scale Resources,0.235
random_0074,135.37937565890013,0.7099046972813039,0.9802047848986818,1.2230872119541392,0.054500314991295595,0.6163089699275328,0.25,-0.204913214040654,1.0,0.475,Scale Resources,Scale Resources,Scale Resources,0.25
random_0075,21.175275790083546,0.8841457113668172,0.7095782851006207,0.34625569284500646,0.09172100582419807,0.18353322888031898,0.305,-0.20744827760561746,1.0,0.5135,Migrate VM,Migrate VM,Migrate VM,0.30499999999999994
random_0076,490.01358977709623,0.4585606424584898,0.784080948341408,1.2728166842155537,0.5724131499586373,0.1451302546650497,0.27,-0.21152225959054594,1.0,0.489,Scale Resources,Scale Resources,Scale Resources,0.27
random_0077,473.0122267790475,0.30134263251471793,0.5780172158075422,1.3995518891781322,0.6492331552453089,0.9405944096955184,0.275,-0.20390158744399833,1.0,0.4925,Scale Resources,Scale Resources,Scale Resources,0.275
random_0078,74.219494960029,0.5083527384469421,0.40403439074076597,0.9483374589652362,0.11921752619774462,0.13409460987276534,0.33,-0.20835924298948905,1.0,0.5309999999999999,Migrate VM,Migrate VM,Migrate VM,0.33000000000000007
random_0079,139.03777289062867,0.3047046037608313,0.42790321368135,1.2219750940732566,0.634629117418263,0.41181089658557024,0.25,-0.20592621046933268,1.0,0.475,Scale Resources,Scale Resources,Scale Resources,0.25
random_0080,204.39155471434856,0.21762852669696198,0.5883062484090082,0.6340818226344758,0.0360598342773637,0.4184000441568604,0.235,-0.20020715508280817,1.0,0.46449999999999997,Scale Resources,Scale Resources,Scale Resources,0.235
random_0081,237.06633754508516,0.22559286820421098,0.5724579331221157,1.1315438008638419,0.7020021811103714,0.64794848220121,0.3,-0.20071029681979813,1.0,0.51,Migrate VM,Migrate VM,Migrate VM,0.30000000000000004
random_0082,326.21652826051576,0.3162141518240431,0.7874322219859539,1.0982887671993589,0.4314181951798901,0.6260124809410571,0.29,-0.20071029681979813,1.0,0.503,Migrate VM,Migrate VM,Migrate VM,0.29000000000000004
random_0083,180.32866722512713,0.5127392446067582,0.7367056884822203,1.7728057734474154,0.9210571972951916,0.5036329251830992,0.275,-0.20999193163945207,1.0,0.4925,Scale Resources,Scale Resources,Scale Resources,0.275
random_0084,260.1375573702845,0.7998704107638365,0.31445069174420126,1.6747647246901372,0.4941416465174234,0.11585672433526839,0.27,-0.20897343730880835,1.0,0.489,Scale Resources,Scale Resources,Scale Resources,0.27
random_0085,36.02957353647185,0.8419932110394631,0.0555679169068779,0.5612228722673118,0.3341300405015458,0.1729944451915938,0.3,-0.1877977767761735,0.999725,0.5099175,Migrate VM,Migrate VM,Migrate VM,0.30027500000000007
random_0086,156.94668490099463,0.7426925667250857,0.014682843560070769,1.6543468490413729,0.8565480235745582,0.3722615731915482,0.225,-0.13649881394783892,0.995325,0.45609750000000004,Scale Resources,Scale Resources,Scale Resources,0.22967499999999996
random_0087,76.8064495303174,0.6008404079450809,0.11967255586489434,0.729838722156505,0.9584291809009724,0.9954644725836371,0.3,-0.18792405356689534,0.999725,0.5099175,Migrate VM,Migrate VM,Migrate VM,0.30027500000000007
random_0088,386.0524456772928,0.3109615099207662,0.6876650491660925,1.4108127309680254,0.38784169516364975,0.6408886345861594,0.275,-0.20390158744399833,1.0,0.4925,Scale Resources,Scale Resources,Scale Resources,0.275
random_0089,5.363822487838121,0.20905765860224146,0.5250883029672612,0.32750260851659174,0.16590686787653364,0.8363042905502379,0.295,-0.20725246799221553,1.0,0.5065,Migrate VM,Migrate VM,Migrate VM,0.29499999999999993
random_0090,494.56650134180273,0.5559694280284484,0.8390697308817134,1.980643328652545,0.1415958885687747,0.4482456132543511,0.285,-0.2120330595628358,1.0,0.49949999999999994,Scale Resources,Scale Resources,Scale Resources,0.2849999999999999
random_0091,196.28635792095994,0.08004928364618502,0.7553301727947445,0.867558054645186,0.4693269341904013,0.15067297381324019,0.315,-0.1765089820371487,0.9992625,0.5202787499999999,Migrate VM,Migrate VM,Migrate VM,0.3157375
random_0092,90.46332611543406,0.907103622156215,0.04464908897427888,0.4657045698874125,0.29205933031452835,0.4901975424015864,0.315,-0.17835972920249488,0.9994375,0.5203312499999999,Migrate VM,Migrate VM,Migrate VM,0.31556249999999997
random_0093,293.222586507398,0.4932899758506666,0.08411533455688203,0.4873349081114271,0.8435883847625412,0.6375887004784591,0.255,-0.19425561741204278,0.9999625,0.47848874999999996,Scale Resources,Scale Resources,Scale Resources,0.25503750000000003
random_0094,324.5745250671372,0.6702032553513549,0.7629030190395291,0.11621696344289467,0.3666083849326124,0.5395274352616787,0.23,-0.20999193163945207,1.0,0.46099999999999997,Scale Resources,Scale Resources,Scale Resources,0.22999999999999998
random_0095,169.22824164866302,0.8444788732871865,0.48257250858729395,1.5372551789187583,0.852015516881169,0.5047914829034981,0.27,-0.20846470673492257,1.0,0.489,Scale Resources,Scale Resources,Scale Resources,0.27
random_0096,454.77612193567495,0.5871239405369806,0.8502742988337217,0.6811815911830486,0.4988169585314852,0.5314110410045777,0.25,-0.21152225959054594,1.0,0.475,Scale Resources,Scale Resources,Scale Resources,0.25
random_0097,52.489857948035294,0.39855250670154063,0.9173376725516761,1.2616644807294848,0.17750658243696749,0.33885563560960497,0.285,-0.20683532868835153,1.0,0.49949999999999994,Scale Resources,Scale Resources,Scale Resources,0.2849999999999999
random_0098,95.80150483134992,0.02482313179857254,0.9274604585040267,0.896414656513743,0.30753507242078615,0.5984771915577366,0.41,-0.15003877334826976,0.99895,0.5866849999999999,Migrate VM,Migrate VM,Migrate VM,0.4110499999999999
random_0099,3.6572281465078182,0.27802210660081383,0.7030334656988926,1.267539546138526,0.9818059475425355,0.620357709658044,0.29,-0.20705974490510515,1.0,0.503,Migrate VM,Migrate VM,Migrate VM,0.29000000000000004
random_0100,238.7529368138664,0.7614325631840076,0.9033278719640531,1.4413918934367032,0.9632112235493796,0.7820051707381772,0.265,-0.204913214040654,1.0,0.4855,Scale Resources,Scale Resources,Scale Resources,0.265
random_0101,433.40071913096324,0.11410407118363719,0.7324135029937877,0.8801773990547372,0.5531038024112752,0.6541024094823568,0.305,-0.1888886790195956,0.999725,0.5134175,Migrate VM,Migrate VM,Migrate VM,0.30527499999999996
random_0102,484.9075583527847,0.9845780814316246,0.28822824548790527,1.4675069948758324,0.7499835379352686,0.3464928613130488,0.275,-0.21050169586244527,1.0,0.4925,Scale Resources,Scale Resources,Scale Resources,0.275
random_0103,61.93488743211051,0.04094696028571976,0.7773431275291786,0.9793994836338118,0.9855401694949262,0.46497345619365305,0.39,-0.1675304305713795,0.9991875,0.57275625,Migrate VM,Migrate VM,Migrate VM,0.3908125
random_0104,488.9584895369201,0.4115760021940599,0.7936821505599726,0.16963854462366412,0.5554617101377639,0.8020597869857242,0.235,-0.20779014228878534,1.0,0.46449999999999997,Scale Resources,Scale Resources,Scale Resources,0.235
random_0105,462.35083360994435,0.8225830906174316,0.036970727201174225,0.7454046826134684,0.04869847231385127,0.109282291114558,0.29,-0.17651059002713043,0.9992625,0.5027787499999999,Migrate VM,Migrate VM,Migrate VM,0.29073749999999987
random_0106,337.65281433374207,0.7132581963116982,0.7737206827516263,1.7309130961113257,0.7394314684765099,0.8008715921066321,0.285,-0.2064332229502308,1.0,0.49949999999999994,Scale Resources,Scale Resources,Scale Resources,0.2849999999999999
random_0107,24.481854911639623,0.23453515044129858,0.6218977733752458,1.7162506092496463,0.0045001249396591225,0.5146293421163498,0.32,-0.1933012387401587,0.9999375,0.52398125,Migrate VM,Migrate VM,Migrate VM,0.3200624999999999
random_0108,338.6436996821986,0.029607289128613212,0.4013555575533879,1.7912697627673937,0.6716128088558587,0.2376583633605973,0.39,-0.15207698197092068,0.998975,0.5726924999999999,Migrate VM,Migrate VM,Migrate VM,0.39102500000000007
random_0109,426.39056481595634,0.3480314234095143,0.8533446711440594,0.5978873022378111,0.590320250883149,0.3969400677478341,0.245,-0.20880703433315417,1.0,0.4715,Scale Resources,Scale Resources,Scale Resources,0.245
random_0110,137.4125253775335,0.8865575621718692,0.18759368193949133,0.1696231824715262,0.34192693854566036,0.7176391476415676,0.235,-0.2064332229502308,1.0,0.46449999999999997,Scale Resources,Scale Resources,Scale Resources,0.235
random_0111,403.71580298814087,0.9987433700667648,0.2963620570111649,0.8158839022625644,0.1368212780296263,0.5748719296230336,0.26,-0.21152225959054594,1.0,0.482,Scale Resources,Scale Resources,Scale Resources,0.26
random_0112,498.7900186314586,0.7008810101206585,0.5952128404133717,0.784738185843588,0.9152987602855548,0.49691659613034944,0.265,-0.21152225959054594,1.0,0.4855,Scale Resources,Scale Resources,Scale Resources,0.265
random_0113,67.18345665653075,0.3653784631991335,0.0671666688477669,0.4039580753775631,0.017668780999912204,0.4532799165001634,0.305,-0.1805430805401086,0.9996625,0.51339875,Migrate VM,Migrate VM,Migrate VM,0.30533750000000004
random_0114,317.2701324758986,0.34329246237890776,0.4203817715052771,1.9184185456891518,0.7519631215749155,0.5408566369449512,0.285,-0.20744827760561746,1.0,0.49949999999999994,Scale Resources,Scale Resources,Scale Resources,0.2849999999999999
random_0115,142.27043755591262,0.8969967987729952,0.23509711688065948,0.6506854610333541,0.9090648144229485,0.5295420552850724,0.25,-0.20999193163945207,1.0,0.475,Scale Resources,Scale Resources,Scale Resources,0.25
random_0116,371.15897470898835,0.5907447941637661,0.6534392090094951,0.5987665830296511,0.24137206162666291,0.32249234716866526,0.245,-0.20846470673492257,1.0,0.4715,Scale Resources,Scale Resources,Scale Resources,0.245
random_0117,77.72078204171123,0.8743143652908074,0.2832469332501141,1.1229787888287692,0.7919744251413741,0.7838241093757136,0.335,-0.20582110289773825,1.0,0.5345,Migrate VM,Migrate VM,Migrate VM,0.33499999999999996
random_0118,219.19312929209644,0.47625730858672566,0.9947017489350248,1.3491949539580481,0.8146384431178827,0.9025539692192319,0.265,-0.2064332229502308,1.0,0.4855,Scale Resources,Scale Resources,Scale Resources,0.265
random_0119,393.7949181146696,0.18517934495356758,0.5621707337375722,0.20378831462908975,0.6529221265639984,0.955349428187811,0.22,-0.1963562124681102,0.9999875,0.45399625,Scale Resources,Scale Resources,Scale Resources,0.22001249999999994
random_0120,256.3660321500557,0.4329724928677672,0.03584275141816318,1.9195490446584407,0.10300268413015878,0.041079093304846936,0.315,-0.17034975479627745,0.9991875,0.52025625,Migrate VM,Migrate VM,Migrate VM,0.31581250000000005
random_0121,123.03330575246923,0.06553043391838242,0.45511784241176234,1.0321756025142248,0.3125699490285839,0.05096048257488606,0.33,-0.16869096957443452,0.9991875,0.53075625,Migrate VM,Migrate VM,Migrate VM,0.33081249999999995
random_0122,55.80018412461335,0.3845043779899281,0.06052845082653613,1.3963794512198269,0.20702054152481197,0.3020715687836385,0.27,-0.18720087389921902,0.999725,0.4889175,Scale Resources,Scale Resources,Scale Resources,0.27027500000000004
random_0123,197.06288858904875,0.4166096330691479,0.0016607076748005323,0.2241407419973951,0.8627645637408781,0.001233062511908134,0.3,-0.11901494942481838,0.9940125,0.50820375,Migrate VM,Migrate VM,Migrate VM,0.3059875000000001
random_0124,254.08367790643754,0.4895020065072081,0.3330941610106378,0.8626540402928993,0.7805811375265843,0.8412037062149564,0.26,-0.20592621046933268,1.0,0.482,Scale Resources,Scale Resources,Scale Resources,0.26
random_0125,130.17427170762502,0.32249044096772983,0.24248285302833272,0.9597268011021303,0.6832583576588129,0.22825287546342055,0.26,-0.20779014228878534,1.0,0.482,Scale Resources,Scale Resources,Scale Resources,0.26
random_0126,165.36787102743332,0.9303846175891505,0.048569289846958075,0.9215392104791325,0.7115580415967778,0.15045401155747407,0.295,-0.18336012176207683,0.9997125,0.50641375,Migrate VM,Migrate VM,Migrate VM,0.2952874999999999
random_0127,23.687010002740926,0.13820537163853075,0.9188231935306829,0.018519563642246828,0.18832197481135182,0.03128351290164455,0.305,-0.19369719651152872,0.9999625,0.5134887499999999,Migrate VM,Migrate VM,Migrate VM,0.3050375000000001
random_0128,55.31473378110163,0.6201492866282963,0.24163890873908578,1.1384241008613536,0.5901953827661262,0.849435333089779,0.32,-0.20582110289773825,1.0,0.524,Migrate VM,Migrate VM,Migrate VM,0.32000000000000006
random_0129,2.3706964559369603,0.8533694593423667,0.619119086426974,0.3254869722099152,0.772937388135284,0.8554915417905857,0.31,-0.21251425264618706,1.0,0.517,Migrate VM,Migrate VM,Migrate VM,0.31000000000000005
random_0130,127.13174187707865,0.9187936809026809,0.4544574302986578,1.206848908666643,0.9846495336176436,0.36153607863919934,0.245,-0.21050169586244527,1.0,0.4715,Scale Resources,Scale Resources,Scale Resources,0.245
random_0131,406.57967291005644,0.31839911782845964,0.799213522241491,1.201467837725285,0.21635569522540143,0.4140260937892364,0.265,-0.20744827760561746,1.0,0.4855,Scale Resources,Scale Resources,Scale Resources,0.265
random_0132,158.81781718178084,0.07810839308036388,0.029834770099697483,0.6929573108143618,0.01903414781748658,0.16548775758177503,0.32,-0.10971076324523177,0.9933875,0.52201625,Migrate VM,Migrate VM,Migrate VM,0.3266125
random_0133,362.5916604254344,0.7080912356835879,0.7385803864573827,0.6343063422599575,0.8900194571176955,0.5938305480284476,0.245,-0.20846470673492257,1.0,0.4715,Scale Resources,Scale Resources,Scale Resources,0.245
random_0134,63.013170873313264,0.14371866145553414,0.6930954269297015,0.3458878728841561,0.5072927015820433,0.9917744759287107,0.31,-0.18664779511805518,0.999725,0.5169175,Migrate VM,Migrate VM,Migrate VM,0.3102750000000001
random_0135,2.003802366669749,0.016579801897556923,0.9930845819305065,1.169277668268331,0.12690997551851313,0.8973021997540936,0.34,-0.14456682294506717,0.9989,0.53767,Migrate VM,Migrate VM,Migrate VM,0.34109999999999996
random_0136,440.1901500638461,0.5362004131113752,0.6217920298607565,0.5463743830017527,0.05051969637200515,0.5945676088908644,0.25,-0.20795632024476685,1.0,0.475,Scale Resources,Scale Resources,Scale Resources,0.25
random_0137,147.3775966013815,0.6636210466603519,0.8362451768426012,0.036321087828728116,0.5957137746857274,0.23128053968685225,0.235,-0.21152225959054594,1.0,0.46449999999999997,Scale Resources,Scale Resources,Scale Resources,0.235
random_0138,436.9442489519007,0.2536645065618285,0.6107701332354183,1.107081680179223,0.3961665000592489,0.6776207635997941,0.295,-0.20373630652797403,1.0,0.5065,Migrate VM,Migrate VM,Migrate VM,0.29499999999999993
random_0139,362.88481735771694,0.5669377953193868,0.7584222371847541,1.9668341519858752,0.4192723879008051,0.5145830518855309,0.285,-0.20897343730880835,1.0,0.49949999999999994,Scale Resources,Scale Resources,Scale Resources,0.2849999999999999
random_0140,6.234938970606619,0.7960285563103784,0.5202300670459938,0.8159228607211304,0.0940719630893958,0.8896564216753973,0.315,-0.21113161818102222,1.0,0.5205,Migrate VM,Migrate VM,Migrate VM,0.31499999999999995
random_0141,197.50362002027822,0.6825815982092204,0.14937415636815077,1.923099259082065,0.1784417618218309,0.19954199289949037,0.28,-0.204913214040654,1.0,0.496,Scale Resources,Scale Resources,Scale Resources,0.28
random_0142,429.4914302788569,0.9125827441419312,0.2121474075233014,0.9396017763496558,0.7334949045628298,0.8783657338108016,0.27,-0.20795632024476685,1.0,0.489,Scale Resources,Scale Resources,Scale Resources,0.27
random_0143,189.5263475186526,0.5170194868494292,0.7417164105197349,1.4622719533055908,0.7829601300260849,0.5699338186415264,0.265,-0.20846470673492257,1.0,0.4855,Scale Resources,Scale Resources,Scale Resources,0.265
random_0144,52.3075484023876,0.90397329087804,0.8655725393210282,1.596194871636666,0.09986247716072949,0.2043973670814292,0.275,-0.20734295647432532,1.0,0.4925,Scale Resources,Scale Resources,Scale Resources,0.275
random_0145,371.80018255382595,0.023140094581946435,0.9792246337072796,0.7542893607113614,0.7193125336908236,0.8875710884880433,0.435,-0.14536174410902913,0.9989,0.60417,Migrate VM,Migrate VM,Migrate VM,0.43609999999999993
random_0146,197.31494407504113,0.31913248859966603,0.6087411288982467,1.1619787474961014,0.40913997762479715,0.6017747558677085,0.29,-0.20373630652797403,1.0,0.503,Migrate VM,Migrate VM,Migrate VM,0.29000000000000004
random_0147,467.6906847832474,0.4676402566265965,0.19674218075063132,0.7544119657660078,0.3941069825931186,0.13110869302621986,0.25,-0.20931599659957933,1.0,0.475,Scale Resources,Scale Resources,Scale Resources,0.25
random_0148,81.43575027727745,0.6845620733936773,0.3394777542089027,1.9097967837116152,0.24359674535860742,0.09892450510482231,0.29,-0.2088679021839035,1.0,0.503,Migrate VM,Migrate VM,Migrate VM,0.29000000000000004
random_0149,376.75228150012896,0.88103605191787,0.27811335687148786,0.40417620329095594,0.18576613487108717,0.5220123013665123,0.235,-0.20897343730880835,1.0,0.46449999999999997,Scale Resources,Scale Resources,Scale Resources,0.235
random_0150,234.20832062338548,0.2594398398545342,0.04517311698942639,0.9629826806525614,0.9593323476356084,0.6525192007526632,0.285,-0.16764155415320714,0.9991875,0.49925624999999996,Scale Resources,Scale Resources,Scale Resources,0.2858125
random_0151,247.7532783143092,0.11069207402961612,0.25243629054958727,0.5895478991490855,0.7648035526072343,0.8767107972646193,0.28,-0.1809047912889058,0.9996625,0.49589875,Scale Resources,Scale Resources,Scale Resources,0.2803375
random_0152,450.82092678321925,0.9845686082507541,0.9823666831045325,1.9059982655359629,0.07182214050288438,0.1377935359278052,0.285,-0.20948251219930525,1.0,0.49949999999999994,Scale Resources,Scale Resources,Scale Resources,0.2849999999999999
random_0153,152.23326323801643,0.5528982540644615,0.0969778887054793,1.691593915604285,0.6167561790773091,0.542364402302205,0.295,-0.19976448471346409,1.0,0.5065,Migrate VM,Migrate VM,Migrate VM,0.29499999999999993
random_0154,82.65566168364558,0.25325547440019736,0.16031202498225805,1.7038663155895972,0.5842278600612182,0.7351294275196334,0.285,-0.19926198268356898,1.0,0.49949999999999994,Scale Resources,Scale Resources,Scale Resources,0.2849999999999999
random_0155,148.01643145501288,0.37125263708827716,0.4048549644265338,1.5200299434880697,0.7723529876745681,0.2068135275140317,0.265,-0.20744827760561746,1.0,0.4855,Scale Resources,Scale Resources,Scale Resources,0.265
random_0156,470.7694283690495,0.1206553374436864,0.8961220824236303,0.2007912912996186,0.2645398111513111,0.846478536067957,0.275,-0.1903761289536129,0.9998625,0.49245875,Scale Resources,Scale Resources,Scale Resources,0.27513750000000003
random_0157,89.74603617304372,0.4135679313099698,0.4498592999441262,0.4905179460464193,0.7102452013359866,0.8513346494022038,0.315,-0.20312638870075828,1.0,0.5205,Migrate VM,Migrate VM,Migrate VM,0.31499999999999995
random_0158,437.2875699277859,0.33932214573656094,0.5308503942878144,0.496812807731303,0.24479650155014543,0.16125406285192412,0.245,-0.20931599659957933,1.0,0.4715,Scale Resources,Scale Resources,Scale Resources,0.245
random_0159,470.0095054037574,0.8879888286055799,0.7773587133276922,1.035323042575458,0.4906079155118719,0.529745666182498,0.27,-0.21152225959054594,1.0,0.489,Scale Resources,Scale Resources,Scale Resources,0.27
random_0160,268.2840067885446,0.43456308469769034,0.13175483289206746,0.25132770573707197,0.9522497158456833,0.48203075958635055,0.23,-0.20272627141333488,1.0,0.46099999999999997,Scale Resources,Scale Resources,Scale Resources,0.22999999999999998
random_0161,476.60276245259445,0.16357687771010998,0.5544165520399336,0.41543450670307847,0.25318460612660154,0.030054578761178785,0.245,-0.19485663671649267,0.999975,0.4714925,Scale Resources,Scale Resources,Scale Resources,0.24502500000000005
random_0162,59.47665537010566,0.9168484076291957,0.3215329914823317,1.2162584238291831,0.465014131989273,0.4004512452452783,0.285,-0.20835924298948905,1.0,0.49949999999999994,Scale Resources,Scale Resources,Scale Resources,0.2849999999999999
random_0163,265.9430456730341,0.18723894461534152,0.9886038985195765,1.636615737407726,0.7416146327315153,0.46875929701395247,0.265,-0.19601955279995076,0.9999875,0.48549625,Scale Resources,Scale Resources,Scale Resources,0.2650125
random_0164,76.43856106316798,0.9206658582735678,0.34138706738172764,0.10021337939386754,0.34240367681062867,0.7944570304958843,0.315,-0.20734295647432532,1.0,0.5205,Migrate VM,Migrate VM,Migrate VM,0.31499999999999995
random_0165,311.3543724941041,0.7508385847448596,0.7936353838623774,0.4239092221610852,0.9237833160931802,0.4379896029203726,0.245,-0.20897343730880835,1.0,0.4715,Scale Resources,Scale Resources,Scale Resources,0.245
random_0166,319.50682463208227,0.002308772586742003,0.993368498411178,0.5617927719283102,0.06206310654015523,0.45826204153651395,0.445,-0.13717007315094343,0.9957375,0.6102212499999999,Migrate VM,Migrate VM,Migrate VM,0.4492624999999999
random_0167,64.51502859102088,0.1523267101575757,0.6322828130302102,0.7858547831404665,0.9218524501549951,0.31915649460807005,0.31,-0.19409247050113543,0.9999625,0.51698875,Migrate VM,Migrate VM,Migrate VM,0.31003749999999997
random_0168,363.09006419195055,0.4610994301549076,0.6599513011292788,1.1993907134319808,0.4727839727589982,0.9500610946244371,0.26,-0.20592621046933268,1.0,0.482,Scale Resources,Scale Resources,Scale Resources,0.26
random_0169,171.35682137747793,0.17723550124927256,0.6780940608798283,1.6920151226158175,0.04025373993992376,0.44963268842268056,0.27,-0.19352308650622496,0.9999375,0.48898125,Scale Resources,Scale Resources,Scale Resources,0.2700625
random_0170,446.2438448436631,0.7496186189228675,0.9918077164976282,1.0628276231944875,0.6599957188011513,0.30248028113792813,0.275,-0.21152225959054594,1.0,0.4925,Scale Resources,Scale Resources,Scale Resources,0.275
random_0171,473.76779983299616,0.3663354885565363,0.7385107126866286,0.8062804082381638,0.5618189300629993,0.7197825350215462,0.265,-0.20626738195335337,1.0,0.4855,Scale Resources,Scale Resources,Scale Resources,0.265
random_0172,254.46707587567712,0.9070863269095085,0.41930098792781023,1.2941435962866503,0.3423624333000541,0.40815666823101304,0.265,-0.20846470673492257,1.0,0.4855,Scale Resources,Scale Resources,Scale Resources,0.265
random_0173,220.0250541167762,0.12580701831228525,0.09172367905900669,1.3349798462935158,0.6555177383430523,0.6629097142100953,0.285,-0.17618135733193618,0.99925,0.4992749999999999,Scale Resources,Scale Resources,Scale Resources,0.28574999999999995
random_0174,9.883222671345838,0.3265468426717799,0.19780984725919692,1.5563028450880247,0.8606304013961301,0.24668037722614733,0.275,-0.2101115827006993,1.0,0.4925,Scale Resources,Scale Resources,Scale Resources,0.275
random_0175,333.9245794239932,0.12936280345827444,0.2751525256017133,0.27730899246683904,0.2835207665992292,0.6747365473492779,0.27,-0.1888886790195956,0.999725,0.4889175,Scale Resources,Scale Resources,Scale Resources,0.27027500000000004
random_0176,455.16345509262624,0.20252240792418597,0.5420790349507192,1.4027822024868646,0.9529224684855657,0.6100604828871738,0.27,-0.20390158744399833,1.0,0.489,Scale Resources,Scale Resources,Scale Resources,0.27
random_0177,127.55346551369034,0.6254781569139363,0.32049116167801617,1.9522567813834155,0.39967613516363687,0.6854277207610142,0.28,-0.20846470673492257,1.0,0.496,Scale Resources,Scale Resources,Scale Resources,0.28
random_0178,11.61379117337924,0.40006144613475536,0.8751076133225116,1.2204548888664917,0.44394288639597634,0.9359374994357259,0.29,-0.20705974490510515,1.0,0.503,Migrate VM,Migrate VM,Migrate VM,0.29000000000000004
random_0179,426.99218807361456,0.32221567382293825,0.5445484020413396,0.9796485121849254,0.6322025001148623,0.3341112669587556,0.255,-0.20880703433315417,1.0,0.4785,Scale Resources,Scale Resources,Scale Resources,0.255
random_0180,122.10250038294413,0.9126718352555361,0.9238744994985063,1.686645771523958,0.9782044307645613,0.7449915257796885,0.28,-0.20582110289773825,1.0,0.496,Scale Resources,Scale Resources,Scale Resources,0.28
random_0181,382.3336142809998,0.7625900919626407,0.4806076309423065,0.9129043890285433,0.24022627614900316,0.6448191943592905,0.265,-0.20897343730880835,1.0,0.4855,Scale Resources,Scale Resources,Scale Resources,0.265
random_0182,144.66006805116726,0.2578084097023544,0.5859613740960548,0.8199647764500864,0.2188566087946322,0.8160560167528311,0.255,-0.20222176615684484,1.0,0.4785,Scale Resources,Scale Resources,Scale Resources,0.255
random_0183,430.284959647188,0.16769951967778096,0.007507032799999869,0.6722599370587474,0.7975108356807525,0.8391738662343244,0.28,-0.10397852148273545,0.992975,0.4938925,Scale Resources,Scale Resources,Scale Resources,0.287025
random_0184,69.16453505802461,0.7743359011830512,0.11570416730942945,0.7801251803130584,0.9986095150119159,0.1925908232309098,0.305,-0.2026819800139379,1.0,0.5135,Migrate VM,Migrate VM,Migrate VM,0.30499999999999994
random_0185,76.98179128881321,0.4228003325467935,0.6196685259698614,1.8658015648265065,0.9808211455330342,0.06964063659139463,0.29,-0.20734295647432532,1.0,0.503,Migrate VM,Migrate VM,Migrate VM,0.29000000000000004
random_0186,68.99875867395266,0.7907379738959939,0.27063215227086046,1.7696981190127212,0.6634532572290868,0.11184480238067718,0.285,-0.2088679021839035,1.0,0.49949999999999994,Scale Resources,Scale Resources,Scale Resources,0.2849999999999999
random_0187,416.26464246200356,0.17635638000807585,0.4234953946796538,1.10436985711866,0.5007661490802783,0.6861629156151504,0.285,-0.19485663671649267,0.999975,0.4994925,Scale Resources,Scale Resources,Scale Resources,0.2850250000000001
random_0188,326.3433674346276,0.9920420055280549,0.9994219092241878,1.0329188052712819,0.09519908696086399,0.7278432989687184,0.265,-0.20592621046933268,1.0,0.4855,Scale Resources,Scale Resources,Scale Resources,0.265
random_0189,488.33203910829457,0.3183263876290203,0.4612088858375738,0.8495538496309119,0.05141915455692936,0.6722644312234448,0.265,-0.20020715508280817,1.0,0.4855,Scale Resources,Scale Resources,Scale Resources,0.265
random_0190,176.6688475342339,0.7874638746315022,0.8321200752819861,1.6424615731956909,0.41666599803988014,0.3215456822408995,0.27,-0.20999193163945207,1.0,0.489,Scale Resources,Scale Resources,Scale Resources,0.27
random_0191,374.4103898335274,0.801389433842723,0.49125744639136615,1.786062039072606,0.14390869607855827,0.8790687796589601,0.285,-0.2064332229502308,1.0,0.49949999999999994,Scale Resources,Scale Resources,Scale Resources,0.2849999999999999
random_0192,48.04761648594064,0.1535255220546139,0.5338400132739604,0.13503696037483004,0.05280710140011036,0.0005187441657055203,0.305,-0.19209983036398548,0.9999,0.51347,Migrate VM,Migrate VM,Migrate VM,0.3050999999999999
random_0193,218.15832984713157,0.7746238812922298,0.034838350279915664,1.3045152129317108,0.8231273174161865,0.16800084857787112,0.305,-0.1708326885893916,0.9991875,0.51325625,Migrate VM,Migrate VM,Migrate VM,0.30581250000000004
random_0194,73.43186741070213,0.8608009736205361,0.8231246099500947,1.0778835325283738,0.8191998792939803,0.09275607742449477,0.335,-0.20835924298948905,1.0,0.5345,Migrate VM,Migrate VM,Migrate VM,0.33499999999999996
random_0195,197.2407589693772,0.7377975561063729,0.25745195932396336,1.5046578288671055,0.5041786043908139,0.7502659879482331,0.26,-0.2054195409101196,1.0,0.482,Scale Resources,Scale Resources,Scale Resources,0.26
random_0196,232.33981892866478,0.3679043402218176,0.21918921647863232,0.41675868287003004,0.751490810571396,0.1189103480339605,0.25,-0.20525392417297494,1.0,0.475,Scale Resources,Scale Resources,Scale Resources,0.25
random_0197,42.99117505547257,0.17629136502213016,0.17534651145392188,1.6462152456137995,0.3985066234742124,0.9903884573604824,0.265,-0.1877977767761735,0.999725,0.4854175,Scale Resources,Scale Resources,Scale Resources,0.26527500000000004
random_0198,68.6056288953062,0.6535398256936433,0.4487295072012506,0.7858363533941479,0.8750841990540823,0.9755956458283996,0.32,-0.20582110289773825,1.0,0.524,Migrate VM,Migrate VM,Migrate VM,0.32000000000000006
random_0199,436.4294793870894,0.19230067903513304,0.22079792120893404,1.3121477581901266,0.2890835816381917,0.7347251307805799,0.275,-0.19852447876951285,1.0,0.4925,Scale Resources,Scale Resources,Scale Resources,0.275
random_0200,283.2103254048223,0.5509087684904029,0.8285469248387858,1.4210655434853556,0.026577764997291697,0.049459137146015686,0.27,-0.2023867119326933,1.0,0.489,Scale Resources,Scale Resources,Scale Resources,0.27
random_0201,300.7792262280079,0.4861920756222755,0.2601846553429914,0.8373121746296033,0.7579103187328605,0.82661148465793,0.265,-0.2047477093196286,1.0,0.4855,Scale Resources,Scale Resources,Scale Resources,0.265
random_0202,280.6115339450221,0.385369480857103,0.270696761495107,1.043836941538507,0.314749618564381,0.5640951370472229,0.27,-0.2057604816402544,1.0,0.489,Scale Resources,Scale Resources,Scale Resources,0.27
random_0203,338.3261912548188,0.06607921091939484,0.0010674650227472382,0.4245542776814859,0.894511497718781,0.6462907632285592,0.35,-0.05264817178329151,0.972725,0.5368175,Migrate VM,Migrate VM,Migrate VM,0.377275
random_0204,85.98017596851143,0.8902639618236188,0.46995594028734,0.9521835133573213,0.9355419438426551,0.05948669218334002,0.33,-0.20835924298948905,1.0,0.5309999999999999,Migrate VM,Migrate VM,Migrate VM,0.33000000000000007
random_0205,107.58913731435926,0.5857713251547224,0.1954865095820041,1.3590540184179156,0.2140922893367202,0.09915697059881434,0.285,-0.20683532868835153,1.0,0.49949999999999994,Scale Resources,Scale Resources,Scale Resources,0.2849999999999999
random_0206,103.49257982041988,0.42273403427206224,0.17613829917307988,0.2693840498466946,0.8602818862189409,0.32039720359730783,0.295,-0.20312638870075828,1.0,0.5065,Migrate VM,Migrate VM,Migrate VM,0.29499999999999993
random_0207,180.3793432591268,0.055270409501227635,0.35736962350205415,0.5296143546431593,0.6104850673417885,0.20539029767240669,0.355,-0.16965491787549147,0.9991875,0.54825625,Migrate VM,Migrate VM,Migrate VM,0.3558125
random_0208,444.18272653142026,0.9296666209195551,0.0998310571767902,0.21480591257715442,0.11532643811098797,0.619569256310312,0.245,-0.19926198268356898,1.0,0.4715,Scale Resources,Scale Resources,Scale Resources,0.245
random_0209,60.98448210481144,0.8523823179302663,0.7542715149378925,1.6396177164760481,0.5260605268860209,0.9966772115191534,0.28,-0.19976448471346409,1.0,0.496,Scale Resources,Scale Resources,Scale Resources,0.28
random_0210,22.087551472080634,0.40126496418611335,0.3239366689376362,1.897290997425282,0.5768609584975929,0.8061909654447252,0.285,-0.20253471071239082,1.0,0.49949999999999994,Scale Resources,Scale Resources,Scale Resources,0.2849999999999999
random_0211,85.17059682925942,0.9786341439004389,0.4986395468763152,0.9873441525412916,0.9708847285457378,0.38073236121714504,0.335,-0.20835924298948905,1.0,0.5345,Migrate VM,Migrate VM,Migrate VM,0.33499999999999996
random_0212,198.76251227749648,0.5847527028049366,0.12805261054778694,0.6421712528237098,0.19320832244513053,0.1032834791070496,0.25,-0.20440722962915492,1.0,0.475,Scale Resources,Scale Resources,Scale Resources,0.25
random_0213,433.07230316551005,0.589331166127476,0.3586727915279112,0.8173387547334257,0.43151900368735463,0.6331491821447094,0.265,-0.20897343730880835,1.0,0.4855,Scale Resources,Scale Resources,Scale Resources,0.265
random_0214,463.38469574449664,0.9327796196569825,0.3914919795306634,0.6585249191955391,0.45104650018525505,0.5679342304284926,0.25,-0.21152225959054594,1.0,0.475,Scale Resources,Scale Resources,Scale Resources,0.25
random_0215,230.90895572487412,0.6587534098167009,0.5543990233797637,0.6414310933881522,0.3457308057626326,0.3785927875597309,0.245,-0.20846470673492257,1.0,0.4715,Scale Resources,Scale Resources,Scale Resources,0.245
random_0216,47.31988412469435,0.16606263241397312,0.7231138021453861,0.7781934230441601,0.21453897256014365,0.5626724105748573,0.3,-0.1950908146845458,0.999975,0.5099925,Migrate VM,Migrate VM,Migrate VM,0.300025
random_0217,377.7697712367136,0.2574223623453714,0.8267898819237445,1.8550097192500992,0.5973945290738407,0.6689476589915796,0.285,-0.2023867119326933,1.0,0.49949999999999994,Scale Resources,Scale Resources,Scale Resources,0.2849999999999999
random_0218,26.28799516152769,0.9455198910219065,0.3924847342649438,1.8478008010908598,0.5789775247502426,0.0046187988433276095,0.285,-0.20658202497341338,1.0,0.49949999999999994,Scale Resources,Scale Resources,Scale Resources,0.2849999999999999
random_0219,19.27099966171786,0.680418805669922,0.5626680138319331,0.05306487441214869,0.7434599612223853,0.8521453370691817,0.305,-0.20592621046933268,1.0,0.5135,Migrate VM,Migrate VM,Migrate VM,0.30499999999999994
random_0220,248.20874121965414,0.46575744035725497,0.0054731088346274825,1.5732994249871985,0.33071606674610543,0.8787636197825396,0.3,-0.11750701404484432,0.9939625,0.50818875,Migrate VM,Migrate VM,Migrate VM,0.30603749999999996
random_0221,186.53029377902652,0.5650779106307056,0.2703417881993275,0.32117662516983736,0.774907903381328,0.4965904788462816,0.235,-0.20999193163945207,1.0,0.46449999999999997,Scale Resources,Scale Resources,Scale Resources,0.235
random_0222,268.24396187612535,0.9654159534817355,0.9635799122221537,1.711284243404807,0.18760929276503358,0.5942726943015799,0.275,-0.20897343730880835,1.0,0.4925,Scale Resources,Scale Resources,Scale Resources,0.275
random_0223,439.0737123277687,0.3744639364489377,0.10110616593558497,1.6219258044798437,0.48176355136217164,0.5643926803591786,0.29,-0.19926198268356898,1.0,0.503,Migrate VM,Migrate VM,Migrate VM,0.29000000000000004
random_0224,491.0721481589222,0.6072114304940721,0.4249793856661014,0.7399687356943956,0.4176192926540456,0.11839908317866876,0.25,-0.21152225959054594,1.0,0.475,Scale Resources,Scale Resources,Scale Resources,0.25
random_0225,397.3752792087859,0.8377168581870411,0.28439713457340887,0.6075932368198882,0.8743342563348132,0.023970355527955456,0.245,-0.21152225959054594,1.0,0.4715,Scale Resources,Scale Resources,Scale Resources,0.245
random_0226,260.22872188361384,0.46367571468150104,0.6901267695784598,0.32678340029890895,0.6683307407951538,0.37673400787487643,0.235,-0.20779014228878534,1.0,0.46449999999999997,Scale Resources,Scale Resources,Scale Resources,0.235
random_0227,309.357389084821,0.04009500987277592,0.4617271971845094,1.0445017879647442,0.2143264028549866,0.1396236541791207,0.34,-0.16740469725249607,0.9991875,0.5377562499999999,Migrate VM,Migrate VM,Migrate VM,0.34081249999999996
random_0228,94.2371515061507,0.34414107806334804,0.09681014930497145,1.894639591459209,0.4049940614958173,0.808969602506749,0.28,-0.19365344124602224,0.9999625,0.49598875,Scale Resources,Scale Resources,Scale Resources,0.28003750000000005
random_0229,487.20856155442334,0.08073528000273911,0.651669467934994,1.742818173482428,0.6342344339667283,0.4290261213574127,0.33,-0.18057516549977137,0.9996625,0.53089875,Migrate VM,Migrate VM,Migrate VM,0.33033749999999995
random_0230,215.53817881896913,0.03589888600735891,0.5346007512892753,1.9870859935736949,0.9587075259719341,0.04039922884216318,0.325,-0.16280490538184933,0.9991875,0.52725625,Migrate VM,Migrate VM,Migrate VM,0.32581250000000006
random_0231,352.89850181474407,0.3017648666969308,0.9029891534061367,0.09022949141855707,0.9358741020110806,0.8374757437877769,0.23,-0.20222176615684484,1.0,0.46099999999999997,Scale Resources,Scale Resources,Scale Resources,0.22999999999999998
random_0232,58.75219112630076,0.05982433731729919,0.8347076643269359,0.31151534194915875,0.5348981529758705,0.9157448578787095,0.35,-0.1703637160698992,0.9991875,0.5447562499999999,Migrate VM,Migrate VM,Migrate VM,0.35081249999999997
random_0233,283.7240567746617,0.3972333014728241,0.4450160548539922,0.12623434140774203,0.9687523213615988,0.3106541850810828,0.23,-0.20728221204533992,1.0,0.46099999999999997,Scale Resources,Scale Resources,Scale Resources,0.22999999999999998
random_0234,94.68174583642691,0.2860473018403953,0.9643731948914789,0.188572106976014,0.8673030405011813,0.7078438944014478,0.315,-0.20161308506023767,1.0,0.5205,Migrate VM,Migrate VM,Migrate VM,0.31499999999999995
random_0235,415.00958957951406,0.9758975403678963,0.8421546555168719,1.8867647025557057,0.12693525679091977,0.79578856516697,0.285,-0.20948251219930525,1.0,0.49949999999999994,Scale Resources,Scale Resources,Scale Resources,0.2849999999999999
random_0236,272.8378470405239,0.5434955950798607,0.8989215763205136,1.9436076372934226,0.704838323043181,0.4829383894717839,0.275,-0.20897343730880835,1.0,0.4925,Scale Resources,Scale Resources,Scale Resources,0.275
random_0237,228.20192895092268,0.3863414572231818,0.36159902957266266,0.7830136833688628,0.08975323525119527,0.07743608526043821,0.26,-0.2057604816402544,1.0,0.482,Scale Resources,Scale Resources,Scale Resources,0.26
random_0238,389.9349219361559,0.4460728929202261,0.9306844885446205,1.224442017187905,0.03517598218441975,0.15752334131747947,0.265,-0.2064332229502308,1.0,0.4855,Scale Resources,Scale Resources,Scale Resources,0.265
random_0239,102.90989650650378,0.9757360243896606,0.21870422615163487,1.0315113525761026,0.9361769316401961,0.9771927299143573,0.335,-0.20430233518422292,1.0,0.5345,Migrate VM,Migrate VM,Migrate VM,0.33499999999999996
random_0240,118.18021769177228,0.04911764375004013,0.1536018325377585,0.12665695740511618,0.1951242410923364,0.5685697147037354,0.365,-0.1682670661635537,0.9991875,0.55525625,Migrate VM,Migrate VM,Migrate VM,0.3658125
random_0241,456.2243981478209,0.53721888369434,0.6259895566990807,0.4037345032190822,0.8005836206738501,0.6177889085055832,0.24,-0.20948251219930525,1.0,0.46799999999999997,Scale Resources,Scale Resources,Scale Resources,0.24
random_0242,432.0684145963624,0.9488431070057841,0.3479007757565923,0.1811581170708787,0.22592895791678247,0.4378415656758372,0.235,-0.21305569689303694,1.0,0.46449999999999997,Scale Resources,Scale Resources,Scale Resources,0.235
random_0243,472.8468259122366,0.37830982237341526,0.77077321366537,1.08095338434151,0.18280877043097654,0.3207341189534516,0.275,-0.20880703433315417,1.0,0.4925,Scale Resources,Scale Resources,Scale Resources,0.275
random_0244,326.5959425114093,0.6728533946848935,0.43475974680904617,0.4572912053242293,0.7219067795126763,0.16887304161271477,0.245,-0.20897343730880835,1.0,0.4715,Scale Resources,Scale Resources,Scale Resources,0.245
random_0245,468.3348459325633,0.1879035790364767,0.10731236283252044,0.9952954047307576,0.519549598109694,0.5081929147782448,0.26,-0.19375519482330905,0.9999625,0.48198874999999997,Scale Resources,Scale Resources,Scale Resources,0.26003750000000003
random_0246,218.33374466941973,0.9948148928296083,0.48628061267058187,0.955893161479662,0.4217660627145613,0.0668257547014629,0.265,-0.20897343730880835,1.0,0.4855,Scale Resources,Scale Resources,Scale Resources,0.265
random_0247,296.47831557480805,0.22796777222318243,0.6376089802290499,0.10166692389695431,0.9813871012530017,0.4690050790126722,0.225,-0.2047477093196286,1.0,0.4575,Scale Resources,Scale Resources,Scale Resources,0.22499999999999998
random_0248,448.3776857953492,0.4755611732329348,0.060330818574221734,1.6444270921876138,0.6481837296671343,0.7817570475739452,0.3,-0.1863155549678399,0.999725,0.5099175,Migrate VM,Migrate VM,Migrate VM,0.30027500000000007
random_0249,214.08493175443667,0.6379367442466449,0.8562290037966075,1.262130885743775,0.3476736348359033,0.6625295943661998,0.255,-0.2064332229502308,1.0,0.4785,Scale Resources,Scale Resources,Scale Resources,0.255
random_0250,335.92709430703366,0.960586962506625,0.3709123215416692,0.8501635350282624,0.8121229611870592,0.5057623147427412,0.265,-0.20846470673492257,1.0,0.4855,Scale Resources,Scale Resources,Scale Resources,0.265
random_0251,368.28654655786653,0.45970946445359206,0.21549514181270046,1.4904076855620216,0.13115516918470993,0.19858366353130807,0.28,-0.2064332229502308,1.0,0.496,Scale Resources,Scale Resources,Scale Resources,0.28
random_0252,313.4124913921043,0.7472698001920698,0.894687886867815,0.5451729948317834,0.11072425860055435,0.9560466595226291,0.245,-0.20592621046933268,1.0,0.4715,Scale Resources,Scale Resources,Scale Resources,0.245
random_0253,77.21154401107123,0.19766698225463952,0.29132945355846573,1.058782708052575,0.882825566034078,0.7605460227298669,0.325,-0.20060592108776287,1.0,0.5275,Migrate VM,Migrate VM,Migrate VM,0.32499999999999996
random_0254,354.07877692131757,0.17518056785600367,0.35768263152597424,0.9568098521733559,0.14742595348558585,0.2734297021266725,0.25,-0.19435745414631167,0.999975,0.4749925,Scale Resources,Scale Resources,Scale Resources,0.25002500000000005
random_0255,154.16660197642213,0.12727619832903925,0.5502396919082576,1.4100563930483858,0.06993163147686121,0.48112310176314976,0.27,-0.18707166068288772,0.999725,0.4889175,Scale Resources,Scale Resources,Scale Resources,0.27027500000000004
random_0256,391.1055976338975,0.7479901289524469,0.8150730962187541,0.8964812663412141,0.8205570826398607,0.24075307121426948,0.265,-0.21152225959054594,1.0,0.4855,Scale Resources,Scale Resources,Scale Resources,0.265
random_0257,180.40528070875766,0.1763555764178013,0.4674845394285718,0.7841200448308865,0.2409271164143122,0.7517807092307816,0.245,-0.19286193127769802,0.999925,0.47147749999999994,Scale Resources,Scale Resources,Scale Resources,0.24507500000000004
random_0258,156.9233860558233,0.2728043301458357,0.13089033085049506,0.8776434036038974,0.302964628837302,0.3692728413409686,0.26,-0.20171760212625978,1.0,0.482,Scale Resources,Scale Resources,Scale Resources,0.26
random_0259,117.99863131027632,0.7631554898199004,0.9300033473547173,0.9958637055777753,0.6429984233408326,0.867172276606706,0.285,-0.2053145044288177,1.0,0.49949999999999994,Scale Resources,Scale Resources,Scale Resources,0.2849999999999999
random_0260,499.4148186668293,0.6135164847298321,0.8897794665398687,1.817216493111284,0.7914514878076223,0.4609313910731102,0.285,-0.2120330595628358,1.0,0.49949999999999994,Scale Resources,Scale Resources,Scale Resources,0.2849999999999999
random_0261,40.57700021194965,0.015805555440133845,0.4772006332829246,0.9886290670692355,0.4073623878629723,0.5681673512913645,0.36,-0.1385991862127105,0.9968875,0.55106625,Migrate VM,Migrate VM,Migrate VM,0.36311249999999995
random_0262,276.0813516522135,0.836613041032693,0.10865710326226241,0.4503553322110909,0.7930049789596304,0.8478368672236546,0.255,-0.19926198268356898,1.0,0.4785,Scale Resources,Scale Resources,Scale Resources,0.255
random_0263,497.4121068104339,0.8729120163870842,0.889899007072331,0.6286958852598097,0.4016616340093764,0.26808510482055103,0.25,-0.21152225959054594,1.0,0.475,Scale Resources,Scale Resources,Scale Resources,0.25
random_0264,303.1496990963578,0.9388053542070384,0.34464088651161773,1.1140035637629004,0.29629963045348506,0.1697999737727075,0.29,-0.20846470673492257,1.0,0.503,Migrate VM,Migrate VM,Migrate VM,0.29000000000000004
random_0265,97.59276490932784,0.05794534453812994,0.9492935230092574,0.8057592170152592,0.8341208920021081,0.6813294726896911,0.365,-0.1708466593122162,0.9991875,0.55525625,Migrate VM,Migrate VM,Migrate VM,0.3658125
random_0266,95.9605807055427,0.17546224657908782,0.8119882015105448,0.5294234212390747,0.9132851837019758,0.14005540468949063,0.305,-0.19759259347626978,1.0,0.5135,Migrate VM,Migrate VM,Migrate VM,0.30499999999999994
random_0267,338.85430722723476,0.8144738760309339,0.235256388415645,0.5524147269131321,0.9645188861392017,0.2645976053461583,0.245,-0.20846470673492257,1.0,0.4715,Scale Resources,Scale Resources,Scale Resources,0.245
random_0268,214.9785249500239,0.4325155932423661,0.25303474992968356,1.551582172874181,0.7718493432291552,0.37831801422378564,0.27,-0.2064332229502308,1.0,0.489,Scale Resources,Scale Resources,Scale Resources,0.27
random_0269,417.56289554036687,0.21307493439900238,0.004305775667678646,1.142334724111482,0.9940777724523785,0.038644309826884604,0.285,-0.12150174520906665,0.994075,0.49772249999999996,Scale Resources,Scale Resources,Scale Resources,0.2909249999999999
random_0270,103.99903685423028,0.5189146424870842,0.8099407364448706,0.17808401015010644,0.3952346537588943,0.7470758006298863,0.295,-0.20683532868835153,1.0,0.5065,Migrate VM,Migrate VM,Migrate VM,0.29499999999999993
random_0271,185.77160420318077,0.18883642047563898,0.19549582739658733,0.8200975738299885,0.47941707480589113,0.861814417816014,0.245,-0.19535615714105026,0.999975,0.4714925,Scale Resources,Scale Resources,Scale Resources,0.24502500000000005
random_0272,321.1262092839968,0.6904019545155015,0.982987171535907,0.8236868806019475,0.4033544032491283,0.9233469677258123,0.26,-0.20592621046933268,1.0,0.482,Scale Resources,Scale Resources,Scale Resources,0.26
random_0273,122.93779350252932,0.7298152463028666,0.7545731382181347,0.19557599489088617,0.468231405693584,0.20056247132155403,0.235,-0.20937690564661837,1.0,0.46449999999999997,Scale Resources,Scale Resources,Scale Resources,0.235
random_0274,92.68763640124284,0.4638281104628762,0.28942970750806496,1.5921208952517418,0.9076048913904824,0.8027206052883656,0.28,-0.20430233518422292,1.0,0.496,Scale Resources,Scale Resources,Scale Resources,0.28
random_0275,133.01543631083263,0.27413439368860837,0.2547283501174674,0.27007619211247214,0.9437983681037112,0.40204779815706937,0.235,-0.2057604816402544,1.0,0.46449999999999997,Scale Resources,Scale Resources,Scale Resources,0.235
random_0276,112.34473727293687,0.8466710505082435,0.39919530265779046,0.07023362221933316,0.16194157024963118,0.63925034035617,0.285,-0.20683532868835153,1.0,0.49949999999999994,Scale Resources,Scale Resources,Scale Resources,0.2849999999999999
random_0277,391.45263708586197,0.21093438848871293,0.9173955892661422,1.7019942401043289,0.8483807540610809,0.22766114679921412,0.285,-0.20795632024476685,1.0,0.49949999999999994,Scale Resources,Scale Resources,Scale Resources,0.2849999999999999
random_0278,25.26799432502885,0.8674235394825837,0.3058002287385674,1.2378327623470518,0.7599668837007301,0.12829325851112017,0.285,-0.2060749118491535,1.0,0.49949999999999994,Scale Resources,Scale Resources,Scale Resources,0.2849999999999999
random_0279,390.41917725952396,0.9385114589610658,0.728374965746409,0.8824454969611162,0.8766781387517029,0.527457630072559,0.265,-0.21152225959054594,1.0,0.4855,Scale Resources,Scale Resources,Scale Resources,0.265
random_0280,372.38546390837706,0.8205059438586041,0.749352861699006,0.5757097520963079,0.11784390090583108,0.23833852936206013,0.245,-0.20846470673492257,1.0,0.4715,Scale Resources,Scale Resources,Scale Resources,0.245
random_0281,251.43746849017663,0.5052769222930958,0.5826443493145376,0.7902036750957817,0.7868913814500277,0.9131537503472078,0.26,-0.20592621046933268,1.0,0.482,Scale Resources,Scale Resources,Scale Resources,0.26
random_0282,123.36252673973563,0.736523217701888,0.6779718525450447,1.04618099855863,0.18853023387416024,0.7952322585827095,0.27,-0.20795632024476685,1.0,0.489,Scale Resources,Scale Resources,Scale Resources,0.27
random_0283,480.3131428144163,0.7218363322336134,0.917859996625734,1.9683705298959995,0.3520506742392382,0.6382235529263369,0.285,-0.20948251219930525,1.0,0.49949999999999994,Scale Resources,Scale Resources,Scale Resources,0.2849999999999999
random_0284,236.966368819039,0.9866287468632301,0.09380782400772492,0.8247498285944492,0.8755390445272362,0.28405131052651544,0.27,-0.19625409975519992,0.9999875,0.48899625,Scale Resources,Scale Resources,Scale Resources,0.2700125
random_0285,393.8964253194364,0.3827831627802557,0.9799785398901583,1.767059672847415,0.30132035766261533,0.7701931135378551,0.285,-0.20795632024476685,1.0,0.49949999999999994,Scale Resources,Scale Resources,Scale Resources,0.2849999999999999
random_0286,168.42827191663434,0.6063628402155351,0.658480768393292,1.65919081817141,0.02445084088201488,0.22015789115229967,0.265,-0.20339628725371706,1.0,0.4855,Scale Resources,Scale Resources,Scale Resources,0.265
random_0287,355.95890529428937,0.5635232369695373,0.4956050782011431,0.11041991341596091,0.3482758834614562,0.8651002319106483,0.23,-0.20744827760561746,1.0,0.46099999999999997,Scale Resources,Scale Resources,Scale Resources,0.22999999999999998
random_0288,15.446418518016092,0.3964362353648121,0.9451482876707726,0.10176146909002926,0.7497057510446368,0.25761261618203646,0.305,-0.20826863197795886,1.0,0.5135,Migrate VM,Migrate VM,Migrate VM,0.30499999999999994
random_0289,433.3044160768362,0.746067978959365,0.8857051708583629,0.431849580862532,0.5312927548186049,0.7792699435748007,0.25,-0.20948251219930525,1.0,0.475,Scale Resources,Scale Resources,Scale Resources,0.25
random_0290,122.8498714974905,0.23074630526721696,0.027182133497585026,1.9170305879509046,0.7100168800546234,0.6355603540101848,0.335,-0.1549986189910978,0.99905,0.534215,Migrate VM,Migrate VM,Migrate VM,0.33594999999999997
random_0291,371.9973613474954,0.5316129186954394,0.47613382109041036,0.8990644822470417,0.6404392121036413,0.2015349753923832,0.265,-0.20846470673492257,1.0,0.4855,Scale Resources,Scale Resources,Scale Resources,0.265
random_0292,444.02934750743486,0.8117523712192651,0.34956361145203385,1.1572185936250488,0.14102729995001462,0.972346247933598,0.285,-0.20897343730880835,1.0,0.49949999999999994,Scale Resources,Scale Resources,Scale Resources,0.2849999999999999
random_0293,451.44634381514174,0.9218975064992004,0.3321630477034516,0.3382694147657115,0.21177216346631034,0.09000139104508986,0.24,-0.2120330595628358,1.0,0.46799999999999997,Scale Resources,Scale Resources,Scale Resources,0.24
random_0294,60.05531505069217,0.07130453418484539,0.9898230692048735,0.14811536673814718,0.13254208095141362,0.8272545955907364,0.31,-0.17673733839025474,0.9992625,0.51677875,Migrate VM,Migrate VM,Migrate VM,0.3107374999999999
random_0295,290.1201083714716,0.7744172045693324,0.630912007772655,1.764350140657896,0.6384675277647406,0.5221250929031509,0.285,-0.20897343730880835,1.0,0.49949999999999994,Scale Resources,Scale Resources,Scale Resources,0.2849999999999999
random_0296,356.37484688064984,0.44739275179210947,0.3460638229047347,0.935304904900425,0.16971410509856066,0.7965717298026914,0.265,-0.20323111812667694,1.0,0.4855,Scale Resources,Scale Resources,Scale Resources,0.265
random_0297,130.35189066797233,0.15353154633704746,0.2463522417832268,1.6841403035444795,0.33020129559773137,0.6860498695059002,0.28,-0.19153198523545978,0.9999,0.49597,Scale Resources,Scale Resources,Scale Resources,0.2801
random_0298,428.20481532786965,0.07774466692504212,0.7650244051780429,0.6153309327580601,0.21662236418404268,0.6889014524529722,0.295,-0.1750496505221696,0.9992125,0.50626375,Migrate VM,Migrate VM,Migrate VM,0.2957875000000001
random_0299,454.8983113666169,0.2950192087123954,0.568833805384319,0.5796682276989831,0.5542855857264279,0.6218620306543405,0.245,-0.20373630652797403,1.0,0.4715,Scale Resources,Scale Resources,Scale Resources,0.245
random_0300,305.1676943950899,0.6235463696427459,0.1350797922175241,1.387080939173439,0.6747503563802233,0.6825881222168831,0.275,-0.2013785018174743,1.0,0.4925,Scale Resources,Scale Resources,Scale Resources,0.275
random_0301,37.03527636935316,0.4468388424141526,0.4090351320457297,0.17342296728639828,0.2223679278968107,0.44096263179803674,0.305,-0.2057604816402544,1.0,0.5135,Migrate VM,Migrate VM,Migrate VM,0.30499999999999994
random_0302,371.45315492904115,0.2370620769846632,0.8297499101249115,1.0915965714789269,0.7604216851846175,0.4725559833368571,0.265,-0.20323111812667694,1.0,0.4855,Scale Resources,Scale Resources,Scale Resources,0.265
random_0303,249.5971127111117,0.6197193893796402,0.9279706081658242,0.9836251628258199,0.528657538108291,0.6019969635275295,0.255,-0.20846470673492257,1.0,0.4785,Scale Resources,Scale Resources,Scale Resources,0.255
random_0304,368.7575686488629,0.07185033548623432,0.5156874385219721,0.963183178412087,0.9216849842375704,0.4935065804363411,0.33,-0.1735932780942544,0.9992,0.5307599999999999,Migrate VM,Migrate VM,Migrate VM,0.3308
random_0305,234.1602673471655,0.962199988534702,0.45057646360088155,0.3617688606441807,0.21691612280578831,0.09518753833697413,0.235,-0.20897343730880835,1.0,0.46449999999999997,Scale Resources,Scale Resources,Scale Resources,0.235
random_0306,0.2840646294722249,0.43194566100048193,0.7692425812982214,1.4669328855996717,0.032149087802850196,0.5699829035940329,0.275,-0.2075675245793971,1.0,0.4925,Scale Resources,Scale Resources,Scale Resources,0.275
random_0307,77.141562706738,0.9410762847646973,0.16736499964417928,1.253278435394963,0.32623836216405677,0.6415613259643522,0.285,-0.2027866470765738,1.0,0.49949999999999994,Scale Resources,Scale Resources,Scale Resources,0.2849999999999999
random_0308,206.12929823203757,0.7596430523063947,0.23067912532785784,1.8115837058285202,0.5002096493133521,0.7560931477128529,0.27,-0.20694057858490844,1.0,0.489,Scale Resources,Scale Resources,Scale Resources,0.27
random_0309,424.86509570061355,0.9988286109548049,0.22394566559395823,0.5737848271269097,0.25043308673188824,0.26287133215978264,0.255,-0.21152225959054594,1.0,0.4785,Scale Resources,Scale Resources,Scale Resources,0.255
random_0310,291.2223707696887,0.993522523145843,0.9902780870927544,1.0535464627246154,0.6390272102646738,0.859970543701606,0.27,-0.20592621046933268,1.0,0.489,Scale Resources,Scale Resources,Scale Resources,0.27
random_0311,466.4667292267526,0.2038606273295439,0.5285417289424529,1.6656741093230245,0.30320207663459164,0.4398090424804667,0.275,-0.20795632024476685,1.0,0.4925,Scale Resources,Scale Resources,Scale Resources,0.275
random_0312,492.810550756004,0.985046696720871,0.9061068107651816,1.5968966896561152,0.26913050072280575,0.32085007406718746,0.28,-0.21050169586244527,1.0,0.496,Scale Resources,Scale Resources,Scale Resources,0.28
random_0313,273.64142060243734,0.5607773745620122,0.505502819357067,1.2733405598326122,0.4083230226329888,0.7491741573155329,0.255,-0.20592621046933268,1.0,0.4785,Scale Resources,Scale Resources,Scale Resources,0.255
random_0314,166.77496323917768,0.33067699694635255,0.127225961891828,0.3774244200578385,0.8505208789213576,0.44628233858044153,0.235,-0.20424183684848585,1.0,0.46449999999999997,Scale Resources,Scale Resources,Scale Resources,0.235
random_0315,113.9338932764169,0.7593411000223874,0.5539811258168594,0.04231202284658697,0.31636145733671517,0.17700141112134105,0.285,-0.20937690564661837,1.0,0.49949999999999994,Scale Resources,Scale Resources,Scale Resources,0.2849999999999999
random_0316,327.9364304914203,0.27503104063025285,0.06494677920994363,0.10986997839533852,0.5817272979587149,0.021723455704089623,0.25,-0.18467527560388552,0.999725,0.4749175,Scale Resources,Scale Resources,Scale Resources,0.250275
random_0317,424.39605656804434,0.15539711925727562,0.6065663351954298,0.8893760560214914,0.4428515212319025,0.07179714236004586,0.265,-0.19435745414631167,0.999975,0.4854925,Scale Resources,Scale Resources,Scale Resources,0.26502500000000007
random_0318,401.3761251061078,0.8930524847532526,0.011016667384228462,0.35720835139423546,0.9039041887954788,0.5494936128000582,0.24,-0.13176138381018365,0.9947,0.46641,Scale Resources,Scale Resources,Scale Resources,0.24529999999999996
random_0319,75.01978912410506,0.20279045260915884,0.6599862442371142,1.449633644493746,0.5994268085799352,0.9531483799125258,0.27,-0.2007705093065525,1.0,0.489,Scale Resources,Scale Resources,Scale Resources,0.27
random_0320,247.03180183088853,0.3002719121425267,0.4772329099757965,0.7193325873332219,0.2244158926746863,0.04596324934014007,0.24,-0.20323111812667694,1.0,0.46799999999999997,Scale Resources,Scale Resources,Scale Resources,0.24
random_0321,176.1062467825621,0.7114093477097423,0.01843780287519381,0.8783570264118694,0.6440094014498684,0.6104041091743072,0.31,-0.13237258338266145,0.994825,0.5154475,Migrate VM,Migrate VM,Migrate VM,0.315175
random_0322,388.32421794435794,0.8105197156597975,0.7117058209193878,0.20559539228949886,0.47502244400436067,0.6034059574876086,0.23,-0.21050169586244527,1.0,0.46099999999999997,Scale Resources,Scale Resources,Scale Resources,0.22999999999999998
random_0323,122.7830194047258,0.04255181764677651,0.2235903208760469,0.9097888034652777,0.41393031905460087,0.17666698132716163,0.365,-0.16241509966819678,0.9991875,0.55525625,Migrate VM,Migrate VM,Migrate VM,0.3658125
random_0324,412.2077713417464,0.9256866687367246,0.20134831905271522,1.8591458311344433,0.017860959175180824,0.9249624727069454,0.265,-0.19926198268356898,1.0,0.4855,Scale Resources,Scale Resources,Scale Resources,0.265
random_0325,475.96439504045395,0.012051863015925202,0.7630192967767481,1.9404031451396868,0.9059022188177783,0.970710161196213,0.385,-0.13478357533145346,0.99505,0.5680149999999999,Migrate VM,Migrate VM,Migrate VM,0.38995
random_0326,275.1617528488197,0.07815613988538828,0.8497891978050361,1.2276565116180231,0.614736744188289,0.4172536098586862,0.305,-0.1756948059266985,0.99925,0.5132749999999999,Migrate VM,Migrate VM,Migrate VM,0.30574999999999997
random_0327,285.92098826055457,0.15357977908611453,0.7397700265661503,0.15003461470308466,0.729780767043792,0.848978422624854,0.235,-0.1903761289536129,0.9998625,0.46445875,Scale Resources,Scale Resources,Scale Resources,0.2351375
random_0328,236.2343387822441,0.5098303660570493,0.31221427292207826,1.9389171674511751,0.7331244745595453,0.36898855330034497,0.275,-0.20897343730880835,1.0,0.4925,Scale Resources,Scale Resources,Scale Resources,0.275
random_0329,87.40369311650254,0.21957959220209133,0.46392228611005004,1.8851368006286757,0.7341463457609181,0.21524374817914982,0.29,-0.204808248601562,1.0,0.503,Migrate VM,Migrate VM,Migrate VM,0.29000000000000004
random_0330,429.78056670944903,0.3782005230096811,0.8517221827525187,0.4833991959622619,0.6186606119363176,0.9266704880812819,0.25,-0.20677462534431512,1.0,0.475,Scale Resources,Scale Resources,Scale Resources,0.25
random_0331,128.94700457389706,0.6929265905858549,0.9873126199571438,0.301196574486007,0.0884022907006744,0.6741951924448162,0.24,-0.20846470673492257,1.0,0.46799999999999997,Scale Resources,Scale Resources,Scale Resources,0.24
random_0332,169.8679738745152,0.07124447736659112,0.47530561788360415,1.5075413592879114,0.28512240041518877,0.33504687750513473,0.305,-0.17278240044667614,0.9992,0.5132599999999999,Migrate VM,Migrate VM,Migrate VM,0.30580000000000007
random_0333,422.84970032348605,0.5200719122614881,0.842731968806472,0.892778984287419,0.9529751615601034,0.6507945897177367,0.27,-0.20897343730880835,1.0,0.489,Scale Resources,Scale Resources,Scale Resources,0.27
random_0334,57.94943265962471,0.8850929882268007,0.4892651908307978,0.28327793594580997,0.15269013384142072,0.6875339351098718,0.31,-0.20632804424022888,1.0,0.517,Migrate VM,Migrate VM,Migrate VM,0.31000000000000005
random_0335,23.686253364744893,0.2865937649138133,0.1397875904698681,0.8821548592345685,0.4143537719943613,0.5218764346888559,0.305,-0.1978436141210549,1.0,0.5135,Migrate VM,Migrate VM,Migrate VM,0.30499999999999994
random_0336,139.8181645512651,0.032043589378177195,0.6143861065351858,0.7474360057647027,0.6513349987400464,0.10866697080426846,0.35,-0.15381756230694754,0.999025,0.5447075,Migrate VM,Migrate VM,Migrate VM,0.3509749999999999
random_0337,6.888677647025165,0.24829424788529275,0.4565473229940522,0.7881439483369346,0.8103025552734664,0.37783764419282395,0.31,-0.20841779833484464,1.0,0.517,Migrate VM,Migrate VM,Migrate VM,0.31000000000000005
random_0338,265.22058980153946,0.5935155924421922,0.021831391645811604,1.030266753692378,0.34483125939883785,0.4212801276832546,0.28,-0.13977953095553697,0.9978375,0.49535125,Scale Resources,Scale Resources,Scale Resources,0.2821625
random_0339,50.14369924762513,0.7828205656486452,0.9424042508085225,0.04453764125920001,0.6013727628113479,0.7638440672883581,0.305,-0.20734295647432532,1.0,0.5135,Migrate VM,Migrate VM,Migrate VM,0.30499999999999994
random_0340,142.4037943249447,0.7875555848632168,0.6323550507663013,1.85832526454214,0.9810048113537728,0.042346113998704804,0.28,-0.21050169586244527,1.0,0.496,Scale Resources,Scale Resources,Scale Resources,0.28
random_0341,222.4688805135031,0.5469877875782182,0.14674323320765248,0.6725716608547234,0.9876474477564617,0.016230456342471444,0.25,-0.20390158744399833,1.0,0.475,Scale Resources,Scale Resources,Scale Resources,0.25
random_0342,226.25396576219202,0.8426546217181962,0.32390126271928843,0.9595970055103067,0.97804574578798,0.4748768364757039,0.26,-0.20846470673492257,1.0,0.482,Scale Resources,Scale Resources,Scale Resources,0.26
random_0343,65.46065607324952,0.05172149166639106,0.9454165724399485,0.5316188265501314,0.5040639065645509,0.0907017660899686,0.36,-0.1727817031280129,0.9992,0.55176,Migrate VM,Migrate VM,Migrate VM,0.3608
random_0344,211.82756027530252,0.9301055192501241,0.5024129936309384,1.9422703036046558,0.25883563723739966,0.5045452397039372,0.275,-0.20948251219930525,1.0,0.4925,Scale Resources,Scale Resources,Scale Resources,0.275
random_0345,429.7653959046626,0.4482523545537438,0.2794873735701896,1.7109507268357633,0.389889468872609,0.5307232910602341,0.285,-0.21050169586244527,1.0,0.49949999999999994,Scale Resources,Scale Resources,Scale Resources,0.2849999999999999
random_0346,488.26353320757283,0.1864832947558639,0.3014006367201857,0.062139200139679884,0.39183770991005273,0.20018343058485955,0.225,-0.1988622792628726,1.0,0.4575,Scale Resources,Scale Resources,Scale Resources,0.22499999999999998
random_0347,340.01746770394567,0.18132145876585237,0.6748127524058697,0.5269508563786354,0.3552178341211998,0.3488606520463975,0.23,-0.19435745414631167,0.999975,0.4609925,Scale Resources,Scale Resources,Scale Resources,0.23002500000000003
random_0348,358.3758750818047,0.46650926313834307,0.36129889885268307,1.7052454380788997,0.5719506256412027,0.2138308212779978,0.285,-0.20897343730880835,1.0,0.49949999999999994,Scale Resources,Scale Resources,Scale Resources,0.2849999999999999
random_0349,450.0456390718413,0.3426502960336406,0.03897937753732039,0.9892004479489058,0.1239380544408778,0.23846644371574255,0.295,-0.17635136889860803,0.99925,0.5062749999999999,Migrate VM,Migrate VM,Migrate VM,0.29574999999999996
random_0350,373.55543634370554,0.13075181337631858,0.8069442243540357,1.8738145762619074,0.6065321004079447,0.7103591920228293,0.305,-0.19004219157122337,0.9998375,0.51345125,Migrate VM,Migrate VM,Migrate VM,0.3051625
random_0351,356.7933049537087,0.9928079572704449,0.34153826220162287,0.32571310248540497,0.5191672349143215,0.5332498098317082,0.235,-0.20897343730880835,1.0,0.46449999999999997,Scale Resources,Scale Resources,Scale Resources,0.235
random_0352,88.95624414807224,0.6131094189941395,0.01412473347682397,1.855336804908443,0.26457427782126164,0.03956020839019181,0.275,-0.1354844639129894,0.995125,0.4910375,Scale Resources,Scale Resources,Scale Resources,0.279875
random_0353,54.124720737428525,0.24024894827964172,0.2739061686060452,0.06561999899545734,0.27935481219372915,0.19294173649348212,0.3,-0.2046427671023363,1.0,0.51,Migrate VM,Migrate VM,Migrate VM,0.30000000000000004
random_0354,189.3104637172593,0.3851677373559692,0.3390077406028791,0.655847767061408,0.08973127774125123,0.02520494712616217,0.245,-0.20677462534431512,1.0,0.4715,Scale Resources,Scale Resources,Scale Resources,0.245
random_0355,101.05715007823329,0.7566494274166153,0.9908097655511221,1.857052350114658,0.5042193555377686,0.5318238557779342,0.29,-0.20835924298948905,1.0,0.503,Migrate VM,Migrate VM,Migrate VM,0.29000000000000004
random_0356,157.29078451792128,0.7739394386376562,0.7647566879326486,1.6885447151648891,0.8955045771968844,0.43434924822529575,0.285,-0.21050169586244527,1.0,0.49949999999999994,Scale Resources,Scale Resources,Scale Resources,0.2849999999999999
random_0357,383.4377840535988,0.8063987287958786,0.30845962249775016,1.8584844880123,0.09434150263965546,0.9942691791632828,0.295,-0.20289132882700012,1.0,0.5065,Migrate VM,Migrate VM,Migrate VM,0.29499999999999993
random_0358,385.0453590794347,0.09327090532432725,0.6562296481050006,0.06835882185652031,0.7701869494441829,0.7992229216590553,0.28,-0.18188527818648081,0.999675,0.49590249999999997,Scale Resources,Scale Resources,Scale Resources,0.28032500000000005
random_0359,301.20512654572383,0.8568603919165705,0.0978832802148597,0.5518476840816264,0.4141775215926705,0.04245795282809828,0.255,-0.19775651490058854,1.0,0.4785,Scale Resources,Scale Resources,Scale Resources,0.255
random_0360,224.10804378558308,0.26521345611256597,0.392735012101753,0.8502052639846129,0.8794117334876851,0.27034097052763906,0.255,-0.20323111812667694,1.0,0.4785,Scale Resources,Scale Resources,Scale Resources,0.255
random_0361,446.871564358136,0.42597096481284924,0.327807720693986,1.005024098670292,0.41774328636283964,0.2573723130551461,0.275,-0.20880703433315417,1.0,0.4925,Scale Resources,Scale Resources,Scale Resources,0.275
random_0362,251.33966239803345,0.15180173307883127,0.3519299430229661,1.1315804387481811,0.41340824438985857,0.8239123610507965,0.305,-0.1888886790195956,0.999725,0.5134175,Migrate VM,Migrate VM,Migrate VM,0.30527499999999996
random_0363,128.36088076758313,0.9697715788310101,0.7847220208513513,1.9351860519949444,0.8381365548303041,0.14210392585164267,0.28,-0.2110118051016392,1.0,0.496,Scale Resources,Scale Resources,Scale Resources,0.28
random_0364,263.2300453175069,0.16997852119578571,0.8182273526272573,1.1683242983665918,0.2634493143569058,0.9295989720071713,0.29,-0.19004219157122337,0.9998375,0.50295125,Migrate VM,Migrate VM,Migrate VM,0.2901624999999999
random_0365,57.593026657130345,0.563862403471314,0.7210405546667255,0.11769707466486357,0.5978560332062036,0.8159012154630941,0.305,-0.20734295647432532,1.0,0.5135,Migrate VM,Migrate VM,Migrate VM,0.30499999999999994
random_0366,33.76365720902669,0.5122429711066271,0.25855717814874,1.3258489030738416,0.11867736707884491,0.9370514306705069,0.275,-0.20354448643687217,1.0,0.4925,Scale Resources,Scale Resources,Scale Resources,0.275
random_0367,447.3642908573659,0.18597441987570917,0.3232658843651046,1.175269949306086,0.7180623366342505,0.4426560151602582,0.265,-0.19852447876951285,1.0,0.4855,Scale Resources,Scale Resources,Scale Resources,0.265
random_0368,78.14566098048753,0.10415149380287159,0.9997653369143439,0.9107042428869745,0.8725317491484982,0.48237600462911445,0.325,-0.18555860390928136,0.999725,0.5274175,Migrate VM,Migrate VM,Migrate VM,0.325275
random_0369,461.17881927300164,0.0877593827715506,0.11401919133455096,1.8592643754484486,0.9474930450447849,0.31471744746536334,0.325,-0.175107785991651,0.9992125,0.5272637499999999,Migrate VM,Migrate VM,Migrate VM,0.3257875000000001
random_0370,177.58244349693592,0.452450234834758,0.4161616800672908,0.38009043191919334,0.8983753839393745,0.25330760070564373,0.235,-0.20880703433315417,1.0,0.46449999999999997,Scale Resources,Scale Resources,Scale Resources,0.235
random_0371,352.63620473882577,0.06715567773497289,0.03875133152842947,1.3074609451538413,0.33901585757326036,0.6554593927200013,0.35,-0.11383661809170753,0.993675,0.5431024999999999,Migrate VM,Migrate VM,Migrate VM,0.356325
random_0372,47.010601084415185,0.9498513799158633,0.7485144668930954,1.7525344660515985,0.13647055404451092,0.3201609688928694,0.285,-0.2088679021839035,1.0,0.49949999999999994,Scale Resources,Scale Resources,Scale Resources,0.2849999999999999
random_0373,184.17208210317204,0.5371726483268185,0.2968684855074143,0.12126148437881024,0.3688783807374707,0.25454931462728214,0.23,-0.2110118051016392,1.0,0.46099999999999997,Scale Resources,Scale Resources,Scale Resources,0.22999999999999998
random_0374,192.96064573160743,0.19695954262002624,0.26189637456473547,1.2539046808645375,0.38815383457806507,0.34538339316949207,0.245,-0.2054195409101196,1.0,0.4715,Scale Resources,Scale Resources,Scale Resources,0.245
random_0375,266.9528163611865,0.7718605408439257,0.3788679563479572,1.1750389851116811,0.9662026253681762,0.5219801141180507,0.26,-0.20846470673492257,1.0,0.482,Scale Resources,Scale Resources,Scale Resources,0.26
random_0376,454.89878825877224,0.7936726242564269,0.05871868165014971,0.8581977429385137,0.6983184078685881,0.9867119124481999,0.3,-0.18385186116997743,0.999725,0.5099175,Migrate VM,Migrate VM,Migrate VM,0.30027500000000007
random_0377,229.1881455807563,0.09278545412673944,0.5620091747128678,0.2531275842479206,0.7515195602793934,0.5076769974617779,0.28,-0.18139486889169543,0.9996625,0.49589875,Scale Resources,Scale Resources,Scale Resources,0.2803375
random_0378,361.71568418864325,0.8693618268785237,0.6289480171627772,1.2248786585063631,0.7545702954396313,0.8424550014526674,0.265,-0.20592621046933268,1.0,0.4855,Scale Resources,Scale Resources,Scale Resources,0.265
random_0379,434.52689313850135,0.036430195682883304,0.5561902967977893,0.43253861959510287,0.8603458907817834,0.6483976852033612,0.355,-0.15804106335403711,0.999125,0.5482374999999999,Migrate VM,Migrate VM,Migrate VM,0.35587499999999994
random_0380,210.1112395162191,0.1881042281213513,0.3390236259198265,1.407555389080449,0.2043595452116388,0.09358294533837275,0.26,-0.19852447876951285,1.0,0.482,Scale Resources,Scale Resources,Scale Resources,0.26
random_0381,444.0143791137755,0.7642103495801168,0.19979493065813259,0.5846230868599833,0.9720701771308857,0.7081844867591174,0.25,-0.20795632024476685,1.0,0.475,Scale Resources,Scale Resources,Scale Resources,0.25
random_0382,305.2610021069124,0.30762848542413035,0.29912514416652225,0.07904723738046093,0.7284818669019314,0.043175225056884536,0.23,-0.2047477093196286,1.0,0.46099999999999997,Scale Resources,Scale Resources,Scale Resources,0.22999999999999998
random_0383,2.428668888639518,0.7294950878609792,0.9488737571491254,1.513006095454621,0.4716401906243787,0.486045249560873,0.275,-0.21266426177036724,1.0,0.4925,Scale Resources,Scale Resources,Scale Resources,0.275
random_0384,218.06821132455266,0.32464366711033366,0.5217142141858402,0.8623019142822301,0.5981678800407747,0.8981200805010945,0.255,-0.20373630652797403,1.0,0.4785,Scale Resources,Scale Resources,Scale Resources,0.255
random_0385,497.50470866190517,0.07874328988291712,0.3846834726613414,0.3614123915336189,0.3521204739255337,0.287473018548423,0.295,-0.1794365463898473,0.999525,0.5063575,Migrate VM,Migrate VM,Migrate VM,0.29547499999999993
random_0386,87.26856581339415,0.7640760534212905,0.49628874282923585,1.8384911644344515,0.03259244324701449,0.06697801313198992,0.29,-0.2053145044288177,1.0,0.503,Migrate VM,Migrate VM,Migrate VM,0.29000000000000004
random_0387,201.63679146517205,0.08027732040403712,0.2627295964148335,1.9720594861532472,0.20895960748461406,0.1981177414120907,0.305,-0.1781308582365465,0.999375,0.5133125,Migrate VM,Migrate VM,Migrate VM,0.30562500000000004
random_0388,286.82033439785454,0.4979982907931567,0.5804382972028448,0.7534705564170934,0.8267623598949471,0.13858055144246284,0.245,-0.20846470673492257,1.0,0.4715,Scale Resources,Scale Resources,Scale Resources,0.245
random_0389,214.19632292073283,0.6897618484440871,0.8682364402828997,0.7391432127135154,0.5677455990937528,0.0691399450072615,0.245,-0.20897343730880835,1.0,0.4715,Scale Resources,Scale Resources,Scale Resources,0.245
random_0390,85.15954405591447,0.06913816246611448,0.7278808919985219,0.5761199374442814,0.7237452901918378,0.06639827904327456,0.325,-0.1727817031280129,0.9992,0.52726,Migrate VM,Migrate VM,Migrate VM,0.3258000000000001
random_0391,431.2739002041627,0.8355301981110916,0.08892874305028264,0.04751301291437304,0.056288812981991176,0.853630173146734,0.245,-0.19575397200043665,0.9999875,0.47149625,Scale Resources,Scale Resources,Scale Resources,0.24501249999999997
random_0392,117.35174452594788,0.5482733178581887,0.42624420318005674,1.5910510524572041,0.4888983014706706,0.5006608406612697,0.295,-0.20683532868835153,1.0,0.5065,Migrate VM,Migrate VM,Migrate VM,0.29499999999999993
random_0393,494.5459697499512,0.1501295567492571,0.8307039387459314,0.10349949120776958,0.47764876957297075,0.8863348239330235,0.24,-0.1933601016551929,0.9999375,0.46798124999999996,Scale Resources,Scale Resources,Scale Resources,0.24006249999999996
random_0394,332.60698280206066,0.6852146193661329,0.26331728225648554,0.8371495827229085,0.3665810634990505,0.5214432101579942,0.265,-0.20846470673492257,1.0,0.4855,Scale Resources,Scale Resources,Scale Resources,0.265
random_0395,231.11396507183406,0.32689835187698935,0.3054806123711701,0.5017057833102443,0.3650472468847584,0.14994147793406065,0.24,-0.2057604816402544,1.0,0.46799999999999997,Scale Resources,Scale Resources,Scale Resources,0.24
random_0396,436.0521510017869,0.6021193918334273,0.13378642559385545,1.3877186684180027,0.8476664679979732,0.2375356720522589,0.265,-0.20694057858490844,1.0,0.4855,Scale Resources,Scale Resources,Scale Resources,0.265
random_0397,75.30029716863196,0.008617257133752054,0.04725033885648511,1.5245026966070232,0.9871863320416938,0.0448803224762766,0.29,-0.07145094259006934,0.98505,0.49851499999999993,Scale Resources,Scale Resources,Scale Resources,0.30495000000000005
random_0398,374.0354795399463,0.07186216584096006,0.5921328249036668,1.5121505648564757,0.3592043972677377,0.010934721110663737,0.325,-0.17375188890755855,0.9992125,0.5272637499999999,Migrate VM,Migrate VM,Migrate VM,0.3257875000000001
random_0399,297.59467606271295,0.9912446281400278,0.25761742283849576,0.3789825543744316,0.12392589275351495,0.5552556199000561,0.235,-0.20897343730880835,1.0,0.46449999999999997,Scale Resources,Scale Resources,Scale Resources,0.235
random_0400,298.2225496801367,0.7922708371704024,0.7530732736205097,1.7850829895901743,0.8057726983423014,0.24726708307944445,0.285,-0.20897343730880835,1.0,0.49949999999999994,Scale Resources,Scale Resources,Scale Resources,0.2849999999999999
random_0401,277.9387024378805,0.29741195909358,0.32978537955150244,1.8638887384599927,0.6818959050670735,0.9745904132511058,0.275,-0.2023867119326933,1.0,0.4925,Scale Resources,Scale Resources,Scale Resources,0.275
random_0402,208.45626835937225,0.5374375733539766,0.4871154199164217,0.21457411504745383,0.23670199452660334,0.5276363606044822,0.23,-0.21050169586244527,1.0,0.46099999999999997,Scale Resources,Scale Resources,Scale Resources,0.22999999999999998
random_0403,33.68715256650312,0.9314619293088893,0.12384368194337081,0.3959614928338142,0.7653212239386366,0.09693454178931371,0.29,-0.201777896146055,1.0,0.503,Migrate VM,Migrate VM,Migrate VM,0.29000000000000004
random_0404,450.1390498077047,0.7257009707225356,0.0686208571088589,1.3836941225713058,0.6316285421713178,0.7573494327399186,0.285,-0.18977875830198876,0.9998375,0.49945125,Scale Resources,Scale Resources,Scale Resources,0.2851625
random_0405,414.09892624466795,0.718350563173155,0.5861762952709719,0.6449266371635554,0.6972736618299291,0.9569715846307795,0.25,-0.20897343730880835,1.0,0.475,Scale Resources,Scale Resources,Scale Resources,0.25
random_0406,293.76089026443714,0.6643448684342539,0.4371280421998007,1.5122416194861488,0.9976673923386359,0.1603893240677361,0.275,-0.20744827760561746,1.0,0.4925,Scale Resources,Scale Resources,Scale Resources,0.275
random_0407,101.20263975188115,0.5394377586643895,0.48137539726165823,1.1431395690134376,0.04907404772427304,0.40427645633044895,0.33,-0.20430233518422292,1.0,0.5309999999999999,Migrate VM,Migrate VM,Migrate VM,0.33000000000000007
random_0408,291.4891310327804,0.5851913513049627,0.6573339617683736,1.4404320580053276,0.6415472033408566,0.790243155389435,0.275,-0.204913214040654,1.0,0.4925,Scale Resources,Scale Resources,Scale Resources,0.275
random_0409,312.3803173422958,0.5375076625372045,0.6061964288878109,0.2023867335066647,0.27315654072552,0.5273997806581312,0.23,-0.20999193163945207,1.0,0.46099999999999997,Scale Resources,Scale Resources,Scale Resources,0.22999999999999998
random_0410,436.49360770085354,0.6790515562879931,0.09040807847189758,1.1845499008888087,0.22173798763709895,0.7340165597887229,0.27,-0.19675456600405516,0.9999875,0.48899625,Scale Resources,Scale Resources,Scale Resources,0.2700125
random_0411,413.7204262543736,0.5934562725899734,0.5913626097517097,0.677182886421628,0.4462500211613094,0.8641083538153455,0.25,-0.20897343730880835,1.0,0.475,Scale Resources,Scale Resources,Scale Resources,0.25
random_0412,361.6601654835783,0.5197536596958431,0.36823238624837096,0.10075947657710871,0.14300740132638512,0.19302518953937065,0.23,-0.20999193163945207,1.0,0.46099999999999997,Scale Resources,Scale Resources,Scale Resources,0.22999999999999998
random_0413,186.69177162933735,0.9441436470762746,0.5051533948587487,0.46968032651846214,0.10575013746151407,0.33830552460296404,0.245,-0.20999193163945207,1.0,0.4715,Scale Resources,Scale Resources,Scale Resources,0.245
random_0414,407.8653177755284,0.3833427934105079,0.7725058060224135,1.6054099522537577,0.11082076969870414,0.6086597526267837,0.28,-0.20795632024476685,1.0,0.496,Scale Resources,Scale Resources,Scale Resources,0.28
random_0415,479.5480316855554,0.4021380749035539,0.050944089003022275,1.8466053805157572,0.883666281572483,0.5221414472090018,0.31,-0.18483633866122662,0.999725,0.5169175,Migrate VM,Migrate VM,Migrate VM,0.3102750000000001
random_0416,276.1265601720048,0.2117411027761249,0.8194507555446373,0.9972000767842528,0.03387779514255651,0.6830149564489978,0.255,-0.19719544298771885,0.9999875,0.47849625,Scale Resources,Scale Resources,Scale Resources,0.2550125
random_0417,475.248134901353,0.8291504903457503,0.2771981402105398,0.1066501698666813,0.9403514125381806,0.9370627248797014,0.235,-0.21050169586244527,1.0,0.46449999999999997,Scale Resources,Scale Resources,Scale Resources,0.235
random_0418,266.2076598564347,0.6423174116715351,0.4626000607108083,0.8395307341975173,0.11944843592870036,0.09675289836109602,0.26,-0.20846470673492257,1.0,0.482,Scale Resources,Scale Resources,Scale Resources,0.26
random_0419,116.36607333809373,0.8366407464065443,0.14583230073568,0.45339730382942145,0.5486140593222075,0.2151312180782744,0.31,-0.2053145044288177,1.0,0.517,Migrate VM,Migrate VM,Migrate VM,0.31000000000000005
random_0420,81.60334235889354,0.5633162416979622,0.3680932709966155,1.2523185716809384,0.9122053404086763,0.15099313143506765,0.285,-0.20835924298948905,1.0,0.49949999999999994,Scale Resources,Scale Resources,Scale Resources,0.2849999999999999
random_0421,456.7168299065319,0.9024899674229186,0.8290875833359028,1.2625718346121704,0.6201466574655474,0.6392126599365016,0.27,-0.20897343730880835,1.0,0.489,Scale Resources,Scale Resources,Scale Resources,0.27
random_0422,345.2477756089066,0.016482200596157015,0.9580925791606497,1.1712075229311596,0.7814658394024216,0.37728183906136314,0.405,-0.14548707241804815,0.9989,0.58317,Migrate VM,Migrate VM,Migrate VM,0.4061
random_0423,6.1986069578979786,0.509734659876444,0.5071901193159289,0.8739785766229036,0.33971705416207676,0.24982608780972204,0.315,-0.21368775380427008,1.0,0.5205,Migrate VM,Migrate VM,Migrate VM,0.31499999999999995
random_0424,263.7724372485914,0.3752781396934941,0.9699318830498087,0.3458546155338629,0.319665567627087,0.293960470924571,0.235,-0.20626738195335337,1.0,0.46449999999999997,Scale Resources,Scale Resources,Scale Resources,0.235
random_0425,271.6545881179785,0.4992802569741479,0.6437404654242731,1.9000035411484157,0.2852210854938674,0.6927715692549965,0.275,-0.2064332229502308,1.0,0.4925,Scale Resources,Scale Resources,Scale Resources,0.275
random_0426,12.520101502591807,0.26238847273362453,0.4637197279965928,0.06198957696226892,0.6176694605536389,0.6783106084017082,0.305,-0.2057307978991577,1.0,0.5135,Migrate VM,Migrate VM,Migrate VM,0.30499999999999994
random_0427,373.3658574190233,0.5165745048430123,0.6039446649786266,0.7921305025569745,0.04125303250656254,0.09995185577451304,0.26,-0.204913214040654,1.0,0.482,Scale Resources,Scale Resources,Scale Resources,0.26
random_0428,327.4979621007321,0.9955552995857763,0.01580323916329618,1.1151669936527655,0.7510087528825579,0.8267748280138787,0.27,-0.13196905524600067,0.99475,0.487425,Scale Resources,Scale Resources,Scale Resources,0.27525
random_0429,272.60245061132,0.6199159801841051,0.6967249452745534,1.7179324993868612,0.12228953720281865,0.9261821962748634,0.275,-0.2064332229502308,1.0,0.4925,Scale Resources,Scale Resources,Scale Resources,0.275
random_0430,13.008701775785003,0.8361997509577753,0.07674042655969726,0.38925642320984455,0.0038941463811326127,0.4452567055360407,0.36,-0.18675119942796503,0.999725,0.5519175000000001,Migrate VM,Migrate VM,Migrate VM,0.360275
random_0431,167.17961335869614,0.16599291148702733,0.4510901608039063,0.8047417663443677,0.7676610326987415,0.8931303060700324,0.255,-0.1898799768083813,0.9998375,0.47845125,Scale Resources,Scale Resources,Scale Resources,0.25516249999999996
random_0432,326.28362588354094,0.12441038872652388,0.29539079470985063,1.8266365936645597,0.08873449300788916,0.4068558393908265,0.305,-0.19004219157122337,0.9998375,0.51345125,Migrate VM,Migrate VM,Migrate VM,0.3051625
random_0433,471.25230961674066,0.9506648414694857,0.4112031770488924,1.3347937761975948,0.45674559835399897,0.7534605394363417,0.275,-0.20897343730880835,1.0,0.4925,Scale Resources,Scale Resources,Scale Resources,0.275
random_0434,15.790665346499255,0.14415714892135845,0.6141988035435992,0.4651045248861272,0.6660522992691486,0.35122292746129835,0.3,-0.19466576028521987,0.999975,0.5099925,Migrate VM,Migrate VM,Migrate VM,0.300025
random_0435,443.32277906391073,0.8192593855599865,0.4928378000687822,1.5457901741897155,0.2711378862350904,0.4942597768118626,0.28,-0.21050169586244527,1.0,0.496,Scale Resources,Scale Resources,Scale Resources,0.28
random_0436,98.74102593163909,0.8608861685209939,0.8230676165684149,1.8042993368180025,0.8774769812242594,0.9595962620594948,0.29,-0.20582110289773825,1.0,0.503,Migrate VM,Migrate VM,Migrate VM,0.29000000000000004
random_0437,114.16811581596298,0.9318242907953155,0.5712131913519977,0.8449901678363043,0.560373895967873,0.34260235665027783,0.31,-0.20785092783052672,1.0,0.517,Migrate VM,Migrate VM,Migrate VM,0.31000000000000005
random_0438,144.27650348047604,0.24131433797752877,0.08242798945712682,0.9931297942943749,0.8877616757138874,0.6301519692743847,0.26,-0.19160251238040782,0.9999,0.48197,Scale Resources,Scale Resources,Scale Resources,0.2601
random_0439,260.48781637788676,0.4285929182509165,0.46440162631719195,0.41855469514390187,0.8229358771930972,0.19838296328152805,0.245,-0.20626738195335337,1.0,0.4715,Scale Resources,Scale Resources,Scale Resources,0.245
random_0440,358.3113783636565,0.7599850114961526,0.5748690420277343,1.725852749909657,0.29105035245065003,0.8816172212428632,0.285,-0.2064332229502308,1.0,0.49949999999999994,Scale Resources,Scale Resources,Scale Resources,0.2849999999999999
random_0441,364.7052297996521,0.7987498277617607,0.6645797095273142,1.6926860339799388,0.9930988627176359,0.42016285452463864,0.285,-0.20897343730880835,1.0,0.49949999999999994,Scale Resources,Scale Resources,Scale Resources,0.2849999999999999
random_0442,406.95784185478516,0.7445797595180336,0.452870165712018,1.853897999465024,0.3944259295725947,0.5654659162762375,0.285,-0.2120330595628358,1.0,0.49949999999999994,Scale Resources,Scale Resources,Scale Resources,0.2849999999999999
random_0443,52.97117849548078,0.22577519406626623,0.8406961705337607,0.7931054456576947,0.3940840894152582,0.24598101819062024,0.3,-0.20312638870075828,1.0,0.51,Migrate VM,Migrate VM,Migrate VM,0.30000000000000004
random_0444,245.80516714872718,0.8058169613506224,0.8951641177737396,0.14022886408836777,0.5748207312401155,0.46727336789233453,0.23,-0.20999193163945207,1.0,0.46099999999999997,Scale Resources,Scale Resources,Scale Resources,0.22999999999999998
random_0445,307.14092523578915,0.44727568690826913,0.3986448208534151,0.9437614248589787,0.5819991287564141,0.5009832110317768,0.265,-0.2057604816402544,1.0,0.4855,Scale Resources,Scale Resources,Scale Resources,0.265
random_0446,236.07222551032308,0.8178353099580807,0.7456479912378577,0.6827569883623856,0.8005771175153205,0.8536506690045002,0.245,-0.20592621046933268,1.0,0.4715,Scale Resources,Scale Resources,Scale Resources,0.245
random_0447,76.74610268709526,0.5826824617307588,0.2853119935992138,1.478344643853445,0.23878532935868324,0.6714035241730318,0.27,-0.204808248601562,1.0,0.489,Scale Resources,Scale Resources,Scale Resources,0.27
random_0448,127.56232802881695,0.5111437634299432,0.9486464679161921,0.762615076912869,0.8757384859632077,0.9869445812038946,0.25,-0.20390158744399833,1.0,0.475,Scale Resources,Scale Resources,Scale Resources,0.25
random_0449,437.42542440258165,0.16586602972334286,0.819658219535163,0.0642987902011225,0.39330188369930785,0.8707333733178638,0.235,-0.1933601016551929,0.9999375,0.46448124999999996,Scale Resources,Scale Resources,Scale Resources,0.23506249999999995
random_0450,344.37610637995994,0.5327404273378781,0.3878640250826205,1.624593892940572,0.7095584039482209,0.46840531961567333,0.28,-0.20897343730880835,1.0,0.496,Scale Resources,Scale Resources,Scale Resources,0.28
random_0451,446.2421686048299,0.2299480178186324,0.1703915091586249,1.285607528667163,0.9719943427017703,0.2472565733067703,0.275,-0.204913214040654,1.0,0.4925,Scale Resources,Scale Resources,Scale Resources,0.275
random_0452,124.83518946691325,0.13949884796218992,0.8605635552736322,0.4527950808226682,0.5031785267248878,0.9908724780022046,0.23,-0.18444440138369034,0.999725,0.4609175,Scale Resources,Scale Resources,Scale Resources,0.230275
random_0453,6.070450461021782,0.5564860905107941,0.5122890427049458,1.6148947528203095,0.35528153955277697,0.41034135889904155,0.285,-0.21420001941607025,1.0,0.49949999999999994,Scale Resources,Scale Resources,Scale Resources,0.2849999999999999
random_0454,83.96899029943184,0.7408152316357867,0.7847089091881483,0.2733266415576605,0.39345707398832175,0.892904995362683,0.315,-0.20632804424022888,1.0,0.5205,Migrate VM,Migrate VM,Migrate VM,0.31499999999999995
random_0455,1.3536368378935792,0.2987590706226323,0.5550422850525477,0.6681877193199066,0.2720451891776694,0.4600374849032126,0.3,-0.20841779833484464,1.0,0.51,Migrate VM,Migrate VM,Migrate VM,0.30000000000000004
random_0456,90.76155405484687,0.5296252409594838,0.7066959213132259,1.1505899052570043,0.0931093308585309,0.8444086141655732,0.33,-0.2053145044288177,1.0,0.5309999999999999,Migrate VM,Migrate VM,Migrate VM,0.33000000000000007
random_0457,87.4889187437441,0.7648120006111286,0.3605651107758504,1.5655226961122046,0.20627290340534576,0.1866621036954298,0.275,-0.20734295647432532,1.0,0.4925,Scale Resources,Scale Resources,Scale Resources,0.275
random_0458,248.51292310874112,0.032936014698360494,0.22529733878233338,1.4480245043686966,0.8373834783054255,0.08078536393781044,0.36,-0.15396115975993896,0.999025,0.5517075,Migrate VM,Migrate VM,Migrate VM,0.36097499999999993
random_0459,441.0388547190522,0.797517204053179,0.8696842957069654,1.3968571091576798,0.6741530672939647,0.5250932333448638,0.275,-0.21152225959054594,1.0,0.4925,Scale Resources,Scale Resources,Scale Resources,0.275
random_0460,326.3936122456575,0.9191096645666051,0.10052200141670842,0.6315289556921824,0.07245497359587183,0.9448051719440385,0.255,-0.19226253633995405,0.999925,0.47847749999999994,Scale Resources,Scale Resources,Scale Resources,0.25507500000000005
random_0461,222.63273299969399,0.6753444706761884,0.8411200645043214,1.9820004961529771,0.16178245779226574,0.7995126057182287,0.275,-0.2064332229502308,1.0,0.4925,Scale Resources,Scale Resources,Scale Resources,0.275
random_0462,443.71144906836815,0.04887537685087562,0.7540905601855734,0.7094506423931006,0.648596791470432,0.5140481960388648,0.35,-0.1717448988604645,0.9991875,0.5447562499999999,Migrate VM,Migrate VM,Migrate VM,0.35081249999999997
random_0463,129.87112604331847,0.13522136200398605,0.11694723308920829,0.2066457154169834,0.6377900401345777,0.3514108513995381,0.265,-0.1877961435677702,0.999725,0.4854175,Scale Resources,Scale Resources,Scale Resources,0.26527500000000004
random_0464,108.31671910293622,0.691885092705903,0.6868495657664668,1.0783365847139954,0.9349578168658509,0.3854142314414213,0.33,-0.20785092783052672,1.0,0.5309999999999999,Migrate VM,Migrate VM,Migrate VM,0.33000000000000007
random_0465,417.9314856346465,0.07513940793219631,0.7398310940385044,1.97689482766386,0.8465982162878168,0.5796647193100594,0.325,-0.1781308582365465,0.999375,0.5273125,Migrate VM,Migrate VM,Migrate VM,0.32562500000000005
random_0466,313.3830321635803,0.3532895494369468,0.6794852182581039,1.540790766362654,0.9982284811178539,0.492462917000433,0.28,-0.20592621046933268,1.0,0.496,Scale Resources,Scale Resources,Scale Resources,0.28
random_0467,30.652032886721138,0.5958579507309852,0.11902414998216859,0.4895300871122201,0.32877991130573725,0.7310298731484106,0.29,-0.19926198268356898,1.0,0.503,Migrate VM,Migrate VM,Migrate VM,0.29000000000000004
random_0468,91.90406193925027,0.16575294684235253,0.04496424249882747,1.7464798727077617,0.6935054243560607,0.03994646561762649,0.29,-0.16481907747595814,0.9991875,0.50275625,Migrate VM,Migrate VM,Migrate VM,0.2908124999999999
random_0469,14.146152819057288,0.5586742964750561,0.28253440128671103,1.1934527008638576,0.4346041756809653,0.9233125623102546,0.28,-0.20858411517966768,1.0,0.496,Scale Resources,Scale Resources,Scale Resources,0.28
random_0470,143.90450748068395,0.6791453684388935,0.05405431161859919,1.9117210683778507,0.9807574679083522,0.7390746290164124,0.305,-0.18385186116997743,0.999725,0.5134175,Migrate VM,Migrate VM,Migrate VM,0.30527499999999996
random_0471,232.60623578178658,0.21999343932726134,0.8125163402479647,1.4727081942940445,0.22195403956094906,0.4512152941572657,0.265,-0.20339628725371706,1.0,0.4855,Scale Resources,Scale Resources,Scale Resources,0.265
random_0472,231.39946890839252,0.8264105499727091,0.6838446843340765,1.2863350870801102,0.6498274225632784,0.2704700793824789,0.26,-0.20846470673492257,1.0,0.482,Scale Resources,Scale Resources,Scale Resources,0.26
random_0473,185.855629914767,0.04566228543670614,0.7869411358121238,0.8659964303396277,0.4382383570875735,0.24535626493362672,0.375,-0.16788563778574883,0.9991875,0.5622562499999999,Migrate VM,Migrate VM,Migrate VM,0.3758125
random_0474,104.71364072971446,0.5878219295690292,0.23255301520367577,0.12841770313092882,0.7675074159808983,0.37646943440636593,0.285,-0.20937690564661837,1.0,0.49949999999999994,Scale Resources,Scale Resources,Scale Resources,0.2849999999999999
random_0475,190.11779194965223,0.4313182815157913,0.8150448234080938,0.6416737918796342,0.758036211257836,0.9395448407795433,0.245,-0.20424183684848585,1.0,0.4715,Scale Resources,Scale Resources,Scale Resources,0.245
random_0476,330.4340979623997,0.43168108117702464,0.7477897231466647,0.915794739502771,0.4144272711081408,0.5252831635726832,0.265,-0.2057604816402544,1.0,0.4855,Scale Resources,Scale Resources,Scale Resources,0.265
random_0477,158.8611674046469,0.1042502162800012,0.4148520055261652,0.24771376225860386,0.4104414735554467,0.5569337212134503,0.27,-0.18335849846851382,0.9997125,0.48891375,Scale Resources,Scale Resources,Scale Resources,0.2702875
random_0478,465.3555906028234,0.03622233104530359,0.6214584065019442,0.9154703733001546,0.020261128204139167,0.24954817593872036,0.375,-0.1473990320445031,0.9989125,0.5621737499999999,Migrate VM,Migrate VM,Migrate VM,0.3760875
random_0479,59.24262617740078,0.21679414573144473,0.2745702434609182,0.8026126707643926,0.5290393934888903,0.0009899939263861013,0.305,-0.20312638870075828,1.0,0.5135,Migrate VM,Migrate VM,Migrate VM,0.30499999999999994
random_0480,80.9346803143704,0.0935663856088007,0.5496733992627437,0.6581497408025396,0.5483977360347181,0.22182330217467783,0.32,-0.18408092247261532,0.999725,0.5239175,Migrate VM,Migrate VM,Migrate VM,0.3202750000000001
random_0481,12.114677043792433,0.9413669012702468,0.10830812118899402,0.2537174959234336,0.1465468265101405,0.9812765239932727,0.29,-0.20528483836351286,1.0,0.503,Migrate VM,Migrate VM,Migrate VM,0.29000000000000004
random_0482,308.83012008499804,0.6102899517038506,0.9866982015185296,0.17687753854930954,0.9745008925422891,0.2040131465540409,0.23,-0.20999193163945207,1.0,0.46099999999999997,Scale Resources,Scale Resources,Scale Resources,0.22999999999999998
random_0483,311.5357517810177,0.4200835653027917,0.3839518134771782,1.8624866569589251,0.14922772844025645,0.9970690110762436,0.3,-0.1983620442580254,1.0,0.51,Migrate VM,Migrate VM,Migrate VM,0.30000000000000004
random_0484,189.56253054577428,0.6487749038885544,0.9679067314833601,0.11520210075794957,0.9228643629251906,0.5678113853543433,0.23,-0.2110118051016392,1.0,0.46099999999999997,Scale Resources,Scale Resources,Scale Resources,0.22999999999999998
random_0485,352.19843948872614,0.14918418388634835,0.5333874308310322,1.3470274294504874,0.4562473073876818,0.15498517810605672,0.28,-0.19252686229500926,0.999925,0.49597749999999996,Scale Resources,Scale Resources,Scale Resources,0.2800750000000001
random_0486,122.0595375427883,0.8543927909934985,0.03447099283276278,1.4177241568816248,0.9993900365145268,0.007482996106766615,0.305,-0.17024963892113132,0.9991875,0.51325625,Migrate VM,Migrate VM,Migrate VM,0.30581250000000004
random_0487,80.52284140996996,0.6741443008931345,0.05999083458534826,1.1795799677117178,0.6840001035610561,0.5881463481140702,0.285,-0.1886848945165298,0.999725,0.49941749999999996,Scale Resources,Scale Resources,Scale Resources,0.28527499999999995
random_0488,182.5923515105336,0.6972822959866389,0.5942944280138205,0.4152743441878395,0.5631355435851098,0.8819072171389275,0.245,-0.20744827760561746,1.0,0.4715,Scale Resources,Scale Resources,Scale Resources,0.245
random_0489,333.416642845225,0.4717915073938471,0.32158410286945116,0.17177241887514572,0.2446271327590287,0.011186753086876888,0.23,-0.20880703433315417,1.0,0.46099999999999997,Scale Resources,Scale Resources,Scale Resources,0.22999999999999998
random_0490,493.3129587624822,0.22248225212873995,0.8148759426853727,0.3372897636099572,0.2836011496055739,0.41827731922836675,0.23,-0.20677462534431512,1.0,0.46099999999999997,Scale Resources,Scale Resources,Scale Resources,0.22999999999999998
random_0491,162.20283207080254,0.7983508127598611,0.9576934080154231,1.750588967301697,0.15357786694775655,0.7766886763492903,0.275,-0.20744827760561746,1.0,0.4925,Scale Resources,Scale Resources,Scale Resources,0.275
random_0492,73.97345665235572,0.9133811065621014,0.5178785756685784,0.6727621761134135,0.1570254973341928,0.011809088179004612,0.32,-0.20835924298948905,1.0,0.524,Migrate VM,Migrate VM,Migrate VM,0.32000000000000006
random_0493,123.97349583044237,0.9140200632813119,0.7972621922722275,1.939587415501439,0.10076152112137304,0.5921787435056695,0.28,-0.2110118051016392,1.0,0.496,Scale Resources,Scale Resources,Scale Resources,0.28
random_0494,128.57523701538832,0.5429417057724074,0.32045488556345514,0.566931100486715,0.5738453020245975,0.1833181618695403,0.25,-0.21050169586244527,1.0,0.475,Scale Resources,Scale Resources,Scale Resources,0.25
random_0495,234.56671848605842,0.6508122650440348,0.12818207318280406,1.861188541753808,0.5057246994541248,0.8195279718843422,0.275,-0.20188243633979863,1.0,0.4925,Scale Resources,Scale Resources,Scale Resources,0.275
random_0496,326.9527153105317,0.7100009412225455,0.716130940992838,1.7501997941229452,0.6136054350469241,0.2782171517213896,0.285,-0.20897343730880835,1.0,0.49949999999999994,Scale Resources,Scale Resources,Scale Resources,0.2849999999999999
random_0497,49.754821432728576,0.6062506194501415,0.06635280377058106,0.4825869033790604,0.06070718460191171,0.5488875890065671,0.295,-0.1886848945165298,0.999725,0.5064175,Migrate VM,Migrate VM,Migrate VM,0.29527499999999995
random_0498,80.16906247143402,0.6104073194334733,0.7908651308632676,1.6437614415437247,0.30954350813762743,0.548954532694496,0.28,-0.2088679021839035,1.0,0.496,Scale Resources,Scale Resources,Scale Resources,0.28
random_0499,281.5053800431795,0.4728871821541666,0.6551138914247648,0.4201742476470671,0.9792432395867943,0.09807982709093244,0.245,-0.20779014228878534,1.0,0.4715,Scale Resources,Scale Resources,Scale Resources,0.245
random_0500,414.6105706015596,0.5940959869511878,0.24485474719371592,1.4913500013205996,0.08448089567707195,0.7744178344487831,0.275,-0.20795632024476685,1.0,0.4925,Scale Resources,Scale Resources,Scale Resources,0.275
random_0501,294.99261112150674,0.11075031839640159,0.07950556309237022,1.501672666872925,0.29293590650383716,0.8893018507672135,0.305,-0.1678548078810953,0.9991875,0.51325625,Migrate VM,Migrate VM,Migrate VM,0.30581250000000004
random_0502,381.036510515088,0.6981902447177161,0.27860605263345095,1.4178890380432358,0.948147684514834,0.09155983437056892,0.275,-0.21050169586244527,1.0,0.4925,Scale Resources,Scale Resources,Scale Resources,0.275
random_0503,163.081321001783,0.23467226546159414,0.3932501344006667,1.4846653097078928,0.47424258142538656,0.5707306061202463,0.26,-0.20440722962915492,1.0,0.482,Scale Resources,Scale Resources,Scale Resources,0.26
random_0504,157.07744403917118,0.14128926708710055,0.26693364893772853,1.719360602483974,0.6024169621534105,0.3779886731972337,0.28,-0.19352308650622496,0.9999375,0.49598125,Scale Resources,Scale Resources,Scale Resources,0.2800625
random_0505,394.9529908677938,0.06445743245490876,0.2538910879223857,0.46020630811467855,0.9853645621682221,0.7060985823927602,0.345,-0.1677283247797019,0.9991875,0.54125625,Migrate VM,Migrate VM,Migrate VM,0.34581249999999997
random_0506,308.8929681942771,0.004984965294472898,0.18431000208985737,1.2710825859461565,0.37971932648166573,0.9242803836790608,0.365,-0.12355236390250379,0.9941625,0.55374875,Migrate VM,Migrate VM,Migrate VM,0.37083750000000004
random_0507,382.36210957087894,0.44738407280411996,0.7495149775382705,1.950808647652443,0.4609808247014706,0.6425258878885334,0.285,-0.20795632024476685,1.0,0.49949999999999994,Scale Resources,Scale Resources,Scale Resources,0.2849999999999999
random_0508,459.3323075306476,0.24867466203617328,0.8865579136662783,0.19508941354596532,0.6484481705876465,0.7828381550557844,0.235,-0.20525392417297494,1.0,0.46449999999999997,Scale Resources,Scale Resources,Scale Resources,0.235
random_0509,307.30310962621303,0.49553480415254303,0.617347099925686,0.30332741755888915,0.21557071033021835,0.26989934395634196,0.235,-0.20897343730880835,1.0,0.46449999999999997,Scale Resources,Scale Resources,Scale Resources,0.235
random_0510,298.8896703150191,0.4419010737450705,0.24447584248583953,1.7656186642891603,0.3739218402932234,0.44603171922989115,0.285,-0.20744827760561746,1.0,0.49949999999999994,Scale Resources,Scale Resources,Scale Resources,0.2849999999999999
random_0511,204.8505382744973,0.18194295527675264,0.7316270154302333,0.896916524537716,0.016257109892718447,0.964013702359797,0.24,-0.18139486889169543,0.9996625,0.46789875,Scale Resources,Scale Resources,Scale Resources,0.24033749999999998
random_0512,407.8818057977068,0.7235593540918033,0.869091870518529,1.8136145072111005,0.33748970638443865,0.6109586784166986,0.285,-0.20948251219930525,1.0,0.49949999999999994,Scale Resources,Scale Resources,Scale Resources,0.2849999999999999
random_0513,304.40390460279707,0.26729966881059697,0.2219522514470672,0.22781450963804417,0.6593141959164528,0.7809189910307799,0.235,-0.20121377909078908,1.0,0.46449999999999997,Scale Resources,Scale Resources,Scale Resources,0.235
random_0514,380.4764897585019,0.31627537718497434,0.20525985046520223,0.9072283569092439,0.5468134602405106,0.9190871279685557,0.26,-0.20272627141333488,1.0,0.482,Scale Resources,Scale Resources,Scale Resources,0.26
random_0515,437.41157713702705,0.9160583313018277,0.8502623851359796,1.9291624088726225,0.46549999716905743,0.04747349743309437,0.285,-0.2120330595628358,1.0,0.49949999999999994,Scale Resources,Scale Resources,Scale Resources,0.2849999999999999
random_0516,41.78101607423912,0.39027614177234315,0.25768709127299727,0.33988118272213463,0.9532037745086486,0.19541958841062246,0.305,-0.2046427671023363,1.0,0.5135,Migrate VM,Migrate VM,Migrate VM,0.30499999999999994
random_0517,479.6896361576155,0.7608388403212071,0.6409456721252235,1.3520379201787567,0.331474323659124,0.6464270380582822,0.275,-0.20897343730880835,1.0,0.4925,Scale Resources,Scale Resources,Scale Resources,0.275
random_0518,93.34605914063265,0.9377054325359795,0.30179333996059354,0.5103730245870843,0.7111627981941575,0.6564487180661819,0.315,-0.2053145044288177,1.0,0.5205,Migrate VM,Migrate VM,Migrate VM,0.31499999999999995
random_0519,225.64945917165264,0.6324462346907863,0.15949307176085614,1.34665661480391,0.2706106951951939,0.2728359766764573,0.27,-0.2054195409101196,1.0,0.489,Scale Resources,Scale Resources,Scale Resources,0.27
random_0520,81.0899674718923,0.3323771350361646,0.3312510603113281,0.9083580234045385,0.1904195046663495,0.1930075361587663,0.32,-0.20565539732190408,1.0,0.524,Migrate VM,Migrate VM,Migrate VM,0.32000000000000006
random_0521,270.8692858316142,0.12887740467047515,0.6888970079888351,1.887894251725193,0.42679562166437823,0.9011053131506768,0.29,-0.19004219157122337,0.9998375,0.50295125,Migrate VM,Migrate VM,Migrate VM,0.2901624999999999
random_0522,49.15829556293222,0.04295762737564457,0.7213688775138399,1.522043145962993,0.8430582409657513,0.05681767839998142,0.33,-0.16608930486859752,0.9991875,0.53075625,Migrate VM,Migrate VM,Migrate VM,0.33081249999999995
random_0523,388.4535274784152,0.3765387327965818,0.3033376326821986,0.34604784268659383,0.996015755102527,0.06366358931886362,0.235,-0.20931599659957933,1.0,0.46449999999999997,Scale Resources,Scale Resources,Scale Resources,0.235
random_0524,413.50400730399974,0.6394944354905275,0.7350804442618671,1.4234342398435929,0.8584344850731825,0.1837920698561083,0.275,-0.21050169586244527,1.0,0.4925,Scale Resources,Scale Resources,Scale Resources,0.275
random_0525,0.4123084173426883,0.5985284890432662,0.35385863932333395,0.24757466223427538,0.18613875410423886,0.3317493124592229,0.305,-0.21610183003434635,1.0,0.5135,Migrate VM,Migrate VM,Migrate VM,0.30499999999999994
random_0526,35.116685443351614,0.05691320212845086,0.9160262548324442,0.6242054987073924,0.9822306974735849,0.9643670083303999,0.35,-0.16964027621104627,0.9991875,0.5447562499999999,Migrate VM,Migrate VM,Migrate VM,0.35081249999999997
random_0527,71.2856411635569,0.7149243028961909,0.6008048891270692,1.3812941462103072,0.09619100001447478,0.18856007863455804,0.275,-0.20835924298948905,1.0,0.4925,Scale Resources,Scale Resources,Scale Resources,0.275
random_0528,38.31933072544075,0.6041342052170712,0.9865910758490911,1.3439690753158828,0.7107615350219296,0.9845850415432811,0.275,-0.2015263004647112,1.0,0.4925,Scale Resources,Scale Resources,Scale Resources,0.275
random_0529,339.0057770858981,0.04018157262847033,0.8670056008565976,0.7293565807575926,0.004363621514715366,0.5072341775608206,0.39,-0.1473770997308853,0.9989125,0.5726737499999999,Migrate VM,Migrate VM,Migrate VM,0.39108750000000003
random_0530,468.50750043813184,0.2573306871949832,0.4915131730528399,0.3475537755647815,0.0576926716664401,0.08054494671311319,0.235,-0.20424183684848585,1.0,0.46449999999999997,Scale Resources,Scale Resources,Scale Resources,0.235
random_0531,363.5054529806777,0.864074470742149,0.1432988392524911,0.5766371356209374,0.19502946764482731,0.026855776926427932,0.25,-0.20390158744399833,1.0,0.475,Scale Resources,Scale Resources,Scale Resources,0.25
random_0532,276.7156849434918,0.6999221701376476,0.6478774808850705,0.7761070946044952,0.5550102459399053,0.09409930663622468,0.26,-0.20846470673492257,1.0,0.482,Scale Resources,Scale Resources,Scale Resources,0.26
random_0533,77.15185936134222,0.9317946195529834,0.7615077478198968,1.8454781916503347,0.9166802844993672,0.6493926171077407,0.29,-0.20632804424022888,1.0,0.503,Migrate VM,Migrate VM,Migrate VM,0.29000000000000004
random_0534,464.1193240560826,0.4167041030824632,0.0036162447849409363,0.12514223169231875,0.10948732570081521,0.09535345318286026,0.29,-0.12917086080981555,0.994225,0.5012675,Migrate VM,Migrate VM,Migrate VM,0.2957749999999999
random_0535,175.85119542513172,0.7012708071093576,0.790648806600495,1.1804265486892493,0.14643617455697955,0.7479016021481752,0.25,-0.20694057858490844,1.0,0.475,Scale Resources,Scale Resources,Scale Resources,0.25
random_0536,177.40095956879946,0.012993348671796245,0.28058862053274936,0.6612011082819558,0.2742455352181029,0.8118701531875856,0.45,-0.13390646949007046,0.99495,0.6134850000000001,Migrate VM,Migrate VM,Migrate VM,0.45504999999999995
random_0537,379.96319879704515,0.6955520304126415,0.1390050785122653,1.615667819412564,0.6771759616633237,0.19483768648139188,0.28,-0.20744827760561746,1.0,0.496,Scale Resources,Scale Resources,Scale Resources,0.28
random_0538,324.0469651407582,0.48351164100368105,0.43935006185622505,0.22424632694477764,0.5183042758451654,0.09993180897236364,0.23,-0.20880703433315417,1.0,0.46099999999999997,Scale Resources,Scale Resources,Scale Resources,0.22999999999999998
random_0539,82.12669362713332,0.1325463142747627,0.9541082790700076,0.5697293808877801,0.35520432359600773,0.3220806062960361,0.325,-0.19359380478049182,0.9999375,0.5274812499999999,Migrate VM,Migrate VM,Migrate VM,0.32506250000000003
random_0540,449.1252225890719,0.5629659113348885,0.9191598989333117,0.5998498116557911,0.11483467443194895,0.5562184527241746,0.25,-0.21152225959054594,1.0,0.475,Scale Resources,Scale Resources,Scale Resources,0.25
random_0541,172.76849589500875,0.8019068334907483,0.8794234089116586,0.9451470218141436,0.9713590240855083,0.5530130063444059,0.265,-0.20948251219930525,1.0,0.4855,Scale Resources,Scale Resources,Scale Resources,0.265
random_0542,135.46019669315623,0.4889755153442745,0.0373102924029276,1.6080023205261351,0.10143505085442095,0.30874848850300496,0.325,-0.17748512678695272,0.9992875,0.52728625,Migrate VM,Migrate VM,Migrate VM,0.32571250000000007
random_0543,282.6582735024717,0.04297512564689887,0.07931689918144824,1.3922327152260257,0.07177709306076874,0.4770828662473765,0.345,-0.13364450604061262,0.9949375,0.53998125,Migrate VM,Migrate VM,Migrate VM,0.35006249999999994
random_0544,169.34781671037518,0.22807940795641646,0.18877889786366542,1.5268225874651589,0.9515421931502825,0.14017974220333174,0.26,-0.20339628725371706,1.0,0.482,Scale Resources,Scale Resources,Scale Resources,0.26
random_0545,479.84060958706345,0.5947625034751037,0.6416604053632571,1.4198527562851637,0.704118890354581,0.8198111081856883,0.275,-0.20795632024476685,1.0,0.4925,Scale Resources,Scale Resources,Scale Resources,0.275
random_0546,241.73432567384873,0.5333585875147011,0.3238270024634159,0.2105151875662341,0.6646401909262191,0.03360996918625092,0.23,-0.20999193163945207,1.0,0.46099999999999997,Scale Resources,Scale Resources,Scale Resources,0.22999999999999998
random_0547,137.81752554168415,0.09422986444610026,0.19072715732271805,1.2774618257947616,0.6284766302049182,0.42105491299571207,0.265,-0.18057516549977137,0.9996625,0.48539875,Scale Resources,Scale Resources,Scale Resources,0.2653375
random_0548,45.08598824474558,0.43337391645940837,0.3527448718582934,1.4409183057118995,0.5790266081990517,0.49156576733699897,0.27,-0.20582110289773825,1.0,0.489,Scale Resources,Scale Resources,Scale Resources,0.27
random_0549,243.4910411524976,0.9662968872604188,0.7562942217034505,0.9939591209202556,0.4792226128889776,0.02647910130496345,0.255,-0.20846470673492257,1.0,0.4785,Scale Resources,Scale Resources,Scale Resources,0.255
random_0550,471.25463165990334,0.31917397176732965,0.25593908188074377,1.9988178507753427,0.7186896715045245,0.04736377329928798,0.285,-0.20795632024476685,1.0,0.49949999999999994,Scale Resources,Scale Resources,Scale Resources,0.2849999999999999
random_0551,30.942738512788225,0.02550156396019787,0.5996188995128691,0.14312900012390362,0.9333883568449306,0.9369065400226779,0.42,-0.14715177366694832,0.9989,0.5936699999999999,Migrate VM,Migrate VM,Migrate VM,0.42110000000000003
random_0552,273.0270333740399,0.6166389313959508,0.2918944015252498,0.12794508481654665,0.7374604451918155,0.10178598874901745,0.23,-0.20999193163945207,1.0,0.46099999999999997,Scale Resources,Scale Resources,Scale Resources,0.22999999999999998
random_0553,42.77882050919657,0.3112231092042238,0.01246565983788206,0.868071231512632,0.7076809100800767,0.801348931421939,0.32,-0.12281525553249628,0.9941375,0.52224125,Migrate VM,Migrate VM,Migrate VM,0.32586249999999994
random_0554,302.1536518994606,0.8468742031139126,0.4065022037671103,1.6975441701209533,0.5064733104983793,0.2230361279982953,0.285,-0.20897343730880835,1.0,0.49949999999999994,Scale Resources,Scale Resources,Scale Resources,0.2849999999999999
random_0555,472.072823330233,0.2749708738371165,0.02620148418779311,0.48534808591005385,0.36668756125742774,0.3513496832892641,0.315,-0.15541461672562717,0.999075,0.5202225,Migrate VM,Migrate VM,Migrate VM,0.315925
random_0556,262.33375472178585,0.8831268820359235,0.29233822710969914,1.0415412159183377,0.34013895368847935,0.8217730593732004,0.275,-0.20592621046933268,1.0,0.4925,Scale Resources,Scale Resources,Scale Resources,0.275
random_0557,78.80075664423919,0.1035102683100585,0.5029952532376017,1.3437751715309838,0.7955252010907665,0.5896248529053164,0.265,-0.18670686936150127,0.999725,0.4854175,Scale Resources,Scale Resources,Scale Resources,0.26527500000000004
random_0558,386.92488065950033,0.3927100585609238,0.032867670266468973,0.23219861580311307,0.03872260122899618,0.32894365047649265,0.28,-0.1697093962579953,0.9991875,0.49575625,Scale Resources,Scale Resources,Scale Resources,0.2808125
random_0559,247.74567063434117,0.3563174836569394,0.5605994750663922,0.9612182969855754,0.6779428018639403,0.6669621635634062,0.26,-0.20323111812667694,1.0,0.482,Scale Resources,Scale Resources,Scale Resources,0.26
random_0560,159.03207355433975,0.3462144553610915,0.5851478216413033,1.1928649357816836,0.3146999136371331,0.3303178857754252,0.25,-0.20846470673492257,1.0,0.475,Scale Resources,Scale Resources,Scale Resources,0.25
random_0561,347.02250659307356,0.6474108228760695,0.1350508046797747,0.8820837593507869,0.8927060787105903,0.036305676104475215,0.27,-0.20390158744399833,1.0,0.489,Scale Resources,Scale Resources,Scale Resources,0.27
random_0562,427.5819732421068,0.16317815706414363,0.5072486324617159,0.848672857846023,0.010129337341458822,0.915396937089632,0.265,-0.18346045389256604,0.9997125,0.48541375,Scale Resources,Scale Resources,Scale Resources,0.2652875
random_0563,227.46261366715282,0.954268276760615,0.28674390097921787,1.7325515468319448,0.9223895739956305,0.5568324163707806,0.275,-0.20897343730880835,1.0,0.4925,Scale Resources,Scale Resources,Scale Resources,0.275
random_0564,101.33889393385876,0.68524743210572,0.5489780665294601,1.8890593317052518,0.43927206181049183,0.268513647639822,0.29,-0.20835924298948905,1.0,0.503,Migrate VM,Migrate VM,Migrate VM,0.29000000000000004
random_0565,69.14350074705355,0.6986335686866795,0.9741096189805822,0.05668754114279695,0.7404453547781268,0.9269303625596667,0.31,-0.20734295647432532,1.0,0.517,Migrate VM,Migrate VM,Migrate VM,0.31000000000000005
random_0566,37.39076711367467,0.11017004510613315,0.6919570984497087,1.2959267517915767,0.0688274153162457,0.8344227521511565,0.265,-0.17958160435042658,0.9995875,0.48537624999999995,Scale Resources,Scale Resources,Scale Resources,0.26541250000000005
random_0567,261.7119239224462,0.9071973733366125,0.8779908809927044,1.6250155381003315,0.5158988962444213,0.25171064174943225,0.27,-0.20897343730880835,1.0,0.489,Scale Resources,Scale Resources,Scale Resources,0.27
random_0568,252.98775195556627,0.10081137780178007,0.6588461484734262,0.26795443845801525,0.5111729625007231,0.05438197416681778,0.28,-0.1809047912889058,0.9996625,0.49589875,Scale Resources,Scale Resources,Scale Resources,0.2803375
random_0569,149.75624513732294,0.23208046066978782,0.6200315427116705,1.5735734240450174,0.05730295454052614,0.8502836851553842,0.275,-0.1998687423678468,1.0,0.4925,Scale Resources,Scale Resources,Scale Resources,0.275
random_0570,430.38384747730225,0.3422690742880228,0.6590040659703221,0.8052260634068991,0.1541908821896315,0.5286624185631104,0.26,-0.20880703433315417,1.0,0.482,Scale Resources,Scale Resources,Scale Resources,0.26
random_0571,43.17983725079833,0.8784721553959879,0.9242897594096086,1.6432262740228072,0.5625281207559786,0.557598591125455,0.275,-0.20734295647432532,1.0,0.4925,Scale Resources,Scale Resources,Scale Resources,0.275
random_0572,492.3036883004649,0.24790168983118288,0.07594836590520748,1.1238818472023555,0.3287855978101033,0.32233877280804424,0.3,-0.19011257570825302,0.9998375,0.50995125,Migrate VM,Migrate VM,Migrate VM,0.3001624999999999
random_0573,3.542677084974022,0.596239409547933,0.26403370227561407,0.375717096385362,0.04043193139300372,0.3643615764756113,0.305,-0.21149234748803225,1.0,0.5135,Migrate VM,Migrate VM,Migrate VM,0.30499999999999994
random_0574,439.4844361932287,0.33667080759737233,0.6790742101195937,1.5130939268038146,0.32810080919019957,0.8216407350120413,0.275,-0.2064332229502308,1.0,0.4925,Scale Resources,Scale Resources,Scale Resources,0.275
random_0575,345.93982983347456,0.5592422287009515,0.0009924640506289162,0.07018153184561626,0.9908658441060634,0.7822839235035594,0.28,-0.12282341851911216,0.9941375,0.49424125,Scale Resources,Scale Resources,Scale Resources,0.2858625
random_0576,468.7826293864735,0.9023032049180275,0.020442983142750837,1.5836945795821478,0.4511457440111546,0.7895582040006557,0.27,-0.14348624991302805,0.9988375,0.48865125,Scale Resources,Scale Resources,Scale Resources,0.2711625
random_0577,3.3578920816925706,0.28819930120056425,0.7513237757913022,1.5860415772031795,0.619714601214624,0.30125618944626376,0.285,-0.20858411517966768,1.0,0.49949999999999994,Scale Resources,Scale Resources,Scale Resources,0.2849999999999999
random_0578,155.18129564393146,0.9667639636420327,0.4392121792342045,0.8942511004876741,0.5523327502406995,0.40950233686438875,0.265,-0.20999193163945207,1.0,0.4855,Scale Resources,Scale Resources,Scale Resources,0.265
random_0579,276.3357822987071,0.4323354227675579,0.8267149196021867,1.818102039596568,0.9321102598153617,0.5642962058293866,0.275,-0.20744827760561746,1.0,0.4925,Scale Resources,Scale Resources,Scale Resources,0.275
random_0580,221.07427873224768,0.7052400587918379,0.8383235912959066,1.1259644841327543,0.6999810218222613,0.749729350721248,0.305,-0.20592621046933268,1.0,0.5135,Migrate VM,Migrate VM,Migrate VM,0.30499999999999994
random_0581,338.1968883586434,0.7461335557293095,0.20864533255599838,0.996749094043595,0.5882685546050872,0.0024779308570230807,0.255,-0.20744827760561746,1.0,0.4785,Scale Resources,Scale Resources,Scale Resources,0.255
random_0582,427.981254406841,0.6100245084449121,0.12913633169820327,1.6327141451516543,0.7170569664405446,0.758299543463637,0.275,-0.204913214040654,1.0,0.4925,Scale Resources,Scale Resources,Scale Resources,0.275
random_0583,196.0212309309281,0.8542025066949921,0.41402758213236224,1.1410183058911827,0.0006423036998737253,0.6448731146778622,0.285,-0.19624052944885995,0.9999875,0.49949625,Scale Resources,Scale Resources,Scale Resources,0.2850124999999999
random_0584,359.08789606396834,0.5671093654887923,0.49655881704361604,1.6198729474234166,0.6813727171652418,0.278074039720023,0.28,-0.20897343730880835,1.0,0.496,Scale Resources,Scale Resources,Scale Resources,0.28
random_0585,479.53666903999294,0.7072671941953408,0.9879389289124246,1.9425226325377367,0.9189097228100899,0.7553715412253076,0.285,-0.20948251219930525,1.0,0.49949999999999994,Scale Resources,Scale Resources,Scale Resources,0.2849999999999999
random_0586,304.7146842484837,0.17217066368292422,0.5433514174237577,1.5307530447886546,0.5208571587055678,0.8682391284056578,0.27,-0.18905067442630719,0.999725,0.4889175,Scale Resources,Scale Resources,Scale Resources,0.27027500000000004
random_0587,54.827949595849134,0.3809403480486341,0.5059644185936573,0.8646505917382161,0.10858654782155308,0.15352829404463053,0.31,-0.20565539732190408,1.0,0.517,Migrate VM,Migrate VM,Migrate VM,0.31000000000000005
random_0588,418.80864642774355,0.484384259201451,0.04872242675272764,0.03298251795529983,0.4734754019943266,0.1643787259244437,0.265,-0.18763605855153764,0.999725,0.4854175,Scale Resources,Scale Resources,Scale Resources,0.26527500000000004
random_0589,352.5629729996109,0.7953234625277513,0.2282967084571056,1.1843538897635615,0.154444643485386,0.303582651594387,0.26,-0.20846470673492257,1.0,0.482,Scale Resources,Scale Resources,Scale Resources,0.26
random_0590,444.3977470907167,0.5440980914823108,0.8858886951442001,0.4504956083590139,0.33002434324866603,0.47095213845681705,0.25,-0.2120330595628358,1.0,0.475,Scale Resources,Scale Resources,Scale Resources,0.25
random_0591,240.04003759727144,0.9976479671837004,0.11444531897113008,1.7039300712031815,0.8636820394218702,0.5531986315377874,0.285,-0.201777896146055,1.0,0.49949999999999994,Scale Resources,Scale Resources,Scale Resources,0.2849999999999999
random_0592,172.01858412957688,0.5192261042882962,0.2924677048065638,1.598214896879879,0.49827915871033013,0.9258421788774506,0.27,-0.20592621046933268,1.0,0.489,Scale Resources,Scale Resources,Scale Resources,0.27
random_0593,311.3456721780219,0.5143193331146834,0.7110693539776523,1.0078659288604686,0.9045063504194472,0.1844459608868413,0.27,-0.20846470673492257,1.0,0.489,Scale Resources,Scale Resources,Scale Resources,0.27
random_0594,486.6743418729528,0.812190551851192,0.8607333618648696,0.9658156647421423,0.8372015493375974,0.30677408357720515,0.255,-0.21152225959054594,1.0,0.4785,Scale Resources,Scale Resources,Scale Resources,0.255
random_0595,380.9740892820876,0.14045015838902264,0.3070519159625087,0.8914653267194657,0.32231971814342186,0.3870171156241836,0.275,-0.19435745414631167,0.999975,0.4924925,Scale Resources,Scale Resources,Scale Resources,0.2750250000000001
random_0596,410.052372391849,0.25667589214216757,0.7452811721545722,0.1474241382233037,0.7657391075150608,0.792023242829773,0.235,-0.20525392417297494,1.0,0.46449999999999997,Scale Resources,Scale Resources,Scale Resources,0.235
random_0597,200.849387751241,0.7224778231674704,0.9151384037450991,1.6014259471090537,0.3904465103969599,0.4842135142800644,0.26,-0.20795632024476685,1.0,0.482,Scale Resources,Scale Resources,Scale Resources,0.26
random_0598,389.6787723929027,0.29259458984912357,0.8038827403088735,0.6561422851218823,0.8059905823855381,0.08680044335072334,0.24,-0.20626738195335337,1.0,0.46799999999999997,Scale Resources,Scale Resources,Scale Resources,0.24
random_0599,22.198648455295068,0.9976754473698223,0.869457123234689,1.7656950069324078,0.9512799476066175,0.43831630941448785,0.285,-0.20658202497341338,1.0,0.49949999999999994,Scale Resources,Scale Resources,Scale Resources,0.2849999999999999
random_0600,143.4177773400761,0.130024995017903,0.5012091335384645,0.44009664095321566,0.9355508567393197,0.004003162442779096,0.27,-0.191866601118602,0.9999,0.48897,Scale Resources,Scale Resources,Scale Resources,0.2701
random_0601,71.5983688715608,0.2464758530834268,0.19895671159319506,0.4515568731594206,0.6560476050611784,0.3275120783131492,0.31,-0.20262161282194713,1.0,0.517,Migrate VM,Migrate VM,Migrate VM,0.31000000000000005
random_0602,307.51219095168665,0.8902579336462912,0.602556765525702,1.389065582572763,0.3655032982213573,0.15973846762270916,0.275,-0.20846470673492257,1.0,0.4925,Scale Resources,Scale Resources,Scale Resources,0.275
random_0603,160.29203122495306,0.9642826487041081,0.6218113844531371,0.5550222388680304,0.45091526716210384,0.8355130374309944,0.245,-0.20744827760561746,1.0,0.4715,Scale Resources,Scale Resources,Scale Resources,0.245
random_0604,334.22178535288674,0.5606528407291682,0.8851628766338411,1.3448791444335806,0.6427297307910954,0.18976813721076813,0.275,-0.20846470673492257,1.0,0.4925,Scale Resources,Scale Resources,Scale Resources,0.275
random_0605,53.19434150620389,0.965142117057399,0.5988583701003527,0.8313668182928582,0.5890208209102176,0.06181196107171538,0.31,-0.20835924298948905,1.0,0.517,Migrate VM,Migrate VM,Migrate VM,0.31000000000000005
random_0606,411.0636369520534,0.21664553556433597,0.804546006317947,1.0687568865272212,0.27657201365690276,0.03020994824207046,0.27,-0.20626738195335337,1.0,0.489,Scale Resources,Scale Resources,Scale Resources,0.27
random_0607,407.91667766330283,0.17646014146930666,0.051805115639873445,1.5117554616517617,0.3500432223729788,0.38933400559165,0.29,-0.1732669806914673,0.9992,0.50276,Migrate VM,Migrate VM,Migrate VM,0.29079999999999995
random_0608,123.53379364035949,0.8591784786968971,0.29732952610653207,0.4203851395020477,0.3092497263361561,0.20314957516739696,0.25,-0.2110118051016392,1.0,0.475,Scale Resources,Scale Resources,Scale Resources,0.25
random_0609,158.82761040260374,0.08293622286817304,0.15853002911945835,0.8341057667922958,0.8794668555898764,0.057290746722285846,0.315,-0.17553576527639014,0.99925,0.5202749999999999,Migrate VM,Migrate VM,Migrate VM,0.31575
random_0610,106.33735338001532,0.9083456755415963,0.8900146741599216,1.3589016665918825,0.24047355409523796,0.41981056105578574,0.29,-0.20785092783052672,1.0,0.503,Migrate VM,Migrate VM,Migrate VM,0.29000000000000004
random_0611,105.61049721898253,0.12858850912520325,0.3799983945138915,1.1516432101407004,0.35993267546480523,0.6108245504659697,0.32,-0.19060888527996744,0.9998625,0.52395875,Migrate VM,Migrate VM,Migrate VM,0.32013749999999996
random_0612,148.12736768965274,0.3458505277607903,0.7906735916446096,1.756629461787716,0.32203408153105206,0.5715158013452762,0.28,-0.20897343730880835,1.0,0.496,Scale Resources,Scale Resources,Scale Resources,0.28
random_0613,139.081141946134,0.05333464170742752,0.737857181360408,0.34200696647230067,0.42571252374691715,0.4870454933791568,0.345,-0.17062017144793595,0.9991875,0.54125625,Migrate VM,Migrate VM,Migrate VM,0.34581249999999997
random_0614,92.23579208955296,0.09455535066339626,0.3480130146710706,1.9045718151006368,0.6151355899884214,0.3814102284029025,0.285,-0.18522685958654428,0.999725,0.49941749999999996,Scale Resources,Scale Resources,Scale Resources,0.28527499999999995
random_0615,19.455410387107463,0.6002732813910818,0.09225764093537259,1.0850881420950527,0.7519505082717429,0.42358534829478633,0.315,-0.1954007654639559,0.999975,0.5204925,Migrate VM,Migrate VM,Migrate VM,0.3150250000000001
random_0616,149.7057474082622,0.0473842338175986,0.024777875161596796,0.8600531392910424,0.8833452707029679,0.24406277879319038,0.4,-0.08991893933188833,0.9899249999999999,0.5769774999999999,Migrate VM,Migrate VM,Migrate VM,0.4100750000000001
random_0617,287.0277528909106,0.6843058196797618,0.060829867501361434,0.3062007516067542,0.33127679341956706,0.6700931741485705,0.27,-0.18483633866122662,0.999725,0.4889175,Scale Resources,Scale Resources,Scale Resources,0.27027500000000004
random_0618,219.51755611404843,0.7341950682182453,0.8675978655731925,1.5167445531970858,0.9922472073132491,0.7543610687316497,0.265,-0.2054195409101196,1.0,0.4855,Scale Resources,Scale Resources,Scale Resources,0.265
random_0619,426.08959750372526,0.832366358465001,0.7302657622800466,1.6036036333117811,0.9346832278674102,0.4752073785262926,0.28,-0.2120330595628358,1.0,0.496,Scale Resources,Scale Resources,Scale Resources,0.28
random_0620,319.14351195627177,0.5149397215727727,0.851036987192073,0.8627192057430146,0.8197267711447329,0.7993545750571388,0.265,-0.20592621046933268,1.0,0.4855,Scale Resources,Scale Resources,Scale Resources,0.265
random_0621,480.94305068429526,0.24892069925741878,0.7096195098859123,1.5138389952949725,0.9362784928046657,0.9069024180555311,0.275,-0.20390158744399833,1.0,0.4925,Scale Resources,Scale Resources,Scale Resources,0.275
random_0622,286.7629308542242,0.5791531858639798,0.1672912284042294,1.9499254048475423,0.25501746270342684,0.7247362184512921,0.285,-0.20339628725371706,1.0,0.49949999999999994,Scale Resources,Scale Resources,Scale Resources,0.2849999999999999
random_0623,397.89750240265624,0.44121550461138104,0.211193720029058,0.3779207684393735,0.8564960009015917,0.5107564867485148,0.235,-0.20829841630716606,1.0,0.46449999999999997,Scale Resources,Scale Resources,Scale Resources,0.235
random_0624,45.06849101913335,0.7170194727628887,0.2501710528050296,1.7527895015017585,0.30957178602997526,0.20027083009014313,0.285,-0.2088679021839035,1.0,0.49949999999999994,Scale Resources,Scale Resources,Scale Resources,0.2849999999999999
random_0625,42.42922177746716,0.5115311366376475,0.4507375878182873,1.5026242892062858,0.4646025871930364,0.34381596892437105,0.265,-0.20582110289773825,1.0,0.4855,Scale Resources,Scale Resources,Scale Resources,0.265
random_0626,130.82745781647205,0.2781467454699711,0.927847901827814,0.33015720417562466,0.9881764245571502,0.32691945519222476,0.235,-0.2057604816402544,1.0,0.46449999999999997,Scale Resources,Scale Resources,Scale Resources,0.235
random_0627,44.19511770874873,0.24869038078786498,0.0584143795546187,1.5800595383278317,0.5125529125411055,0.3369866188668009,0.28,-0.18178516354844498,0.999675,0.49590249999999997,Scale Resources,Scale Resources,Scale Resources,0.28032500000000005
random_0628,331.02480231578124,0.6306465259503202,0.9398720892275902,1.9225210334967593,0.6806837756654053,0.8178159272441685,0.285,-0.2064332229502308,1.0,0.49949999999999994,Scale Resources,Scale Resources,Scale Resources,0.2849999999999999
random_0629,396.21255016758926,0.4913035326998998,0.7044582880334169,0.15651801536714038,0.7580210831503069,0.9618330071923676,0.23,-0.21050169586244527,1.0,0.46099999999999997,Scale Resources,Scale Resources,Scale Resources,0.22999999999999998
random_0630,42.487376562869215,0.8361157845918545,0.9329800266492713,0.4523777796041242,0.5248111876092038,0.9278582254629885,0.305,-0.204808248601562,1.0,0.5135,Migrate VM,Migrate VM,Migrate VM,0.30499999999999994
random_0631,480.113002261484,0.12788238435231636,0.34900422555545063,1.3962892823017132,0.2215584993859303,0.3247706286344808,0.3,-0.19302480589270654,0.999925,0.5099775,Migrate VM,Migrate VM,Migrate VM,0.3000750000000001
random_0632,11.645530002346637,0.1535216809311989,0.5623294944177438,1.3061801326083655,0.6489118310958369,0.7783604707782167,0.275,-0.19447626962839903,0.999975,0.4924925,Scale Resources,Scale Resources,Scale Resources,0.2750250000000001
random_0633,207.64070686939573,0.2734907162411555,0.015580700042524986,0.4132596521047738,0.31238781220203726,0.17820685648046553,0.27,-0.12359618094140767,0.9941625,0.48724874999999995,Scale Resources,Scale Resources,Scale Resources,0.27583750000000007
random_0634,10.072235748301129,0.15744760866519159,0.6660995535675723,1.2591708329451916,0.9356836393980424,0.7981682913973093,0.29,-0.19697596593578304,0.9999875,0.50299625,Migrate VM,Migrate VM,Migrate VM,0.2900125
random_0635,283.8780584205956,0.13755634749321133,0.5640718189251569,0.12319012182836153,0.4308848974108528,0.39025862894719543,0.26,-0.19236409784146524,0.999925,0.48197749999999995,Scale Resources,Scale Resources,Scale Resources,0.26007500000000006
random_0636,213.90690468147082,0.2798259183947872,0.6858304476238237,1.681888934597559,0.7685169925989775,0.6277520957908803,0.275,-0.20289132882700012,1.0,0.4925,Scale Resources,Scale Resources,Scale Resources,0.275
random_0637,269.17239966650664,0.03108418000803037,0.7229339986919212,1.0899658791569948,0.2707410506638869,0.32784203885344165,0.365,-0.154905162593721,0.99905,0.555215,Migrate VM,Migrate VM,Migrate VM,0.36595
random_0638,467.80339323487067,0.624362245117227,0.4759124346575283,1.2418434794168154,0.413742324985657,0.4701822732030162,0.275,-0.21152225959054594,1.0,0.4925,Scale Resources,Scale Resources,Scale Resources,0.275
random_0639,145.1546283538352,0.4398533005916445,0.6855922324379105,0.07988385017293842,0.7950274072961548,0.28297954086131283,0.235,-0.20880703433315417,1.0,0.46449999999999997,Scale Resources,Scale Resources,Scale Resources,0.235
random_0640,341.2798967162499,0.64272531468006,0.6526280491413053,1.2162578325116058,0.9591018380695349,0.5083441626953908,0.265,-0.20846470673492257,1.0,0.4855,Scale Resources,Scale Resources,Scale Resources,0.265
random_0641,366.1595577576757,0.7054493312345776,0.23626757727833037,0.5666116783736512,0.42401709815696786,0.27769793046320923,0.245,-0.20846470673492257,1.0,0.4715,Scale Resources,Scale Resources,Scale Resources,0.245
random_0642,183.37154946497986,0.39096061392830594,0.603864560938344,0.43978008547012326,0.8042918658766873,0.4375363567715046,0.245,-0.20728221204533992,1.0,0.4715,Scale Resources,Scale Resources,Scale Resources,0.245
random_0643,353.1220558416234,0.08144248124081788,0.4699653941243669,0.05643906435465662,0.6759099918155648,0.34371007699706957,0.295,-0.17748351661961015,0.9992875,0.5062862499999999,Migrate VM,Migrate VM,Migrate VM,0.29571250000000004
random_0644,474.6264070529143,0.3241242146014194,0.5638058980177268,0.5147751513892294,0.6201126289473403,0.4670423501332346,0.245,-0.20880703433315417,1.0,0.4715,Scale Resources,Scale Resources,Scale Resources,0.245
random_0645,185.31413075281645,0.20368934908017988,0.1115213439714553,0.23975826791334653,0.9990400175055532,0.4123107268572347,0.23,-0.19859567713623416,1.0,0.46099999999999997,Scale Resources,Scale Resources,Scale Resources,0.22999999999999998
random_0646,0.9648539366697295,0.9529287906260143,0.01997992422981265,0.8371722511090673,0.7174775859706559,0.9145992443717617,0.365,-0.13983400887816344,0.998,0.5549,Migrate VM,Migrate VM,Migrate VM,0.367
random_0647,356.44314571605054,0.4636257549000118,0.9744420389841034,0.07863876606654085,0.986892202538008,0.8493915517084389,0.23,-0.20626738195335337,1.0,0.46099999999999997,Scale Resources,Scale Resources,Scale Resources,0.22999999999999998
random_0648,464.4650085631796,0.25477242409753664,0.14245807228426977,1.3266305587454001,0.51585943798612,0.5231679607443794,0.275,-0.20289132882700012,1.0,0.4925,Scale Resources,Scale Resources,Scale Resources,0.275
random_0649,462.3095892416088,0.6200809066532622,0.3110638351045899,0.8001331128357521,0.13349583509185126,0.19231404027568932,0.265,-0.21152225959054594,1.0,0.4855,Scale Resources,Scale Resources,Scale Resources,0.265
random_0650,71.67503510476925,0.8102913412113545,0.7048734679721188,1.0606900352217037,0.37436783362757076,0.6684942903243505,0.335,-0.20582110289773825,1.0,0.5345,Migrate VM,Migrate VM,Migrate VM,0.33499999999999996
random_0651,406.4526738478805,0.881233215671709,0.5470162282063336,1.6397702436394017,0.511305953412695,0.47453008918789086,0.28,-0.2120330595628358,1.0,0.496,Scale Resources,Scale Resources,Scale Resources,0.28
random_0652,432.7159278110501,0.386373936264664,0.39591267904070226,0.6098226905698323,0.5187017282946167,0.5448500336894607,0.25,-0.20880703433315417,1.0,0.475,Scale Resources,Scale Resources,Scale Resources,0.25
random_0653,330.23057265522846,0.4305023101095705,0.21783729188359935,1.7336841248277517,0.3460008672380144,0.9229434198401747,0.29,-0.20390158744399833,1.0,0.503,Migrate VM,Migrate VM,Migrate VM,0.29000000000000004
random_0654,103.67666651322787,0.5600574762362305,0.5366150935294522,1.6572956958539906,0.13885138675082975,0.9099371729174613,0.285,-0.20582110289773825,1.0,0.49949999999999994,Scale Resources,Scale Resources,Scale Resources,0.2849999999999999
random_0655,265.7140860860351,0.5861093839143664,0.5101662932977671,0.07204981367253294,0.4970906618065981,0.26354966267699054,0.23,-0.20999193163945207,1.0,0.46099999999999997,Scale Resources,Scale Resources,Scale Resources,0.22999999999999998
random_0656,171.34409018891571,0.6491015991871399,0.49769712947410594,0.18643642533492089,0.07304127476175892,0.18565769561737033,0.23,-0.20846470673492257,1.0,0.46099999999999997,Scale Resources,Scale Resources,Scale Resources,0.22999999999999998
random_0657,95.44257328611184,0.6083007569713649,0.1778144640455428,1.7634388465495412,0.20976066061341314,0.09113144542638263,0.29,-0.20582110289773825,1.0,0.503,Migrate VM,Migrate VM,Migrate VM,0.29000000000000004
random_0658,437.87300817982344,0.295327576076733,0.4254226298337358,1.9180527680248847,0.9443692191577738,0.7149168892649178,0.285,-0.2054195409101196,1.0,0.49949999999999994,Scale Resources,Scale Resources,Scale Resources,0.2849999999999999
random_0659,34.46947586627736,0.5933401254113975,0.9890779350422578,1.893832456847961,0.10600249251994287,0.39596730309036865,0.285,-0.20658202497341338,1.0,0.49949999999999994,Scale Resources,Scale Resources,Scale Resources,0.2849999999999999
random_0660,157.76837295141965,0.12972810690490555,0.6947983112487609,0.5476967287204735,0.3448658031252978,0.09035887670141796,0.27,-0.19136944088136953,0.9999,0.48897,Scale Resources,Scale Resources,Scale Resources,0.2701
random_0661,248.9837793893328,0.15816786365205648,0.4320904235794891,0.286684444206603,0.9538498899501457,0.1449825331971426,0.235,-0.191866601118602,0.9999,0.46447,Scale Resources,Scale Resources,Scale Resources,0.23509999999999998
random_0662,260.9435769253166,0.1969798253189875,0.07636180347260924,0.40461723768419633,0.05477410739043609,0.13939738312098882,0.23,-0.18516790512796388,0.999725,0.4609175,Scale Resources,Scale Resources,Scale Resources,0.230275
random_0663,246.74207888160848,0.6518155210575742,0.08733981507178346,0.882037247808537,0.581247022853352,0.2342256762110615,0.27,-0.19625409975519992,0.9999875,0.48899625,Scale Resources,Scale Resources,Scale Resources,0.2700125
random_0664,186.03920575801268,0.07183486973360864,0.2201310802330949,0.93350585183788,0.9904421789253223,0.9962650629391334,0.34,-0.1572140571807863,0.9991125,0.5377337499999999,Migrate VM,Migrate VM,Migrate VM,0.3408875
random_0665,489.810840562144,0.4230863863003276,0.08068037841466502,0.647146874498667,0.23771437537097728,0.014126574909854583,0.26,-0.19559049360432368,0.9999875,0.48199625,Scale Resources,Scale Resources,Scale Resources,0.2600125
random_0666,47.6168051441877,0.4531919350490661,0.339662463804297,0.3607074432689661,0.7160999706587471,0.35711559589661857,0.305,-0.2076847731908058,1.0,0.5135,Migrate VM,Migrate VM,Migrate VM,0.30499999999999994
random_0667,425.9339278732722,0.24097716026311733,0.5383934900866247,0.36827843429836493,0.495300616385842,0.1524665089783862,0.23,-0.20677462534431512,1.0,0.46099999999999997,Scale Resources,Scale Resources,Scale Resources,0.22999999999999998
random_0668,80.78931218576096,0.6122233770420157,0.26378604217576673,0.3447344531284946,0.9297682501350731,0.04300325074005107,0.32,-0.2088679021839035,1.0,0.524,Migrate VM,Migrate VM,Migrate VM,0.32000000000000006
random_0669,282.57405634794355,0.5482638418332653,0.2506088744030598,0.9055434902256356,0.08773778308263547,0.7212701459238856,0.265,-0.20592621046933268,1.0,0.4855,Scale Resources,Scale Resources,Scale Resources,0.265
random_0670,110.8485741884116,0.1933853598265559,0.31487847827750304,1.804739840526284,0.7964666482835426,0.9468922911337576,0.295,-0.20026732684439663,1.0,0.5065,Migrate VM,Migrate VM,Migrate VM,0.29499999999999993
random_0671,325.9811730165427,0.6629215110320876,0.48003099942621696,1.810372646733951,0.510877149270329,0.35506007079502466,0.285,-0.20897343730880835,1.0,0.49949999999999994,Scale Resources,Scale Resources,Scale Resources,0.2849999999999999
random_0672,320.18750495883256,0.5461394934009635,0.12401981530989548,0.7854508278248591,0.31332541109448,0.8468337750111318,0.265,-0.19875982052468166,1.0,0.4855,Scale Resources,Scale Resources,Scale Resources,0.265
random_0673,189.42127848655437,0.8215552326388926,0.44238959390094557,1.50700112689122,0.13528192851118992,0.9246502196584624,0.26,-0.20592621046933268,1.0,0.482,Scale Resources,Scale Resources,Scale Resources,0.26
random_0674,240.27994539945914,0.2597982456263064,0.24148960636480687,0.5301545771499439,0.36672417291796766,0.7175195326756167,0.24,-0.20071029681979813,1.0,0.46799999999999997,Scale Resources,Scale Resources,Scale Resources,0.24
random_0675,474.80152145039676,0.6690374301236321,0.5471662709441008,0.8971956160342693,0.8281944670376165,0.8496572024460699,0.27,-0.20897343730880835,1.0,0.489,Scale Resources,Scale Resources,Scale Resources,0.27
random_0676,146.51883721640928,0.9534202486534301,0.3951153632063821,1.6001561383830556,0.9668198780822334,0.7036581008556112,0.275,-0.2064332229502308,1.0,0.4925,Scale Resources,Scale Resources,Scale Resources,0.275
random_0677,80.77536322559686,0.5861369551739308,0.11877712309557842,1.5782840797378526,0.28131517387388294,0.6952148230600186,0.265,-0.1991578101630227,1.0,0.4855,Scale Resources,Scale Resources,Scale Resources,0.265
random_0678,455.04483706509944,0.1810098506701724,0.39285783860116674,1.2942375761471325,0.41965859280950113,0.17481894162471523,0.27,-0.19852447876951285,1.0,0.489,Scale Resources,Scale Resources,Scale Resources,0.27
random_0679,14.535807084398499,0.4065981437019629,0.6492090265819204,1.1479684163049773,0.15624123976064241,0.45069344386738663,0.315,-0.20841779833484464,1.0,0.5205,Migrate VM,Migrate VM,Migrate VM,0.31499999999999995
random_0680,184.7355230906264,0.27420240229339987,0.7292712438603892,0.6193040600543687,0.5401419523330292,0.9232235352696165,0.24,-0.20171760212625978,1.0,0.46799999999999997,Scale Resources,Scale Resources,Scale Resources,0.24
random_0681,269.63799112679123,0.6170229101605608,0.0732459861675514,0.3562682874834726,0.10095119929811347,0.7648129483558401,0.255,-0.18829251965666727,0.999725,0.4784175,Scale Resources,Scale Resources,Scale Resources,0.25527500000000003
random_0682,417.9605404584212,0.18645529319457765,0.21927175092309104,0.6464145789855658,0.5910776169538354,0.6217961938000195,0.24,-0.19385860920199705,0.9999625,0.46798874999999995,Scale Resources,Scale Resources,Scale Resources,0.24003750000000001
random_0683,343.3769792707288,0.9051927562134626,0.29504014049653815,1.3175179784135513,0.5597228457776922,0.3058372404125671,0.275,-0.20846470673492257,1.0,0.4925,Scale Resources,Scale Resources,Scale Resources,0.275
random_0684,453.7075932968367,0.0954834119592175,0.7120010268320515,1.455747426045204,0.9153265276899616,0.5185805923513536,0.31,-0.1830277556896046,0.9997125,0.51691375,Migrate VM,Migrate VM,Migrate VM,0.31028750000000005
random_0685,160.81116910962297,0.8277406698600205,0.7708102818323926,1.0006312288389407,0.7678573756338111,0.2678756020772608,0.26,-0.20999193163945207,1.0,0.482,Scale Resources,Scale Resources,Scale Resources,0.26
random_0686,294.75316520173396,0.8651834547878755,0.3179845046165125,0.9670999648614864,0.9510448541728894,0.7982118419717367,0.25,-0.20592621046933268,1.0,0.475,Scale Resources,Scale Resources,Scale Resources,0.25
random_0687,443.51951016527636,0.38524706089044636,0.9965052596345588,0.30513120936762594,0.518770583216309,0.4792733822962494,0.24,-0.20931599659957933,1.0,0.46799999999999997,Scale Resources,Scale Resources,Scale Resources,0.24
random_0688,399.2160954000673,0.908617772515012,0.7311393769080597,1.2536324722606056,0.4274291908485037,0.5103259170757342,0.265,-0.21152225959054594,1.0,0.4855,Scale Resources,Scale Resources,Scale Resources,0.265
random_0689,254.6501566124109,0.020368473684377664,0.5030458048276777,1.7119416003482497,0.7092740111422482,0.7957086221250048,0.415,-0.14199024423142115,0.9986375,0.59009125,Migrate VM,Migrate VM,Migrate VM,0.41636249999999997
random_0690,195.24249488426048,0.5289732369129581,0.03348356899710048,0.7659958843386871,0.474416044892644,0.25520889959908166,0.29,-0.1708326885893916,0.9991875,0.50275625,Migrate VM,Migrate VM,Migrate VM,0.2908124999999999
random_0691,15.620489495324907,0.6904081087789521,0.4350877508488432,0.8313563862244684,0.2499867540285089,0.5378303989980171,0.31,-0.20858411517966768,1.0,0.517,Migrate VM,Migrate VM,Migrate VM,0.31000000000000005
random_0692,219.01339063536574,0.47398447302909097,0.580871348436382,0.012649294479470718,0.9076959035384226,0.07108739694508126,0.23,-0.20931599659957933,1.0,0.46099999999999997,Scale Resources,Scale Resources,Scale Resources,0.22999999999999998
random_0693,225.46237365799726,0.20737287523938142,0.5237823693698753,0.5604602175942757,0.8600064980626039,0.39635983396242025,0.235,-0.20323111812667694,1.0,0.46449999999999997,Scale Resources,Scale Resources,Scale Resources,0.235
random_0694,319.3777778842187,0.24887972814787895,0.019406150494017504,0.8083090712265522,0.5364864895582901,0.4595471512617503,0.325,-0.12590860232051382,0.9941875,0.5257562499999999,Migrate VM,Migrate VM,Migrate VM,0.33081249999999995
random_0695,481.00718190942996,0.7068391738460283,0.9956698006253952,0.5901201806279439,0.7890532796071466,0.5555584675466139,0.25,-0.21152225959054594,1.0,0.475,Scale Resources,Scale Resources,Scale Resources,0.25
random_0696,305.8801772242497,0.9858532004423277,0.653987199751117,1.7976337846738357,0.725750234719247,0.12738612172475006,0.285,-0.20897343730880835,1.0,0.49949999999999994,Scale Resources,Scale Resources,Scale Resources,0.2849999999999999
random_0697,349.7118551611563,0.48431558868548197,0.9187979929823424,1.6136688943809103,0.10413468760722522,0.13391564365355846,0.28,-0.20897343730880835,1.0,0.496,Scale Resources,Scale Resources,Scale Resources,0.28
random_0698,34.805500899302785,0.4932448747446174,0.08077175920735302,1.447356673149388,0.5523585814504327,0.8358850175531424,0.26,-0.19191099867135053,0.9999,0.48197,Scale Resources,Scale Resources,Scale Resources,0.2601
random_0699,139.89789433565812,0.5191407841611407,0.11747968591054436,1.769220005300561,0.1750049622898383,0.102362251350405,0.285,-0.204808248601562,1.0,0.49949999999999994,Scale Resources,Scale Resources,Scale Resources,0.2849999999999999
random_0700,102.52529926159166,0.8062314887229814,0.1058145276846828,1.2288549896763319,0.7461813006151257,0.7510811604828711,0.28,-0.19715148000120952,0.9999875,0.49599625,Scale Resources,Scale Resources,Scale Resources,0.2800125
random_0701,95.03044330406557,0.06162399837761201,0.4488063837722176,0.4049706904890922,0.699270809013938,0.356692799655421,0.365,-0.17181352660813198,0.9991875,0.55525625,Migrate VM,Migrate VM,Migrate VM,0.3658125
random_0702,224.67697051656603,0.11348493310171182,0.5675502865481917,0.3710483792638146,0.6789856609149371,0.0711688225478937,0.27,-0.18582052042785224,0.999725,0.4889175,Scale Resources,Scale Resources,Scale Resources,0.27027500000000004
random_0703,487.9472961406617,0.6845269785858117,0.18172956781192617,0.028189290923711585,0.33446289220521874,0.1528132640522074,0.24,-0.21050169586244527,1.0,0.46799999999999997,Scale Resources,Scale Resources,Scale Resources,0.24
random_0704,109.20566655977298,0.8727502584378894,0.6032046600508495,0.35291530605779897,0.5566594006874488,0.25578065342499323,0.295,-0.20835924298948905,1.0,0.5065,Migrate VM,Migrate VM,Migrate VM,0.29499999999999993
random_0705,488.10043217904456,0.03275723026369526,0.7323184221678151,1.5459940523828546,0.06716276395770027,0.17186936423135157,0.36,-0.15443300150198636,0.9990375,0.55171125,Migrate VM,Migrate VM,Migrate VM,0.36096249999999996
random_0706,192.15332955197877,0.8681548265290678,0.5369999384184994,1.310613700014581,0.7830128354568426,0.82812278833752,0.265,-0.20694057858490844,1.0,0.4855,Scale Resources,Scale Resources,Scale Resources,0.265
random_0707,238.14227154184053,0.5087931387734813,0.7180058570877794,0.5266847174712528,0.8544897363655244,0.02078682447584157,0.245,-0.20846470673492257,1.0,0.4715,Scale Resources,Scale Resources,Scale Resources,0.245
random_0708,97.88580110486234,0.8001999430365032,0.34025821189267225,0.2996656653846119,0.18675475571140332,0.5307564019360695,0.32,-0.20835924298948905,1.0,0.524,Migrate VM,Migrate VM,Migrate VM,0.32000000000000006
random_0709,423.0907646724939,0.0706507157711106,0.030480909124649402,0.9303362716736863,0.9561874150536347,0.2790098034141264,0.395,-0.11649422178700719,0.9938625,0.57465875,Migrate VM,Migrate VM,Migrate VM,0.40113750000000004
random_0710,479.5852695335241,0.8876811765900013,0.2831350763875111,1.6338961285122935,0.6858673025688188,0.5118223889047572,0.28,-0.2120330595628358,1.0,0.496,Scale Resources,Scale Resources,Scale Resources,0.28
random_0711,211.45807152143738,0.8155027559254567,0.7930794326950212,1.5138726718851183,0.9982559512152959,0.4785124609413839,0.26,-0.20795632024476685,1.0,0.482,Scale Resources,Scale Resources,Scale Resources,0.26
random_0712,403.4614889099579,0.8624783669834785,0.21160258145368394,0.08413288410612196,0.40474840218857966,0.856736684436776,0.23,-0.20948251219930525,1.0,0.46099999999999997,Scale Resources,Scale Resources,Scale Resources,0.22999999999999998
random_0713,144.55164059725513,0.7000101540674241,0.007348139064262682,0.7107288646404755,0.6155166947581512,0.12975719007233688,0.25,-0.12010149337516252,0.9940375,0.47321124999999997,Scale Resources,Scale Resources,Scale Resources,0.2559625
random_0714,448.303456073717,0.15627397711707924,0.9097935450039947,0.43277861736594936,0.9942786739158408,0.6047487132955909,0.245,-0.19236409784146524,0.999925,0.47147749999999994,Scale Resources,Scale Resources,Scale Resources,0.24507500000000004
random_0715,42.17244721915564,0.06527723447865985,0.07492169625946876,1.1797854945819037,0.8095792023273852,0.40296274177050573,0.31,-0.14811509824141822,0.998925,0.5166775,Migrate VM,Migrate VM,Migrate VM,0.311075
random_0716,222.4178796409309,0.589287703664628,0.5330406047863557,1.3761234662025403,0.47178572016302656,0.7138606850640675,0.265,-0.20592621046933268,1.0,0.4855,Scale Resources,Scale Resources,Scale Resources,0.265
random_0717,498.65537127331703,0.3502978422487649,0.012215462915350805,0.25125009110330954,0.5535141849869538,0.34425778714465205,0.25,-0.12902696532809932,0.994225,0.4732675,Scale Resources,Scale Resources,Scale Resources,0.255775
random_0718,469.99129685249625,0.627446090107383,0.5203551859654679,1.5960790025440375,0.25858987104909514,0.8197385402823597,0.28,-0.20795632024476685,1.0,0.496,Scale Resources,Scale Resources,Scale Resources,0.28
random_0719,1.5305524320464725,0.6196773621357177,0.934757151045779,1.57571990406774,0.8536341921473594,0.3969546951715005,0.28,-0.21266426177036724,1.0,0.496,Scale Resources,Scale Resources,Scale Resources,0.28
random_0720,412.1194730500631,0.5508316650302666,0.6185402365031989,0.11783067867160701,0.20155169717439214,0.5509644155135526,0.235,-0.21305569689303694,1.0,0.46449999999999997,Scale Resources,Scale Resources,Scale Resources,0.235
random_0721,29.400528911748825,0.7414468065877132,0.8400570085219016,1.8407247225896097,0.10176845917980593,0.9397202480228001,0.285,-0.20404988693062087,1.0,0.49949999999999994,Scale Resources,Scale Resources,Scale Resources,0.2849999999999999
random_0722,33.810003814647494,0.4740562159278153,0.8402510206278118,0.14062227712891073,0.018231072988983632,0.02494771870665069,0.305,-0.19809396563808912,1.0,0.5135,Migrate VM,Migrate VM,Migrate VM,0.30499999999999994
random_0723,255.63511971801677,0.811596744596663,0.12742667107259964,0.24922050815908126,0.5685468550497916,0.2342956008119237,0.235,-0.2054195409101196,1.0,0.46449999999999997,Scale Resources,Scale Resources,Scale Resources,0.235
random_0724,365.10686757243695,0.9496353881767499,0.7660334066004131,1.754350732757833,0.5195860575716703,0.8323193042175333,0.285,-0.2064332229502308,1.0,0.49949999999999994,Scale Resources,Scale Resources,Scale Resources,0.2849999999999999
random_0725,91.45159199334118,0.06834789039562739,0.6559531101246859,0.10390500751611187,0.8924814191396805,0.6915541471074186,0.33,-0.16939880929116435,0.9991875,0.53075625,Migrate VM,Migrate VM,Migrate VM,0.33081249999999995
random_0726,476.100362704456,0.31388665631323565,0.48615830920162084,1.483380730090238,0.24277898546082055,0.5418488201116669,0.275,-0.2064332229502308,1.0,0.4925,Scale Resources,Scale Resources,Scale Resources,0.275
random_0727,329.73363750273904,0.9788086544470412,0.7447032942423848,0.236261700558148,0.4753334513833103,0.5887707829895721,0.23,-0.20999193163945207,1.0,0.46099999999999997,Scale Resources,Scale Resources,Scale Resources,0.22999999999999998
random_0728,73.31157143217636,0.4319660569810784,0.284005816335823,0.23765508452405193,0.5120419334634545,0.16563308101234542,0.315,-0.20717691421453832,1.0,0.5205,Migrate VM,Migrate VM,Migrate VM,0.31499999999999995
random_0729,295.2687042928617,0.16969693224186544,0.7235949236028211,0.3904832460593408,0.8962851007761495,0.02620935654880885,0.23,-0.191866601118602,0.9999,0.46097,Scale Resources,Scale Resources,Scale Resources,0.23009999999999997
random_0730,260.998693522868,0.3201047658865469,0.2250765257745908,0.9432055583302961,0.8420195363242607,0.9152772055266487,0.26,-0.20323111812667694,1.0,0.482,Scale Resources,Scale Resources,Scale Resources,0.26
random_0731,151.6243090739229,0.15424362209507125,0.7201404475663072,1.1639974509119766,0.2010161486775599,0.7602957880874366,0.29,-0.18938416023936533,0.9997625,0.5029287499999999,Migrate VM,Migrate VM,Migrate VM,0.2902374999999999
random_0732,259.46521762107056,0.6533951995074075,0.35933903396338873,0.878195122604752,0.1803420983749422,0.756515867645341,0.26,-0.20592621046933268,1.0,0.482,Scale Resources,Scale Resources,Scale Resources,0.26
random_0733,78.50566207589593,0.7783025947510613,0.798007854884586,1.4932019281102433,0.019422788058740426,0.27313321260667356,0.27,-0.19815396635445426,1.0,0.489,Scale Resources,Scale Resources,Scale Resources,0.27
random_0734,234.16887139590688,0.5955443787167958,0.9192220993690502,0.7512119442574046,0.8750233187739541,0.16342928813683655,0.245,-0.20846470673492257,1.0,0.4715,Scale Resources,Scale Resources,Scale Resources,0.245
random_0735,185.64024375431347,0.052282010821323,0.7424892910556222,0.3013055148658259,0.2570200156484578,0.7752332521932148,0.34,-0.1677283247797019,0.9991875,0.5377562499999999,Migrate VM,Migrate VM,Migrate VM,0.34081249999999996
random_0736,267.358358711355,0.013972719418462565,0.002235204747397135,1.0213212634797941,0.30495551374919483,0.18031144599517712,0.365,0.030608767221895095,0.9187375,0.53112125,Migrate VM,Migrate VM,Migrate VM,0.4462625
random_0737,306.79696885805544,0.2284364717174271,0.5922071496849479,0.7585319011725458,0.18674621766978972,0.13810473786874866,0.235,-0.20323111812667694,1.0,0.46449999999999997,Scale Resources,Scale Resources,Scale Resources,0.235
random_0738,118.43030156364404,0.02983210801298508,0.30812696203626844,1.8039093803635884,0.8313621258830283,0.3720037567196589,0.365,-0.1479874560390333,0.9989125,0.55517375,Migrate VM,Migrate VM,Migrate VM,0.3660875
random_0739,287.91680929090194,0.5673605590140585,0.8287375391937123,0.4725802030339312,0.29638748879301235,0.3017854337456115,0.245,-0.20897343730880835,1.0,0.4715,Scale Resources,Scale Resources,Scale Resources,0.245
random_0740,20.434994885837167,0.3146878632891922,0.877913776588007,1.823975295142962,0.10963534576855039,0.4580585416184314,0.285,-0.20253471071239082,1.0,0.49949999999999994,Scale Resources,Scale Resources,Scale Resources,0.2849999999999999
random_0741,190.67445079381957,0.4893591966233879,0.5547195240586772,0.04051752003549214,0.8422422479211608,0.9736640731733385,0.23,-0.20846470673492257,1.0,0.46099999999999997,Scale Resources,Scale Resources,Scale Resources,0.22999999999999998
random_0742,326.70240600182115,0.6604522384933692,0.5279798578307084,0.6685468234287635,0.1489778241795211,0.5840633426960506,0.245,-0.20846470673492257,1.0,0.4715,Scale Resources,Scale Resources,Scale Resources,0.245
random_0743,22.470701754603528,0.8245025676918739,0.42091169947061546,0.8295084483239497,0.32717085847590577,0.9693538886985864,0.31,-0.20354448643687217,1.0,0.517,Migrate VM,Migrate VM,Migrate VM,0.31000000000000005
random_0744,87.45847638535942,0.15130782147521116,0.16553150154503016,1.317054965701528,0.9918953187295984,0.2354751704017547,0.27,-0.19226253633995405,0.999925,0.48897749999999995,Scale Resources,Scale Resources,Scale Resources,0.27007500000000007
random_0745,452.8086985337439,0.2786165592081724,0.6478999201253002,0.08099790386673544,0.495653974576189,0.6545699662789818,0.235,-0.20525392417297494,1.0,0.46449999999999997,Scale Resources,Scale Resources,Scale Resources,0.235
random_0746,268.1598886113143,0.23783538488179112,0.8284969482679155,1.9402730224764806,0.4591960956920653,0.6359192651892537,0.275,-0.2023867119326933,1.0,0.4925,Scale Resources,Scale Resources,Scale Resources,0.275
random_0747,395.20663417278627,0.24148906062179398,0.8644503819287854,0.5604018106199951,0.7758308035152388,0.11209923242642206,0.235,-0.20626738195335337,1.0,0.46449999999999997,Scale Resources,Scale Resources,Scale Resources,0.235
random_0748,144.19335170708487,0.5336199339398677,0.5249220957043151,1.7008623689727325,0.9961272576386072,0.10721084586014062,0.28,-0.21050169586244527,1.0,0.496,Scale Resources,Scale Resources,Scale Resources,0.28
random_0749,135.6940664125185,0.3575982102230758,0.47891840781000505,0.9878194863087981,0.8561950631484166,0.7705593027850998,0.255,-0.2047477093196286,1.0,0.4785,Scale Resources,Scale Resources,Scale Resources,0.255
random_0750,9.425789518976657,0.4550217605831879,0.6180738382440888,0.9207911741860468,0.13064525602570232,0.3974740836906482,0.315,-0.21249704226322264,1.0,0.5205,Migrate VM,Migrate VM,Migrate VM,0.31499999999999995
random_0751,205.82784756486805,0.18771592244975877,0.7563071144709534,0.6428013602849536,0.5889872905686162,0.5157301809587675,0.23,-0.19485663671649267,0.999975,0.4609925,Scale Resources,Scale Resources,Scale Resources,0.23002500000000003
random_0752,438.71353960819437,0.12201493186283818,0.11426300825346014,0.6006393382460316,0.43121496812583504,0.2985422487521395,0.285,-0.1838502367777446,0.999725,0.49941749999999996,Scale Resources,Scale Resources,Scale Resources,0.28527499999999995
random_0753,381.5935411976219,0.24526584310929966,0.08477474277224473,0.8275996197682951,0.773379288138484,0.8505619435867413,0.27,-0.19160251238040782,0.9999,0.48897,Scale Resources,Scale Resources,Scale Resources,0.2701
random_0754,366.6724241816754,0.557886678499744,0.7241917017491767,1.3627790706077227,0.23436663249506084,0.5507588922031937,0.275,-0.20846470673492257,1.0,0.4925,Scale Resources,Scale Resources,Scale Resources,0.275
random_0755,385.304666319216,0.3171206618751382,0.6539731467169314,0.962960855037597,0.50315885094502,0.09005503778215973,0.25,-0.20626738195335337,1.0,0.475,Scale Resources,Scale Resources,Scale Resources,0.25
random_0756,333.1085826526899,0.8656870353545201,0.1414312880258628,0.7322113244328987,0.04866745484083501,0.029631885976391104,0.25,-0.20037165506194998,1.0,0.475,Scale Resources,Scale Resources,Scale Resources,0.25
random_0757,494.8292483358719,0.49347150830638464,0.3555190186352464,0.5497541532500378,0.9800126449449591,0.2522507855216837,0.25,-0.21152225959054594,1.0,0.475,Scale Resources,Scale Resources,Scale Resources,0.25
random_0758,362.8541978688716,0.2837580958059338,0.07048950535691911,1.3665532290358826,0.0016308476298648733,0.6757485115605695,0.29,-0.17437956617529016,0.9992125,0.50276375,Migrate VM,Migrate VM,Migrate VM,0.2907875
random_0759,125.18829949491156,0.7461042320715012,0.7697501673506494,1.4482144776350758,0.02448344146761039,0.7037366196437684,0.26,-0.20037165506194998,1.0,0.482,Scale Resources,Scale Resources,Scale Resources,0.26
random_0760,495.0728070278816,0.2426253685256229,0.27423857222533854,1.627053099161079,0.16039680505608056,0.6605836755045515,0.28,-0.2054195409101196,1.0,0.496,Scale Resources,Scale Resources,Scale Resources,0.28
random_0761,377.5131887502892,0.03716066181935718,0.5537620942652262,1.1517545170717658,0.3034428973917942,0.8763446693975172,0.325,-0.15237080247369528,0.9990125,0.52720375,Migrate VM,Migrate VM,Migrate VM,0.3259875000000001
random_0762,81.37485964992818,0.3641947095058605,0.8486686871473293,0.381285513211985,0.821374136327675,0.07906917736795571,0.32,-0.20616222651233362,1.0,0.524,Migrate VM,Migrate VM,Migrate VM,0.32000000000000006
random_0763,244.614533594995,0.07533066244570341,0.6779035850615143,1.5812029781112005,0.8498585482468028,0.9812622507439888,0.305,-0.17133062532259513,0.9991875,0.51325625,Migrate VM,Migrate VM,Migrate VM,0.30581250000000004
random_0764,336.0078611497934,0.7690619138400203,0.5057582783213294,1.8254738023622523,0.6437583821994626,0.8835514062513434,0.285,-0.2064332229502308,1.0,0.49949999999999994,Scale Resources,Scale Resources,Scale Resources,0.2849999999999999
random_0765,117.72600850694043,0.4967377807180643,0.729818921063804,0.40544350912536653,0.21133979326197827,0.9780427404056374,0.26,-0.20582110289773825,1.0,0.482,Scale Resources,Scale Resources,Scale Resources,0.26
random_0766,217.30518036860303,0.18181545292377166,0.331463881981506,0.7947522965318512,0.6230852574702211,0.9230146590477525,0.245,-0.19236409784146524,0.999925,0.47147749999999994,Scale Resources,Scale Resources,Scale Resources,0.24507500000000004
random_0767,493.2950379610455,0.6516987589111125,0.6999223607977247,0.6436583393931781,0.8571585954487491,0.2177983352203149,0.25,-0.21152225959054594,1.0,0.475,Scale Resources,Scale Resources,Scale Resources,0.25
random_0768,53.19032465548379,0.9732559900976508,0.8641386768205322,0.6072902690762667,0.6751707163810492,0.4670183574131995,0.305,-0.20835924298948905,1.0,0.5135,Migrate VM,Migrate VM,Migrate VM,0.30499999999999994
random_0769,161.56410307273543,0.28677421076029486,0.13602744522090648,1.0986361645516785,0.4465966901175078,0.5121864202999443,0.3,-0.20121377909078908,1.0,0.51,Migrate VM,Migrate VM,Migrate VM,0.30000000000000004
random_0770,107.67858373970223,0.9386106707732477,0.6385911963305415,1.7992013147666737,0.10927116603275544,0.6228509658561748,0.305,-0.20582110289773825,1.0,0.5135,Migrate VM,Migrate VM,Migrate VM,0.30499999999999994
random_0771,424.73090932208055,0.33092077981446666,0.1951431691359864,0.5300426116112393,0.272933726749799,0.44719896492353517,0.245,-0.20779014228878534,1.0,0.4715,Scale Resources,Scale Resources,Scale Resources,0.245
random_0772,162.98180138966578,0.2712740727079913,0.6485122984051379,0.10606474334376892,0.34036377813972996,0.6897519659404748,0.23,-0.20323111812667694,1.0,0.46099999999999997,Scale Resources,Scale Resources,Scale Resources,0.22999999999999998
random_0773,87.92487464050296,0.22092786221291238,0.20066662541291747,0.0018522134628098375,0.4737677518315727,0.038958789416123185,0.305,-0.2036315062195827,1.0,0.5135,Migrate VM,Migrate VM,Migrate VM,0.30499999999999994
random_0774,136.46990588745007,0.9948034245919716,0.9183962113902998,0.4301516163126684,0.31000243191393273,0.4637045822685515,0.25,-0.21050169586244527,1.0,0.475,Scale Resources,Scale Resources,Scale Resources,0.25
random_0775,422.20677332962174,0.8026459413930911,0.12624143656628217,0.24889769669670425,0.41673225389404467,0.8700953896137721,0.24,-0.20592621046933268,1.0,0.46799999999999997,Scale Resources,Scale Resources,Scale Resources,0.24
random_0776,441.04249954775116,0.10736584968653018,0.5742972879655516,0.3113503942502258,0.6861293100027828,0.9164332479289065,0.285,-0.18237601939775627,0.999675,0.49940249999999997,Scale Resources,Scale Resources,Scale Resources,0.28532500000000005
random_0777,227.3846462377968,0.0830827746920515,0.5792541958945455,0.8170333402717094,0.8108987523339602,0.34034446392638773,0.315,-0.17797127865152484,0.99935,0.520305,Migrate VM,Migrate VM,Migrate VM,0.31565
random_0778,437.4486002362946,0.27370040763478487,0.15751763588868595,0.6129607546371598,0.03491579182274651,0.2812459668742413,0.25,-0.1997043536494968,1.0,0.475,Scale Resources,Scale Resources,Scale Resources,0.25
random_0779,330.0588169410154,0.14228297855659233,0.11136497278658797,0.2647705825087008,0.07755167426146636,0.8746354118429396,0.265,-0.18237601939775627,0.999675,0.48540249999999996,Scale Resources,Scale Resources,Scale Resources,0.26532500000000003
random_0780,472.05755774826406,0.046561151728786276,0.7600717815435403,1.4743034934343955,0.9969094246100404,0.3478706617210682,0.34,-0.16933041331421805,0.9991875,0.5377562499999999,Migrate VM,Migrate VM,Migrate VM,0.34081249999999996
random_0781,142.7544958452081,0.45308212080982724,0.8565751771491905,1.4571872850757976,0.47162381396750275,0.2445628432858732,0.26,-0.20897343730880835,1.0,0.482,Scale Resources,Scale Resources,Scale Resources,0.26
random_0782,363.50787063418556,0.8545268680421961,0.39995123106749086,1.3371708916419685,0.40021202117659815,0.4784934381414848,0.275,-0.20846470673492257,1.0,0.4925,Scale Resources,Scale Resources,Scale Resources,0.275
random_0783,262.4551899774568,0.7757258140222779,0.9775059841289311,0.8887323252764647,0.3423150062476059,0.3735910064723913,0.26,-0.20846470673492257,1.0,0.482,Scale Resources,Scale Resources,Scale Resources,0.26
random_0784,66.94453468759082,0.29693873781772273,0.08644741326880623,0.8557885263584943,0.16735726931104888,0.3464067459744087,0.3,-0.19249424750833855,0.999925,0.5099775,Migrate VM,Migrate VM,Migrate VM,0.3000750000000001
random_0785,396.78887469580314,0.24592765058913602,0.611894621342069,1.8023628384972257,0.5669291870295469,0.19379261277241266,0.285,-0.20795632024476685,1.0,0.49949999999999994,Scale Resources,Scale Resources,Scale Resources,0.2849999999999999
random_0786,172.38309698297715,0.590369207184066,0.5066111397598535,0.29723967255380757,0.44679634469056895,0.5430666949102484,0.235,-0.20999193163945207,1.0,0.46449999999999997,Scale Resources,Scale Resources,Scale Resources,0.235
random_0787,133.66635722878624,0.6124455153398519,0.07016009948520985,0.6732140671310336,0.8042768327775744,0.2592848009081554,0.275,-0.19325840263041227,0.9999375,0.49248125,Scale Resources,Scale Resources,Scale Resources,0.2750625
random_0788,302.5884250015391,0.41002971371031194,0.3164601424152468,1.8322633758200537,0.3432617180803835,0.23667590148701834,0.285,-0.20744827760561746,1.0,0.49949999999999994,Scale Resources,Scale Resources,Scale Resources,0.2849999999999999
random_0789,454.6506578201353,0.7459443559358149,0.6817997136981974,0.09906988413375162,0.1312049607157758,0.6383399638096628,0.235,-0.21050169586244527,1.0,0.46449999999999997,Scale Resources,Scale Resources,Scale Resources,0.235
random_0790,104.71641826313011,0.22563798563035908,0.7791385153436107,0.5718498976738853,0.071587302151916,0.0364319473098611,0.295,-0.2001028499460803,1.0,0.5065,Migrate VM,Migrate VM,Migrate VM,0.29499999999999993
random_0791,221.5889936226439,0.617128577684646,0.8688852333918029,0.22160879006527856,0.1966728262882963,0.5298006109074711,0.23,-0.20999193163945207,1.0,0.46099999999999997,Scale Resources,Scale Resources,Scale Resources,0.22999999999999998
random_0792,182.05418112098752,0.48253745124549463,0.9241246489842154,1.0897833077293744,0.41512061061207595,0.9894399066997448,0.27,-0.20020715508280817,1.0,0.489,Scale Resources,Scale Resources,Scale Resources,0.27
random_0793,32.607834949768154,0.9321134483711719,0.501661842065483,1.0075126755342763,0.9219643342032092,0.5073239795930695,0.33,-0.2060749118491535,1.0,0.5309999999999999,Migrate VM,Migrate VM,Migrate VM,0.33000000000000007
random_0794,219.2035452650744,0.272488592117199,0.6588167668174209,1.1392901819595231,0.21434543694778307,0.7094129150613248,0.295,-0.20121377909078908,1.0,0.5065,Migrate VM,Migrate VM,Migrate VM,0.29499999999999993
random_0795,322.04342866832025,0.3973338842065408,0.00440092190355057,0.8931623003523754,0.006058117130251728,0.07499848929903985,0.355,-0.08355051042013328,0.9875,0.54475,Migrate VM,Migrate VM,Migrate VM,0.36749999999999994
random_0796,215.30495124041704,0.0819198841853277,0.27566543378716624,1.3109827371179368,0.30861534260941903,0.9976485941215104,0.315,-0.161171227244173,0.999175,0.5202525,Migrate VM,Migrate VM,Migrate VM,0.315825
random_0797,458.1510169574905,0.5853099045855237,0.9669471386349304,1.7360345888650441,0.31889851884048703,0.7495962459853094,0.285,-0.20948251219930525,1.0,0.49949999999999994,Scale Resources,Scale Resources,Scale Resources,0.2849999999999999
random_0798,68.41589200197367,0.6845514243787411,0.49108182649458043,0.033651878505649435,0.27422982239037075,0.9553822174042486,0.31,-0.20734295647432532,1.0,0.517,Migrate VM,Migrate VM,Migrate VM,0.31000000000000005
random_0799,157.91574254424035,0.18145445530144066,0.18753144657220833,0.958426529283898,0.8426492406705349,0.7580017651333465,0.25,-0.19087261690218338,0.9998875,0.47496625,Scale Resources,Scale Resources,Scale Resources,0.25011249999999996
random_0800,218.42600376888714,0.20872688343696055,0.04606490010219111,0.9252606389654621,0.8147753485181917,0.7296819935943137,0.28,-0.1681226549948227,0.9991875,0.49575625,Scale Resources,Scale Resources,Scale Resources,0.2808125
random_0801,204.30038381362513,0.5947026719176003,0.43624652094621763,1.1580322195803556,0.5175052443935492,0.680966600125159,0.29,-0.2064332229502308,1.0,0.503,Migrate VM,Migrate VM,Migrate VM,0.29000000000000004
random_0802,253.85442176656198,0.9406109981675586,0.4280281815816862,0.031832606079421844,0.23637353540898454,0.500606858106656,0.23,-0.20999193163945207,1.0,0.46099999999999997,Scale Resources,Scale Resources,Scale Resources,0.22999999999999998
random_0803,270.285925944331,0.5523847893120535,0.7145520982700821,0.5492962852350558,0.6649036790414772,0.7040322731192128,0.245,-0.20592621046933268,1.0,0.4715,Scale Resources,Scale Resources,Scale Resources,0.245
random_0804,205.64037631041316,0.40216909914632204,0.17892478565644976,0.8279747525107475,0.7868162917070124,0.9089730055498839,0.265,-0.20121377909078908,1.0,0.4855,Scale Resources,Scale Resources,Scale Resources,0.265
random_0805,296.8065956589827,0.2993703433542988,0.6822897186597314,1.4802924173920078,0.33221277878066235,0.8265478614895467,0.275,-0.2008749081350346,1.0,0.4925,Scale Resources,Scale Resources,Scale Resources,0.275
random_0806,36.84791606917004,0.010753717600025525,0.12297077263205258,0.31201669565501944,0.8789290329477213,0.42498170222128084,0.365,-0.1267414290713429,0.9941875,0.55375625,Migrate VM,Migrate VM,Migrate VM,0.3708125
random_0807,137.46584598519084,0.42907511598681936,0.3948408927006323,0.602923335976034,0.13789958241196532,0.6559154619738806,0.25,-0.2047477093196286,1.0,0.475,Scale Resources,Scale Resources,Scale Resources,0.25
random_0808,68.30220138982767,0.7754244526726743,0.2016880132804536,1.4627426142666233,0.805586105695467,0.12532600977445074,0.265,-0.20632804424022888,1.0,0.4855,Scale Resources,Scale Resources,Scale Resources,0.265
random_0809,43.372884144002036,0.9495727706536599,0.4630468067525807,1.2604709899459767,0.023260440121767756,0.2787101805563399,0.28,-0.19825799800692778,1.0,0.496,Scale Resources,Scale Resources,Scale Resources,0.28
random_0810,252.69882727969312,0.8862183133894039,0.2714394175643763,1.5503826397174392,0.6622129282587018,0.11527076780574497,0.27,-0.20744827760561746,1.0,0.489,Scale Resources,Scale Resources,Scale Resources,0.27
random_0811,146.68758639599827,0.23786403643861975,0.4425275875732855,1.2706684860951685,0.43341975550850664,0.24453657575180598,0.25,-0.20592621046933268,1.0,0.475,Scale Resources,Scale Resources,Scale Resources,0.25
random_0812,347.93938411413774,0.5844710947114898,0.5193139074156919,1.1088391948919567,0.22190064629382356,0.6804310610924562,0.29,-0.20592621046933268,1.0,0.503,Migrate VM,Migrate VM,Migrate VM,0.29000000000000004
random_0813,193.75026776938415,0.3634678197300196,0.14973420826677053,1.1936746691008928,0.6026644105465065,0.34030064366652835,0.255,-0.20289132882700012,1.0,0.4785,Scale Resources,Scale Resources,Scale Resources,0.255
random_0814,429.925028432767,0.8454578987154283,0.1090543064824313,1.3900767756198364,0.3938347561850223,0.9997148510628928,0.29,-0.18753208661191179,0.999725,0.5029175,Migrate VM,Migrate VM,Migrate VM,0.29027500000000006
random_0815,112.5118148423262,0.2805242054144894,0.4421062945557275,0.5374302973613263,0.6919933663865142,0.48090811218148055,0.3,-0.20262161282194713,1.0,0.51,Migrate VM,Migrate VM,Migrate VM,0.30000000000000004
random_0816,110.4394174247701,0.5063740694865626,0.8887877663650384,1.5847912937001056,0.49882892442682103,0.2884926031419477,0.3,-0.20683532868835153,1.0,0.51,Migrate VM,Migrate VM,Migrate VM,0.30000000000000004
random_0817,89.94323235126389,0.8783828771868954,0.7101669404986963,1.144326606294917,0.8794346459536684,0.12169028737408949,0.33,-0.20785092783052672,1.0,0.5309999999999999,Migrate VM,Migrate VM,Migrate VM,0.33000000000000007
random_0818,341.24464300103415,0.21671231241323197,0.120577441015987,0.9312170200138663,0.3873929297643537,0.9411736093251855,0.265,-0.19359380478049182,0.9999375,0.48548125,Scale Resources,Scale Resources,Scale Resources,0.2650625
random_0819,161.9897733759082,0.8149022590520024,0.7488270004683447,1.3358477401170725,0.9204004729600596,0.4079245943813421,0.265,-0.20948251219930525,1.0,0.4855,Scale Resources,Scale Resources,Scale Resources,0.265
random_0820,194.83559299143283,0.16094742358150937,0.27576207549506915,1.7595529121217415,0.474382132911368,0.34135332219071046,0.28,-0.19352308650622496,0.9999375,0.49598125,Scale Resources,Scale Resources,Scale Resources,0.2800625
random_0821,108.05602754108557,0.484960250243615,0.7166653704645288,0.5733840509141508,0.7577165208126542,0.6297877747249184,0.31,-0.20413696560964745,1.0,0.517,Migrate VM,Migrate VM,Migrate VM,0.31000000000000005
random_0822,393.7812812698521,0.2509096288749123,0.6310281447330454,0.3074705589776838,0.36379698216463674,0.7243600948428013,0.23,-0.20424183684848585,1.0,0.46099999999999997,Scale Resources,Scale Resources,Scale Resources,0.22999999999999998
random_0823,315.8341927899679,0.18786072533752196,0.8583426720925291,0.10670196469036375,0.5952156885166495,0.9838205002316063,0.22,-0.19485663671649267,0.999975,0.4539925,Scale Resources,Scale Resources,Scale Resources,0.22002500000000003
random_0824,265.7523659213743,0.8006718199594207,0.5951809731891021,1.5661766298459852,0.6555941353552872,0.6911320145375287,0.27,-0.204913214040654,1.0,0.489,Scale Resources,Scale Resources,Scale Resources,0.27
random_0825,113.90557554319203,0.7418209135729177,0.23790988666433077,1.9612805502851762,0.2277871909612047,0.2366840035976563,0.3,-0.20835924298948905,1.0,0.51,Migrate VM,Migrate VM,Migrate VM,0.30000000000000004
random_0826,429.3365602419321,0.24298586196281913,0.36090279349128296,1.429280322358054,0.15874858019476323,0.15907175482750224,0.275,-0.2064332229502308,1.0,0.4925,Scale Resources,Scale Resources,Scale Resources,0.275
random_0827,243.17921163330948,0.24369675423272685,0.23565795556903357,0.01847784283702536,0.37044959119794796,0.31825055461840324,0.23,-0.2047477093196286,1.0,0.46099999999999997,Scale Resources,Scale Resources,Scale Resources,0.22999999999999998
random_0828,15.577905413335202,0.6212331782136635,0.626655182003354,0.14160094354731778,0.31704156290945307,0.8728055319953978,0.305,-0.2084349158149863,1.0,0.5135,Migrate VM,Migrate VM,Migrate VM,0.30499999999999994
random_0829,291.0835341222892,0.41197472401198787,0.4651019284640959,0.4165599888716103,0.811881500707928,0.9140047054509676,0.245,-0.20373630652797403,1.0,0.4715,Scale Resources,Scale Resources,Scale Resources,0.245
random_0830,455.3320211250218,0.22393439169229967,0.3107402677764569,0.3212455496190736,0.30720113363231316,0.3328053721226003,0.23,-0.20677462534431512,1.0,0.46099999999999997,Scale Resources,Scale Resources,Scale Resources,0.22999999999999998
random_0831,316.55286853231775,0.18964638154812463,0.9193969243677436,0.2061989401706199,0.006878011034333054,0.8549451286305332,0.215,-0.18483471206942292,0.999725,0.4504175,Scale Resources,Scale Resources,Scale Resources,0.215275
random_0832,351.88490388302483,0.3553598703559985,0.595499705910118,0.44708820167846675,0.16838964864537598,0.4711491351387228,0.245,-0.20626738195335337,1.0,0.4715,Scale Resources,Scale Resources,Scale Resources,0.245
random_0833,176.59391486048042,0.6152300505352921,0.2181491845610315,1.3258554011212373,0.7668615203028132,0.1666361430284744,0.27,-0.20846470673492257,1.0,0.489,Scale Resources,Scale Resources,Scale Resources,0.27
random_0834,21.92914170895799,0.43958737530133873,0.7740240859924371,1.3015596711482853,0.7018817204145913,0.4028393399933684,0.275,-0.20455562948713168,1.0,0.4925,Scale Resources,Scale Resources,Scale Resources,0.275
random_0835,117.47277262653493,0.5317788432846094,0.2043656937491969,1.4524573939701315,0.19696645595947704,0.29126326671434144,0.28,-0.20582110289773825,1.0,0.496,Scale Resources,Scale Resources,Scale Resources,0.28
random_0836,253.27238916150267,0.48670993414349495,0.6008493764070294,0.8748892009998339,0.9194733085100913,0.8399340941971882,0.26,-0.2047477093196286,1.0,0.482,Scale Resources,Scale Resources,Scale Resources,0.26
random_0837,439.5567256183192,0.6295165714034375,0.6350079158608064,1.2183973674318973,0.4348841544214562,0.3221060010672626,0.27,-0.21152225959054594,1.0,0.489,Scale Resources,Scale Resources,Scale Resources,0.27
random_0838,296.00144372443515,0.02553183713845031,0.007456431423803034,1.7032836525934971,0.046424044777622187,0.5247951503334181,0.375,0.01816200658545719,0.9355125,0.5431537499999999,Migrate VM,Migrate VM,Migrate VM,0.43948750000000003
random_0839,307.49388147482256,0.1981712296224356,0.8957308382651483,0.38019154349675,0.8845149873666747,0.7629902693330352,0.22,-0.20121377909078908,1.0,0.45399999999999996,Scale Resources,Scale Resources,Scale Resources,0.21999999999999997
random_0840,120.37147676209698,0.15074416627609355,0.3162327101862351,0.7959011325405494,0.24578467649892344,0.9988915487544232,0.235,-0.18041504515376983,0.9996625,0.46439874999999997,Scale Resources,Scale Resources,Scale Resources,0.23533749999999998
random_0841,114.82616811979052,0.830634826982857,0.15911774709047277,1.960489250551895,0.22552345828308484,0.42168855478359224,0.305,-0.2053145044288177,1.0,0.5135,Migrate VM,Migrate VM,Migrate VM,0.30499999999999994
random_0842,279.28203338395326,0.12028571515609332,0.8168200674791013,0.5493710653616597,0.5492699016016638,0.5496338106932469,0.27,-0.18839353292225614,0.999725,0.4889175,Scale Resources,Scale Resources,Scale Resources,0.27027500000000004
random_0843,301.3203261628925,0.05548598652431469,0.16861876183156788,0.3223844858467284,0.30205125941585187,0.14491415685833986,0.365,-0.16820948434900074,0.9991875,0.55525625,Migrate VM,Migrate VM,Migrate VM,0.3658125
random_0844,460.96066038714486,0.5129544505113007,0.6235751477026844,0.7149763507962417,0.27624614103391154,0.503177170232213,0.25,-0.21152225959054594,1.0,0.475,Scale Resources,Scale Resources,Scale Resources,0.25
random_0845,147.1614874174168,0.34364592572976427,0.45275087427085714,1.011467374368711,0.9843140117818387,0.2233225881619405,0.27,-0.20728221204533992,1.0,0.489,Scale Resources,Scale Resources,Scale Resources,0.27
random_0846,243.98808244132357,0.14951173948933894,0.3499992327079726,1.4346214374128086,0.17446214376057456,0.5813513075500432,0.27,-0.19153198523545978,0.9999,0.48897,Scale Resources,Scale Resources,Scale Resources,0.2701
random_0847,208.3505117840036,0.05157954440447299,0.9330752414784446,0.8272062805857727,0.7839265357511662,0.4163134887318003,0.37,-0.16965491787549147,0.9991875,0.5587562500000001,Migrate VM,Migrate VM,Migrate VM,0.3708125
random_0848,468.6801607893923,0.29047033442889747,0.41223064968769685,1.5177284805185727,0.3436673152808569,0.36435707133517936,0.275,-0.2064332229502308,1.0,0.4925,Scale Resources,Scale Resources,Scale Resources,0.275
random_0849,497.4115867071117,0.555614525690352,0.6893804536701481,1.2869244683072196,0.8279241471565723,0.861825099441743,0.275,-0.20897343730880835,1.0,0.4925,Scale Resources,Scale Resources,Scale Resources,0.275
random_0850,281.6280662351548,0.29455607496639935,0.022800247574969457,1.2288065021286403,0.8254688332656196,0.4505398055116595,0.26,-0.1393776858228234,0.9974875,0.48124625,Scale Resources,Scale Resources,Scale Resources,0.26251250000000004
random_0851,82.35307024543215,0.2880820729356409,0.5099889295118646,1.6733624379553331,0.17175314606842063,0.6121498757095142,0.28,-0.20228210098455224,1.0,0.496,Scale Resources,Scale Resources,Scale Resources,0.28
random_0852,376.6843069752727,0.9360475203348232,0.11670369167885941,1.8527832683291148,0.6014675351744795,0.766701587432286,0.29,-0.19926198268356898,1.0,0.503,Migrate VM,Migrate VM,Migrate VM,0.29000000000000004
random_0853,26.88735478427773,0.5061481556405951,0.6226296740807937,0.6136676797456804,0.43165020810125265,0.554298135279598,0.305,-0.2060749118491535,1.0,0.5135,Migrate VM,Migrate VM,Migrate VM,0.30499999999999994
random_0854,276.27396988648997,0.041861525406838074,0.4394817665788924,0.42763630958446175,0.9166950780853498,0.9765799901233341,0.345,-0.16356886488251754,0.9991875,0.54125625,Migrate VM,Migrate VM,Migrate VM,0.34581249999999997
random_0855,149.82344817603456,0.17518539725105875,0.21950415094834308,0.9555045107059075,0.8745055991131784,0.5000362149376396,0.26,-0.19485663671649267,0.999975,0.4819925,Scale Resources,Scale Resources,Scale Resources,0.26002500000000006
random_0856,27.69603085764882,0.03988560271314401,0.22739094562284856,1.6855425552188577,0.621480557535144,0.5629578537862915,0.335,-0.1658497622027567,0.9991875,0.53425625,Migrate VM,Migrate VM,Migrate VM,0.33581250000000007
random_0857,159.48479629132106,0.9294254050461873,0.33117824496213244,1.6698888253058934,0.8959035179758841,0.4833350132161367,0.28,-0.21050169586244527,1.0,0.496,Scale Resources,Scale Resources,Scale Resources,0.28
random_0858,447.1446347403713,0.2768032873910471,0.6584334261832758,0.17592749704877253,0.4739342140923939,0.2173318021583479,0.235,-0.20779014228878534,1.0,0.46449999999999997,Scale Resources,Scale Resources,Scale Resources,0.235
random_0859,31.38163896530144,0.0037255080776207317,0.32475211644080837,1.1790611890735256,0.45523034765115733,0.3017692985194961,0.345,-0.1241530728361584,0.9941625,0.5397487499999999,Migrate VM,Migrate VM,Migrate VM,0.3508375
random_0860,495.60001538812554,0.9395250399796778,0.12565330683749687,0.8302148533369895,0.6488469339936108,0.7334907975299367,0.275,-0.201777896146055,1.0,0.4925,Scale Resources,Scale Resources,Scale Resources,0.275
random_0861,183.1860774547452,0.7462818127353477,0.12415001291067829,0.6636252505154094,0.716433175755905,0.6256827902603751,0.25,-0.19976448471346409,1.0,0.475,Scale Resources,Scale Resources,Scale Resources,0.25
random_0862,418.60510743082745,0.04685702266715508,0.17439171782304852,0.09698916454393292,0.19211422424921132,0.004282810632935008,0.355,-0.1707781243669355,0.9991875,0.54825625,Migrate VM,Migrate VM,Migrate VM,0.3558125
random_0863,252.10515083943312,0.5283143955682554,0.6578917814059948,0.7698248944020869,0.003207690685184006,0.6738911544076371,0.235,-0.19474118826774423,0.999975,0.4644925,Scale Resources,Scale Resources,Scale Resources,0.23502500000000004
random_0864,27.145543873956292,0.8661704308177439,0.022653987707937362,1.060950246513265,0.8949178823855207,0.5724895757887801,0.34,-0.14144504580983464,0.9984875,0.5375462499999999,Migrate VM,Migrate VM,Migrate VM,0.3415125000000001
random_0865,304.208373271965,0.6816108483374057,0.12240884773046701,1.349854201621119,0.8803548820128152,0.9742208328353165,0.27,-0.19875982052468166,1.0,0.489,Scale Resources,Scale Resources,Scale Resources,0.27
random_0866,221.52599967917354,0.34450485167754685,0.753309615596317,1.0857485761906291,0.2573046544550305,0.17215788496970297,0.28,-0.2057604816402544,1.0,0.496,Scale Resources,Scale Resources,Scale Resources,0.28
random_0867,85.11515029637184,0.45917703660615206,0.17012440561565012,0.039437888022971546,0.05208877496969,0.9298845439529657,0.315,-0.2001028499460803,1.0,0.5205,Migrate VM,Migrate VM,Migrate VM,0.31499999999999995
random_0868,36.48067058006787,0.07318069058095955,0.45118844553353243,0.4902005646700651,0.9626938521724977,0.9109858394978042,0.32,-0.17489235697584948,0.9992125,0.52376375,Migrate VM,Migrate VM,Migrate VM,0.3207875
random_0869,202.37162433563356,0.4487315194162592,0.3751136530755702,0.07573223328625645,0.29284683925470867,0.12267346961198411,0.23,-0.20779014228878534,1.0,0.46099999999999997,Scale Resources,Scale Resources,Scale Resources,0.22999999999999998
random_0870,51.18516500756137,0.5608615729363878,0.09876485771356225,0.2058626475905272,0.48051371481934857,0.44228236512263874,0.29,-0.20066612512616422,1.0,0.503,Migrate VM,Migrate VM,Migrate VM,0.29000000000000004
random_0871,68.8173925661847,0.004449024808863,0.19297444176784384,0.4717845083640815,0.8002484436088676,0.915438350527215,0.395,-0.12240229951244397,0.9941,0.57473,Migrate VM,Migrate VM,Migrate VM,0.40090000000000003
random_0872,202.97219874398488,0.4050267265009778,0.7124812837598667,1.253844031409378,0.18414018669340915,0.10768912229586136,0.24,-0.20744827760561746,1.0,0.46799999999999997,Scale Resources,Scale Resources,Scale Resources,0.24
random_0873,218.8059453275254,0.564828363162763,0.13870760315880926,0.5865469868168891,0.3059429964305749,0.261298201024164,0.25,-0.20440722962915492,1.0,0.475,Scale Resources,Scale Resources,Scale Resources,0.25
random_0874,230.38063314589553,0.6530635843197385,0.5093898836159924,0.4029131244946884,0.10293904704739976,0.8218704628987004,0.235,-0.2064332229502308,1.0,0.46449999999999997,Scale Resources,Scale Resources,Scale Resources,0.235
random_0875,239.65234135889284,0.0621391841338772,0.258121499649558,1.6080675567683096,0.75172632477355,0.8758166328973778,0.33,-0.16740469725249607,0.9991875,0.53075625,Migrate VM,Migrate VM,Migrate VM,0.33081249999999995
random_0876,301.04391300084603,0.422905934358055,0.42663499755445067,0.38800008898588745,0.6507989615178819,0.585068756092854,0.235,-0.20626738195335337,1.0,0.46449999999999997,Scale Resources,Scale Resources,Scale Resources,0.235
random_0877,77.43220571441795,0.8856629200453748,0.36846820331059704,0.09947753104213697,0.3278809207797838,0.8698567147115758,0.315,-0.20734295647432532,1.0,0.5205,Migrate VM,Migrate VM,Migrate VM,0.31499999999999995
random_0878,458.4782929308923,0.4903984172596335,0.9563399400734179,1.750483618423952,0.8252307170992254,0.859710064682206,0.285,-0.20948251219930525,1.0,0.49949999999999994,Scale Resources,Scale Resources,Scale Resources,0.2849999999999999
random_0879,190.93770608441173,0.7564689407555436,0.5773390030761493,1.4393680034806133,0.17778610758077462,0.731393911774942,0.265,-0.20592621046933268,1.0,0.4855,Scale Resources,Scale Resources,Scale Resources,0.265
random_0880,478.79621709708584,0.30266332238142957,0.9861613239556271,0.7567520296107422,0.19972349702103287,0.11228622980023839,0.245,-0.20626738195335337,1.0,0.4715,Scale Resources,Scale Resources,Scale Resources,0.245
random_0881,392.4809566440889,0.5548254003765684,0.30713129366202885,1.2169007395875158,0.33210118784100473,0.44835775732845873,0.265,-0.21152225959054594,1.0,0.4855,Scale Resources,Scale Resources,Scale Resources,0.265
random_0882,431.3320628765456,0.6681664768591647,0.7624018397047164,1.1669871029391525,0.991398048885621,0.24141006629089268,0.285,-0.21152225959054594,1.0,0.49949999999999994,Scale Resources,Scale Resources,Scale Resources,0.2849999999999999
random_0883,131.14558035940738,0.09255893873833287,0.5540195020707105,1.2267184728167357,0.7259615728988198,0.33544592594926104,0.265,-0.1820457238682519,0.999675,0.48540249999999996,Scale Resources,Scale Resources,Scale Resources,0.26532500000000003
random_0884,6.1284009325136,0.63222953708832,0.9986954925203827,0.589098707579985,0.18393445246901974,0.2817669578263532,0.305,-0.21456221608653459,1.0,0.5135,Migrate VM,Migrate VM,Migrate VM,0.30499999999999994
random_0885,212.7077373885236,0.2509129289525647,0.3469600253675299,1.2764134771587252,0.3450279868426147,0.39605894478365467,0.255,-0.204913214040654,1.0,0.4785,Scale Resources,Scale Resources,Scale Resources,0.255
random_0886,20.01563139963197,0.9179425016228697,0.40688595991485366,0.6562870320695886,0.0864841962453845,0.6341832153951836,0.305,-0.20354448643687217,1.0,0.5135,Migrate VM,Migrate VM,Migrate VM,0.30499999999999994
random_0887,431.9124751318775,0.04115320005240031,0.1452724673660355,0.29277965777241466,0.6022748553477929,0.9212305027183688,0.355,-0.16229369660681792,0.999175,0.5482524999999999,Migrate VM,Migrate VM,Migrate VM,0.35582499999999995
random_0888,218.8841835327548,0.34380644819385064,0.7658406855966913,1.4851381235113028,0.24675613927720963,0.16082636230788605,0.26,-0.2064332229502308,1.0,0.482,Scale Resources,Scale Resources,Scale Resources,0.26
random_0889,178.9050162076782,0.7756033922266312,0.6950633899149783,1.3317074127124104,0.8294285601632039,0.27713031234139374,0.265,-0.20948251219930525,1.0,0.4855,Scale Resources,Scale Resources,Scale Resources,0.265
random_0890,169.84186273475504,0.04233945060917599,0.8687457758035334,1.1648594698443562,0.2981222918836933,0.06941653144936555,0.34,-0.1640472092659212,0.9991875,0.5377562499999999,Migrate VM,Migrate VM,Migrate VM,0.34081249999999996
random_0891,361.70475158122986,0.7487375195490611,0.6661786521150226,0.40756194189345907,0.9132160585086049,0.7531580190208763,0.245,-0.2064332229502308,1.0,0.4715,Scale Resources,Scale Resources,Scale Resources,0.245
random_0892,328.8781617919851,0.6509439234217875,0.9043577000916412,1.8566142661942475,0.59563741801024,0.4166694109625484,0.285,-0.20897343730880835,1.0,0.49949999999999994,Scale Resources,Scale Resources,Scale Resources,0.2849999999999999
random_0893,181.86698977970812,0.8190788410807225,0.6446053398343335,0.15453206050730728,0.1421860130150272,0.9001858951048464,0.23,-0.20846470673492257,1.0,0.46099999999999997,Scale Resources,Scale Resources,Scale Resources,0.22999999999999998
random_0894,442.2490740522504,0.9518324486974689,0.42785096732832373,1.5681218152814143,0.8282250273143216,0.3156969058381931,0.28,-0.21050169586244527,1.0,0.496,Scale Resources,Scale Resources,Scale Resources,0.28
random_0895,72.66885561357111,0.9970263616391729,0.0302192037513499,1.194671837422886,0.6502122741817089,0.6817893419696484,0.325,-0.16832143848085435,0.9991875,0.52725625,Migrate VM,Migrate VM,Migrate VM,0.32581250000000006
random_0896,127.81387198454486,0.7215792442988508,0.21639956328126553,1.6580765115033649,0.21911667408463453,0.6967060290760775,0.28,-0.20744827760561746,1.0,0.496,Scale Resources,Scale Resources,Scale Resources,0.28
random_0897,391.70674291698793,0.18894575046218876,0.23798648763260277,1.5582074774687338,0.08599897163495285,0.19076095246666414,0.275,-0.20103789308187747,1.0,0.4925,Scale Resources,Scale Resources,Scale Resources,0.275
random_0898,227.7654530949576,0.9301819287447706,0.5618778348930105,0.775355696416451,0.9783702222224766,0.46371130622128853,0.26,-0.20846470673492257,1.0,0.482,Scale Resources,Scale Resources,Scale Resources,0.26
random_0899,216.867486843741,0.4116443168877235,0.31218007260679626,0.6513896194751687,0.6878370599294981,0.040835597341881136,0.245,-0.20626738195335337,1.0,0.4715,Scale Resources,Scale Resources,Scale Resources,0.245
random_0900,340.90836282315945,0.20120449812587282,0.3842080032044929,0.293077945120664,0.5527510440724698,0.7293504449521396,0.22,-0.20121377909078908,1.0,0.45399999999999996,Scale Resources,Scale Resources,Scale Resources,0.21999999999999997
random_0901,177.32778802818234,0.16341657754026295,0.22650558193117554,1.636225837051145,0.2676487350598524,0.7747025930112271,0.275,-0.19153198523545978,0.9999,0.49247,Scale Resources,Scale Resources,Scale Resources,0.2751
random_0902,165.59970340310554,0.18873255434296254,0.727308559627431,0.9370900589504134,0.031277251274806406,0.9599424193443986,0.25,-0.19286193127769802,0.999925,0.47497749999999994,Scale Resources,Scale Resources,Scale Resources,0.25007500000000005
random_0903,73.8767225360537,0.3534069764530914,0.3847946349957073,0.9788597985168266,0.7854440223341707,0.006090279675126764,0.335,-0.20565539732190408,1.0,0.5345,Migrate VM,Migrate VM,Migrate VM,0.33499999999999996
random_0904,466.23602566803737,0.6459894602030112,0.9506488791489356,1.6347790748329716,0.9278382180832169,0.6010005509356781,0.28,-0.2120330595628358,1.0,0.496,Scale Resources,Scale Resources,Scale Resources,0.28
random_0905,178.65449143858743,0.4429140631136037,0.6580323103841129,0.8538637195326726,0.7316727834677892,0.09184801608002957,0.26,-0.20677462534431512,1.0,0.482,Scale Resources,Scale Resources,Scale Resources,0.26
random_0906,414.99332449244434,0.20418863964200418,0.9439476095247226,0.31109159987453583,0.12916419610239782,0.8118761105873928,0.225,-0.20424183684848585,1.0,0.4575,Scale Resources,Scale Resources,Scale Resources,0.22499999999999998
random_0907,409.3509138515072,0.7387594198812473,0.9605304639047046,0.5410792573708321,0.8266487389902876,0.35204053004342084,0.25,-0.21152225959054594,1.0,0.475,Scale Resources,Scale Resources,Scale Resources,0.25
random_0908,268.6993127846703,0.4456000297013287,0.005850022673607236,1.1489243870783155,0.747505887763953,0.17455238357527125,0.31,-0.11711236544958592,0.9939625,0.51518875,Migrate VM,Migrate VM,Migrate VM,0.31603749999999997
random_0909,465.8279309465187,0.5303995394185038,0.1782460031510935,1.2918951418337705,0.191922708515344,0.06353334829533641,0.275,-0.20897343730880835,1.0,0.4925,Scale Resources,Scale Resources,Scale Resources,0.275
random_0910,342.65762120962114,0.11069488330549448,0.10621744837643532,1.4798871263636266,0.05520223320807116,0.8097691790479546,0.305,-0.16978174374744537,0.9991875,0.51325625,Migrate VM,Migrate VM,Migrate VM,0.30581250000000004
random_0911,398.07437932391383,0.141393428077766,0.5183806472769689,0.1932509819378847,0.6325712197859872,0.06293001297054657,0.25,-0.19585601564864952,0.9999875,0.47499625,Scale Resources,Scale Resources,Scale Resources,0.25001249999999997
random_0912,472.24042816137364,0.20773073536958164,0.6828946559486451,0.2565828487542201,0.20959644832677649,0.45094964888337064,0.23,-0.20779014228878534,1.0,0.46099999999999997,Scale Resources,Scale Resources,Scale Resources,0.22999999999999998
random_0913,286.5480706707581,0.998863240391683,0.025926228090944137,0.0006288392881739213,0.350367094714948,0.3661563678024199,0.31,-0.15983711707939197,0.999175,0.5167525,Migrate VM,Migrate VM,Migrate VM,0.3108249999999999
random_0914,441.9186180493158,0.912582547697302,0.8805249763593188,0.28635750097209556,0.41210483518107344,0.7458851622950232,0.24,-0.20948251219930525,1.0,0.46799999999999997,Scale Resources,Scale Resources,Scale Resources,0.24
random_0915,156.3055338921207,0.6632380285105512,0.237142863191092,0.6468385159216161,0.8604296493484839,0.2505090360889951,0.25,-0.20999193163945207,1.0,0.475,Scale Resources,Scale Resources,Scale Resources,0.25
random_0916,482.16204344243147,0.3062595609368469,0.023528109823277354,0.5098018076051409,0.17120494224342575,0.5068269662175497,0.305,-0.1447897885917535,0.9989,0.51317,Migrate VM,Migrate VM,Migrate VM,0.30610000000000004
random_0917,56.35803316393001,0.6260488772454097,0.8748990705564946,0.7250377636074714,0.16849271930540444,0.400024995784413,0.305,-0.20835924298948905,1.0,0.5135,Migrate VM,Migrate VM,Migrate VM,0.30499999999999994
random_0918,392.9834107253135,0.5914876740795956,0.10114321332760312,1.0743743086540667,0.4680853814555932,0.32711225602116145,0.28,-0.20026732684439663,1.0,0.496,Scale Resources,Scale Resources,Scale Resources,0.28
random_0919,55.080298026661644,0.9811119356202749,0.1760433198932556,0.38548578158149094,0.14558269210223584,0.5701930386989381,0.305,-0.20632804424022888,1.0,0.5135,Migrate VM,Migrate VM,Migrate VM,0.30499999999999994
random_0920,221.8347872413502,0.24955718202655597,0.42942338302152816,1.3470437021234358,0.28170053149863017,0.9152457760303804,0.265,-0.20188243633979863,1.0,0.4855,Scale Resources,Scale Resources,Scale Resources,0.265
random_0921,153.1731185888529,0.19817903082285326,0.9545678468728145,1.6211212202363587,0.34313762484346555,0.841431851143876,0.275,-0.20390158744399833,1.0,0.4925,Scale Resources,Scale Resources,Scale Resources,0.275
random_0922,259.4071245769,0.3467524982610628,0.8396115895392143,1.5043301337288808,0.2978748426431058,0.6066785152579738,0.26,-0.20339628725371706,1.0,0.482,Scale Resources,Scale Resources,Scale Resources,0.26
random_0923,184.69511175989862,0.001051972560388137,0.9618157414002794,1.0992581521456735,0.5984326016657832,0.5998914256772949,0.38,-0.13327054292226248,0.994925,0.5644775,Migrate VM,Migrate VM,Migrate VM,0.38507500000000006
random_0924,275.3207304097014,0.29004784477359347,0.9715761249080562,1.2433368250305699,0.6709213605539615,0.4547927573170498,0.26,-0.20440722962915492,1.0,0.482,Scale Resources,Scale Resources,Scale Resources,0.26
random_0925,143.93070024539128,0.06434898217492935,0.35023019656788623,0.3521948585367842,0.6620882682570118,0.8790038848027194,0.33,-0.16532740407134228,0.9991875,0.53075625,Migrate VM,Migrate VM,Migrate VM,0.33081249999999995
random_0926,151.37742912282616,0.33288262541404656,0.6703645038290117,0.2985428684824727,0.9294374266776991,0.36384678102548307,0.235,-0.20779014228878534,1.0,0.46449999999999997,Scale Resources,Scale Resources,Scale Resources,0.235
random_0927,50.59972296338733,0.1746840049206415,0.9327460760074581,0.49423857673803995,0.6622688038312864,0.15616522353826512,0.285,-0.19859567713623416,1.0,0.49949999999999994,Scale Resources,Scale Resources,Scale Resources,0.2849999999999999
random_0928,97.05084617438887,0.8792382188999776,0.1480332201025618,0.037501173472558325,0.5012331895262763,0.8627268132629347,0.315,-0.20379676394520907,1.0,0.5205,Migrate VM,Migrate VM,Migrate VM,0.31499999999999995
random_0929,162.99552270781237,0.1281622706457105,0.9822308295656378,1.3534772589788266,0.8506906319481564,0.7521382723289237,0.285,-0.1875659121169354,0.999725,0.49941749999999996,Scale Resources,Scale Resources,Scale Resources,0.28527499999999995
random_0930,349.1211369945951,0.3845640671309203,0.3243399932036394,1.4339171917889482,0.7167130081772302,0.9505883840490933,0.275,-0.20339628725371706,1.0,0.4925,Scale Resources,Scale Resources,Scale Resources,0.275
random_0931,284.32990892416115,0.29462110578767353,0.48952879933047744,1.2274276334518384,0.4267297995769125,0.7911331233595482,0.26,-0.20188243633979863,1.0,0.482,Scale Resources,Scale Resources,Scale Resources,0.26
random_0932,292.30660610791887,0.009435727627650548,0.5698398882320085,1.267207571883722,0.9152612515440707,0.41372167366418855,0.355,-0.12870375149936264,0.9942,0.5467599999999999,Migrate VM,Migrate VM,Migrate VM,0.3608
random_0933,287.2338296356792,0.47499745071437394,0.5316564284688854,0.13460814133799293,0.8972836675331015,0.9104123398316256,0.23,-0.20626738195335337,1.0,0.46099999999999997,Scale Resources,Scale Resources,Scale Resources,0.22999999999999998
random_0934,274.0298049213163,0.5565555157209455,0.05755603594395453,1.1959010262395136,0.42915178987916247,0.7090436302344373,0.27,-0.18434393339460886,0.999725,0.4889175,Scale Resources,Scale Resources,Scale Resources,0.27027500000000004
random_0935,23.562458297786193,0.7108876827294898,0.2868938238323139,1.303410660906216,0.627125975312123,0.22684148463223253,0.275,-0.2060749118491535,1.0,0.4925,Scale Resources,Scale Resources,Scale Resources,0.275
random_0936,220.22617260813337,0.8356332590533245,0.6055916435947739,0.13747660395682293,0.4429088313208297,0.311771458777917,0.23,-0.21050169586244527,1.0,0.46099999999999997,Scale Resources,Scale Resources,Scale Resources,0.22999999999999998
random_0937,320.82283945581634,0.6145639412952608,0.010398101510140534,1.215391018836926,0.7348496539849367,0.7687300324015754,0.27,-0.12623643279892927,0.9941875,0.48725625,Scale Resources,Scale Resources,Scale Resources,0.2758125
random_0938,29.487885194980578,0.30365841710986896,0.4212735605515239,0.3595434155898236,0.4207338711650098,0.07112953582559234,0.3,-0.20222176615684484,1.0,0.51,Migrate VM,Migrate VM,Migrate VM,0.30000000000000004
random_0939,56.60864150352579,0.6686947628434194,0.262572461160155,1.422811694959145,0.048108528016667984,0.5627030530435029,0.27,-0.20379676394520907,1.0,0.489,Scale Resources,Scale Resources,Scale Resources,0.27
random_0940,195.72433179342013,0.7969713919154653,0.7839515802055619,0.7511192849150163,0.6227140140877143,0.2275488688194881,0.245,-0.20897343730880835,1.0,0.4715,Scale Resources,Scale Resources,Scale Resources,0.245
random_0941,290.2034180902101,0.08126469394752245,0.4346042841186101,0.3654553630762183,0.8833811820915227,0.4449008179668318,0.295,-0.1765089820371487,0.9992625,0.50627875,Migrate VM,Migrate VM,Migrate VM,0.2957375
random_0942,295.3868743187674,0.3603818603300104,0.2887410352398029,0.40583956612306715,0.9118715826670196,0.7994657824269527,0.235,-0.20373630652797403,1.0,0.46449999999999997,Scale Resources,Scale Resources,Scale Resources,0.235
random_0943,66.63057221551544,0.7467248762917983,0.4185307770366532,0.03079330992113971,0.528367320376222,0.1300464400848661,0.31,-0.20988625361063973,1.0,0.517,Migrate VM,Migrate VM,Migrate VM,0.31000000000000005
random_0944,104.96715654679734,0.696040961424093,0.2571420371411961,1.7837764036836332,0.6571697584241699,0.8322834849108091,0.305,-0.20582110289773825,1.0,0.5135,Migrate VM,Migrate VM,Migrate VM,0.30499999999999994
random_0945,307.59476916509203,0.8688495910220159,0.3616846750221502,1.0982811537711594,0.5158904004443335,0.9037907080779705,0.29,-0.20592621046933268,1.0,0.503,Migrate VM,Migrate VM,Migrate VM,0.29000000000000004
random_0946,82.45770430430677,0.5780607631866924,0.7544311942269804,0.7400995210673207,0.8675815246159764,0.37301476707773407,0.32,-0.20835924298948905,1.0,0.524,Migrate VM,Migrate VM,Migrate VM,0.32000000000000006
random_0947,86.65437994795805,0.5840483554050317,0.4205680100373125,0.030380209364009092,0.06983859249350322,0.19527718020659002,0.315,-0.20734295647432532,1.0,0.5205,Migrate VM,Migrate VM,Migrate VM,0.31499999999999995
random_0948,384.6649797590762,0.8920395160337483,0.5456408740142225,0.21113092502824693,0.534418952241846,0.855605460596945,0.23,-0.21050169586244527,1.0,0.46099999999999997,Scale Resources,Scale Resources,Scale Resources,0.22999999999999998
random_0949,374.7388145612948,0.29109816369737496,0.12389060928835782,1.801363399524486,0.854088746632211,0.05371536514522579,0.28,-0.19775651490058854,1.0,0.496,Scale Resources,Scale Resources,Scale Resources,0.28
random_0950,411.83724491228213,0.09721263778493949,0.06328363340203702,1.517201794292519,0.536310621924958,0.4145480240903189,0.33,-0.15265492493174682,0.9990125,0.53070375,Migrate VM,Migrate VM,Migrate VM,0.3309875
random_0951,451.93109798801095,0.8393035720677537,0.057623471547056604,1.2321744838823447,0.7722674032074582,0.5504905797749521,0.28,-0.18977875830198876,0.9998375,0.49595125,Scale Resources,Scale Resources,Scale Resources,0.2801625
random_0952,491.5027495380941,0.6860475046475483,0.1041430126970253,0.3965960239999069,0.826245621199462,0.9967566731443,0.235,-0.18605040354362457,0.999725,0.4644175,Scale Resources,Scale Resources,Scale Resources,0.235275
random_0953,49.16963343619485,0.1003293178450484,0.7633870541432835,0.12870856343307913,0.06856011606484747,0.8888164830096625,0.315,-0.18113454240931548,0.9996625,0.52039875,Migrate VM,Migrate VM,Migrate VM,0.31533750000000005
random_0954,400.22490615922544,0.8815631998643823,0.6505134021327537,0.6450728438777169,0.9063131903327911,0.2987235249744318,0.245,-0.21152225959054594,1.0,0.4715,Scale Resources,Scale Resources,Scale Resources,0.245
random_0955,137.75541972742468,0.8864004191927712,0.6808225924932079,1.7913441694184855,0.1559012892539724,0.9522967977656314,0.28,-0.20795632024476685,1.0,0.496,Scale Resources,Scale Resources,Scale Resources,0.28
random_0956,306.37107835016354,0.6680350440934276,0.9140605803264515,0.7615059493892573,0.7195749946958622,0.640340621124484,0.245,-0.20592621046933268,1.0,0.4715,Scale Resources,Scale Resources,Scale Resources,0.245
random_0957,393.8763594329801,0.8969427918333073,0.6800608554300946,0.13527910900612872,0.18314034584978023,0.9539781822670841,0.23,-0.21050169586244527,1.0,0.46099999999999997,Scale Resources,Scale Resources,Scale Resources,0.22999999999999998
random_0958,484.32523668861313,0.9674133136983625,0.036799400400117976,0.7648963358988365,0.759672703987996,0.7528858036578309,0.29,-0.17748512678695272,0.9992875,0.50278625,Migrate VM,Migrate VM,Migrate VM,0.29071249999999993
random_0959,42.954452474979256,0.609488887089519,0.14286961854085745,0.9864186657355867,0.2396857008411215,0.053161171734727675,0.32,-0.20379676394520907,1.0,0.524,Migrate VM,Migrate VM,Migrate VM,0.32000000000000006
random_0960,40.00971276330478,0.9108929497299082,0.7446459642015341,1.863647963545901,0.4699899323335527,0.4132924989528043,0.285,-0.20734295647432532,1.0,0.49949999999999994,Scale Resources,Scale Resources,Scale Resources,0.2849999999999999
random_0961,179.2036462510478,0.61630709605209,0.3515593869713336,1.4925464679640124,0.8013173262158622,0.875844593429381,0.26,-0.20592621046933268,1.0,0.482,Scale Resources,Scale Resources,Scale Resources,0.26
random_0962,121.40046512263864,0.5270220492923754,0.22344461672983884,0.07511164684068228,0.7078253041698377,0.5489812739351246,0.24,-0.20937690564661837,1.0,0.46799999999999997,Scale Resources,Scale Resources,Scale Resources,0.24
random_0963,361.9636397765418,0.08762291140653711,0.995526179061942,1.988697133894064,0.4649998255035127,0.866058715183836,0.32,-0.1771554482815254,0.999275,0.5237825,Migrate VM,Migrate VM,Migrate VM,0.3207249999999999
random_0964,121.7842779027784,0.737566161223297,0.8792258568135658,1.629332532161557,0.8117740782411574,0.4630266320888651,0.275,-0.20835924298948905,1.0,0.4925,Scale Resources,Scale Resources,Scale Resources,0.275
random_0965,409.99497388938636,0.6907048130213005,0.13245139814420437,0.22836880812904026,0.7719221359346399,0.6254640887729238,0.235,-0.20592621046933268,1.0,0.46449999999999997,Scale Resources,Scale Resources,Scale Resources,0.235
random_0966,259.68805859568874,0.9072617908488282,0.6595903568712186,0.7922934901766003,0.4139318081761838,0.6052443608175849,0.26,-0.20592621046933268,1.0,0.482,Scale Resources,Scale Resources,Scale Resources,0.26
random_0967,380.1376423431742,0.5643533069491241,0.5087608822191797,1.4538014053083637,0.7052645499070364,0.830346840613561,0.275,-0.20795632024476685,1.0,0.4925,Scale Resources,Scale Resources,Scale Resources,0.275
random_0968,31.275893138647206,0.7549521320819789,0.51376045095169,0.14938624006630374,0.6790100281695197,0.7165401940019428,0.305,-0.20592621046933268,1.0,0.5135,Migrate VM,Migrate VM,Migrate VM,0.30499999999999994
random_0969,261.8135847723422,0.7937989776497628,0.3002481086293015,0.40381443706287223,0.3507339517432785,0.4100505132959775,0.235,-0.20897343730880835,1.0,0.46449999999999997,Scale Resources,Scale Resources,Scale Resources,0.235
random_0970,347.9668012010844,0.8455199378782277,0.7209181900786765,0.347975118139203,0.3662170848002574,0.158413713447778,0.235,-0.20897343730880835,1.0,0.46449999999999997,Scale Resources,Scale Resources,Scale Resources,0.235
random_0971,343.36209977902564,0.24817187821689413,0.5253869328518468,1.5836596863893686,0.6709392749216151,0.2983739906651327,0.28,-0.20339628725371706,1.0,0.496,Scale Resources,Scale Resources,Scale Resources,0.28
random_0972,166.43337530817044,0.6533642866030318,0.5494677493399441,0.19278697494008878,0.8739915892735461,0.5126132480536286,0.23,-0.2110118051016392,1.0,0.46099999999999997,Scale Resources,Scale Resources,Scale Resources,0.22999999999999998
random_0973,236.68050659873268,0.19843933663226232,0.3769938189705373,0.6656497246301982,0.27073568282942684,0.5674065746467731,0.23,-0.20323111812667694,1.0,0.46099999999999997,Scale Resources,Scale Resources,Scale Resources,0.22999999999999998
random_0974,231.13768014014101,0.8891976853146673,0.9413439770471609,0.43894685845618175,0.10010542876721051,0.7853375514877494,0.245,-0.2064332229502308,1.0,0.4715,Scale Resources,Scale Resources,Scale Resources,0.245
random_0975,497.4307018193045,0.8636000698541542,0.023697402118734723,0.502527101412932,0.04334227704126392,0.8207793770411665,0.31,-0.14806640235708923,0.998925,0.5166775,Migrate VM,Migrate VM,Migrate VM,0.311075
random_0976,290.7034881461582,0.5137185411670538,0.5544498819965276,0.5049025173931823,0.6016383691388628,0.030666978464029993,0.245,-0.20846470673492257,1.0,0.4715,Scale Resources,Scale Resources,Scale Resources,0.245
random_0977,323.0058619854198,0.7344338301788308,0.6730262637118272,0.6642350366244405,0.8262629151275427,0.7155439971174821,0.245,-0.20592621046933268,1.0,0.4715,Scale Resources,Scale Resources,Scale Resources,0.245
random_0978,64.14866146213893,0.19514422053831504,0.6371084131782386,0.5788322671120523,0.11943294144623695,0.1549689931498922,0.3,-0.20312638870075828,1.0,0.51,Migrate VM,Migrate VM,Migrate VM,0.30000000000000004
random_0979,82.80859027020033,0.4777909068183822,0.6073854534294973,0.3528045497088299,0.7124966103632211,0.28101260750152846,0.32,-0.2076847731908058,1.0,0.524,Migrate VM,Migrate VM,Migrate VM,0.32000000000000006
random_0980,155.77906919698043,0.22349862107410756,0.785206135943191,1.919627665873754,0.4924998486780927,0.0420306414319922,0.285,-0.2064332229502308,1.0,0.49949999999999994,Scale Resources,Scale Resources,Scale Resources,0.2849999999999999
random_0981,130.28465821273792,0.15805029111884605,0.8427622848520179,0.16970797486641032,0.9664762406883838,0.588513776624626,0.24,-0.19385860920199705,0.9999625,0.46798874999999995,Scale Resources,Scale Resources,Scale Resources,0.24003750000000001
random_0982,258.8698935370816,0.8473506224191868,0.02754762129145616,1.5543054988140192,0.11660404556851656,0.8407780989404321,0.31,-0.1607890764798846,0.999175,0.5167525,Migrate VM,Migrate VM,Migrate VM,0.3108249999999999
random_0983,264.5881096189309,0.06112940236009179,0.8332450388013244,0.054628234142503285,0.1383706928936035,0.7978245238266289,0.34,-0.1677283247797019,0.9991875,0.5377562499999999,Migrate VM,Migrate VM,Migrate VM,0.34081249999999996
random_0984,232.43556192894548,0.8813887043548337,0.6354292727910835,1.247057508740816,0.29223510613201487,0.13368052355173354,0.26,-0.20846470673492257,1.0,0.482,Scale Resources,Scale Resources,Scale Resources,0.26
random_0985,480.5861954483413,0.10479768914339516,0.5290106000735676,0.5451371816695605,0.2641406635814547,0.5945862193028131,0.29,-0.18434230790296258,0.999725,0.5029175,Migrate VM,Migrate VM,Migrate VM,0.29027500000000006
random_0986,398.96705858943443,0.7771794828312787,0.8688016891935535,0.5858054758247342,0.4657513817150738,0.009334573220024955,0.245,-0.21152225959054594,1.0,0.4715,Scale Resources,Scale Resources,Scale Resources,0.245
random_0987,373.42881156818277,0.30234311214228304,0.5614935332701865,0.3386005640389014,0.8193995071343285,0.8172722192782778,0.23,-0.20121377909078908,1.0,0.46099999999999997,Scale Resources,Scale Resources,Scale Resources,0.22999999999999998
random_0988,438.72645737647775,0.04593699710672283,0.9924587097750137,0.49555882887938907,0.30943368604734944,0.2493357291904461,0.36,-0.17126134808710824,0.9991875,0.55175625,Migrate VM,Migrate VM,Migrate VM,0.3608125
random_0989,133.7663491832662,0.5526613561036466,0.23981054430377957,0.7875426228008096,0.6556065824432153,0.8360262035777268,0.26,-0.20795632024476685,1.0,0.482,Scale Resources,Scale Resources,Scale Resources,0.26
random_0990,346.37075013343974,0.5943228447873232,0.1477285625410687,1.6322312030825652,0.037274887993038686,0.2641916632353021,0.28,-0.2008749081350346,1.0,0.496,Scale Resources,Scale Resources,Scale Resources,0.28
random_0991,28.529458465980596,0.6674289755844626,0.3683710825935145,1.3040969664097335,0.3470309593035903,0.4557407307994942,0.275,-0.2060749118491535,1.0,0.4925,Scale Resources,Scale Resources,Scale Resources,0.275
random_0992,228.98050508309043,0.0455806536675446,0.43022652634600356,1.2821287262304053,0.5460522460754338,0.07528376627828726,0.335,-0.16788563778574883,0.9991875,0.53425625,Migrate VM,Migrate VM,Migrate VM,0.33581250000000007
random_0993,334.0279928433744,0.30886275491526094,0.014434802779022093,0.31119111416849043,0.4975596573165595,0.31040165903006867,0.255,-0.12468442156629267,0.9941875,0.47675625,Scale Resources,Scale Resources,Scale Resources,0.2608125
random_0994,347.1915068767754,0.24065347556576444,0.7727961684751686,0.5729543627879599,0.6208637075844157,0.7992163802511801,0.235,-0.20071029681979813,1.0,0.46449999999999997,Scale Resources,Scale Resources,Scale Resources,0.235
random_0995,192.77806432187444,0.04680494181547046,0.5354455210588809,1.9908181230890005,0.9689918663769136,0.22102219394416822,0.35,-0.16978174374744537,0.9991875,0.5447562499999999,Migrate VM,Migrate VM,Migrate VM,0.35081249999999997
random_0996,377.84825471212616,0.34495183182006595,0.16027248018309148,1.3318294012049865,0.500868729526769,0.5392305576556773,0.275,-0.20390158744399833,1.0,0.4925,Scale Resources,Scale Resources,Scale Resources,0.275
random_0997,413.6963311177542,0.33654367588742307,0.667094759555663,0.7323829339252506,0.04272389658042919,0.3780151073363489,0.245,-0.20525392417297494,1.0,0.4715,Scale Resources,Scale Resources,Scale Resources,0.245
random_0998,475.01723160206734,0.48326248208841704,0.10823043683686817,1.3756536587524517,0.9633793497185212,0.9079452465442571,0.28,-0.201777896146055,1.0,0.496,Scale Resources,Scale Resources,Scale Resources,0.28
random_0999,285.9804189040693,0.3762807443485312,0.5806776685092404,1.631862124398499,0.8612373420184543,0.8188438849424412,0.275,-0.204913214040654,1.0,0.4925,Scale Resources,Scale Resources,Scale Resources,0.275
random_1000,227.73818922086886,0.11885798957022997,0.5691734267387764,0.31285765606673044,0.06095833389785599,0.4986678334288609,0.27,-0.1864162952262487,0.999725,0.4889175,Scale Resources,Scale Resources,Scale Resources,0.27027500000000004
random_1001,327.68672502331395,0.854147306406393,0.7828355539543036,1.7144810255130964,0.7600687708208905,0.7032393969061393,0.285,-0.2064332229502308,1.0,0.49949999999999994,Scale Resources,Scale Resources,Scale Resources,0.2849999999999999
random_1002,5.068784570349816,0.6261023118092105,0.12048180413911769,0.11733426466508212,0.1564121521056554,0.8232921614417502,0.295,-0.20782116123700867,1.0,0.5065,Migrate VM,Migrate VM,Migrate VM,0.29499999999999993
random_1003,371.9246965500107,0.9487724052052123,0.9789762586504105,1.7865679727479642,0.13292605097699917,0.8783827409249804,0.285,-0.2064332229502308,1.0,0.49949999999999994,Scale Resources,Scale Resources,Scale Resources,0.2849999999999999
random_1004,419.31856739432266,0.8710858598596973,0.15168561711649142,0.23358365554663507,0.9238088795840816,0.17382664913450452,0.24,-0.20846470673492257,1.0,0.46799999999999997,Scale Resources,Scale Resources,Scale Resources,0.24
random_1005,184.3108655213006,0.45598484949406026,0.12444252782956444,0.04126857606509482,0.9940904697671161,0.8766572448349611,0.235,-0.2001028499460803,1.0,0.46449999999999997,Scale Resources,Scale Resources,Scale Resources,0.235
random_1006,456.16896467531865,0.2845630692721185,0.22010157274543907,0.8517331163508532,0.45331936897800684,0.005599438864240636,0.27,-0.20525392417297494,1.0,0.489,Scale Resources,Scale Resources,Scale Resources,0.27
random_1007,389.62655627991643,0.9966670381420173,0.5286908701020894,0.7765173900249025,0.3927518932212033,0.09607713217210068,0.26,-0.21152225959054594,1.0,0.482,Scale Resources,Scale Resources,Scale Resources,0.26
random_1008,133.08090918200588,0.5021327886346312,0.43184800113469735,1.0900694914862203,0.8490656486374066,0.22524230269961198,0.275,-0.21050169586244527,1.0,0.4925,Scale Resources,Scale Resources,Scale Resources,0.275
random_1009,13.832090453155976,0.038225445282740744,0.13416880530685837,1.140965969608805,0.8081848100379248,0.8868059392806316,0.37,-0.15485272933163852,0.99905,0.5587150000000001,Migrate VM,Migrate VM,Migrate VM,0.37095
random_1010,317.55660098748564,0.40314325245089344,0.15451470815614743,0.8028366788869581,0.33241513390778354,0.8700258808571377,0.265,-0.20020715508280817,1.0,0.4855,Scale Resources,Scale Resources,Scale Resources,0.265
random_1011,243.35968870530363,0.22619589995452882,0.2888010668157799,0.272940329085378,0.9185854490691312,0.05034584623646854,0.225,-0.20373630652797403,1.0,0.4575,Scale Resources,Scale Resources,Scale Resources,0.22499999999999998
random_1012,6.423124277947112,0.18298893352686874,0.8108740179106257,1.0469335732621625,0.6258432873769864,0.3577316754157348,0.32,-0.20234018284169852,1.0,0.524,Migrate VM,Migrate VM,Migrate VM,0.32000000000000006
random_1013,34.33899277458502,0.8561581624921681,0.19189427212540744,0.06611840109022937,0.5727041359331937,0.08328922038460107,0.3,-0.20744827760561746,1.0,0.51,Migrate VM,Migrate VM,Migrate VM,0.30000000000000004
random_1014,47.880925929917105,0.8003770314825251,0.4916095893179955,0.483016904494286,0.34862642335951877,0.7292409788431715,0.3,-0.20632804424022888,1.0,0.51,Migrate VM,Migrate VM,Migrate VM,0.30000000000000004
random_1015,33.17707237830092,0.11648061593320991,0.6162620349905696,1.2139434689342146,0.9724621845353718,0.3745494812554496,0.275,-0.19151689422053275,0.9999,0.49247,Scale Resources,Scale Resources,Scale Resources,0.2751
random_1016,32.53881358875793,0.5375374348496279,0.6383468117617903,0.27920557157249815,0.5528619735351967,0.1977671216582646,0.31,-0.20744827760561746,1.0,0.517,Migrate VM,Migrate VM,Migrate VM,0.31000000000000005
random_1017,422.36502894053416,0.8351614957838297,0.4296290959984418,1.933486381025608,0.9797738744497416,0.1292510889476195,0.285,-0.2120330595628358,1.0,0.49949999999999994,Scale Resources,Scale Resources,Scale Resources,0.2849999999999999
random_1018,183.85690241623382,0.6003214700466446,0.08483780958144438,0.7653110076282741,0.26117208401659076,0.9520502209667041,0.26,-0.1947547310575689,0.999975,0.4819925,Scale Resources,Scale Resources,Scale Resources,0.26002500000000006
random_1019,205.79291141573523,0.7626708585475125,0.38670536351217377,0.26362414083767094,0.8631515301608474,0.00041691690310385887,0.23,-0.21050169586244527,1.0,0.46099999999999997,Scale Resources,Scale Resources,Scale Resources,0.22999999999999998
random_1020,27.97043698722501,0.36438440589704324,0.6868982555187365,0.6834085905815515,0.06631281762097496,0.3178400337341488,0.305,-0.2008579628265187,1.0,0.5135,Migrate VM,Migrate VM,Migrate VM,0.30499999999999994
random_1021,122.49042949508116,0.005419799818197957,0.5348019131804018,0.23329182948837213,0.2874962887966661,0.6411898302224145,0.41,-0.1229976294171996,0.99415,0.585245,Migrate VM,Migrate VM,Migrate VM,0.41585000000000005
random_1022,362.5578444114886,0.26345562685602253,0.329193671065234,0.49381847625493047,0.9568886003161919,0.19051972698740283,0.24,-0.20373630652797403,1.0,0.46799999999999997,Scale Resources,Scale Resources,Scale Resources,0.24
random_1023,91.59030181683814,0.445035295831532,0.18930635920056915,0.3134169125712163,0.09587953770108548,0.6401712481082494,0.315,-0.20211717835207843,1.0,0.5205,Migrate VM,Migrate VM,Migrate VM,0.31499999999999995
random_1024,306.041127450948,0.6501628918779663,0.7733000080093962,0.6527160255851516,0.9184237336119215,0.733204611068756,0.245,-0.20592621046933268,1.0,0.4715,Scale Resources,Scale Resources,Scale Resources,0.245
random_1025,402.35429429059343,0.7209621638267112,0.3584556454325618,0.5660649761252698,0.42251706957901414,0.09703036053335845,0.245,-0.21152225959054594,1.0,0.4715,Scale Resources,Scale Resources,Scale Resources,0.245
random_1026,225.64025078297357,0.04314098309523984,0.003945960027194495,1.8629978789493855,0.6893368605878929,0.5618469470659689,0.33,-0.020477228968181604,0.9621999999999999,0.51966,Migrate VM,Migrate VM,Migrate VM,0.3678000000000001
random_1027,170.5510197115289,0.5705380146850741,0.8915757763383317,1.3047602678877293,0.6024819979535042,0.46020450297167803,0.265,-0.20948251219930525,1.0,0.4855,Scale Resources,Scale Resources,Scale Resources,0.265
random_1028,172.848515325429,0.6985471139217118,0.9809809410158142,0.8495153870411802,0.3922052040142008,0.4281134723650425,0.26,-0.20948251219930525,1.0,0.482,Scale Resources,Scale Resources,Scale Resources,0.26
random_1029,212.77198402486076,0.9906247733684951,0.7067782575093406,0.7183688984211833,0.3715023738267226,0.43079692474405573,0.245,-0.20897343730880835,1.0,0.4715,Scale Resources,Scale Resources,Scale Resources,0.245
random_1030,18.356093790224847,0.52781640202125,0.8113809515227647,1.3211355864150212,0.1984208467615416,0.7280342413783699,0.275,-0.20354448643687217,1.0,0.4925,Scale Resources,Scale Resources,Scale Resources,0.275
random_1031,359.72930316601514,0.26253921564899707,0.6228746568569351,1.2218980662438723,0.8397876238561816,0.13607231183344126,0.265,-0.20440722962915492,1.0,0.4855,Scale Resources,Scale Resources,Scale Resources,0.265
random_1032,97.41925225576136,0.48596950376780523,0.04414514889230703,0.8311883952034131,0.7882190419997233,0.14871439398399822,0.32,-0.17527754383701222,0.99925,0.5237749999999999,Migrate VM,Migrate VM,Migrate VM,0.3207500000000001
random_1033,229.9743684682624,0.9897692333824446,0.5059200134248644,0.9966476482441811,0.5587935837241681,0.1860043703327412,0.26,-0.20846470673492257,1.0,0.482,Scale Resources,Scale Resources,Scale Resources,0.26
random_1034,73.58194134297213,0.6773546291151085,0.3957668099057702,0.5798132564309515,0.031391619919897584,0.8460504971784825,0.32,-0.20228210098455224,1.0,0.524,Migrate VM,Migrate VM,Migrate VM,0.32000000000000006
random_1035,16.16443292241637,0.7499831240833194,0.381988558998581,1.1973756210093003,0.24767800069016233,0.15539966623207313,0.28,-0.20858411517966768,1.0,0.496,Scale Resources,Scale Resources,Scale Resources,0.28
random_1036,266.6940004174737,0.6956176949541436,0.19549329494514656,0.8727178948651284,0.44465497029139567,0.2159791490794628,0.26,-0.20744827760561746,1.0,0.482,Scale Resources,Scale Resources,Scale Resources,0.26
random_1037,282.5247231260655,0.14593568678170066,0.50974917331858,0.226863022731999,0.48554240885513744,0.31159905487555684,0.24,-0.19286193127769802,0.999925,0.46797749999999994,Scale Resources,Scale Resources,Scale Resources,0.24007500000000004
random_1038,226.1231460407675,0.43374935944317417,0.9079331228185928,0.9798711999129255,0.8184989038768744,0.22565239291171524,0.255,-0.2057604816402544,1.0,0.4785,Scale Resources,Scale Resources,Scale Resources,0.255
random_1039,176.04139731712942,0.07508938063319093,0.4207477948214936,1.337399774149862,0.8381670341093962,0.5659149117991552,0.305,-0.1747226901416956,0.9992125,0.51326375,Migrate VM,Migrate VM,Migrate VM,0.3057875000000001
random_1040,320.0363347965393,0.17726707761694815,0.037206038233439376,1.583376290354632,0.1670382074412864,0.09116953553275242,0.33,-0.16077383878376228,0.999175,0.5307525,Migrate VM,Migrate VM,Migrate VM,0.3308249999999999
random_1041,468.7811604532977,0.9635213640591765,0.6162572916024947,0.7572745453745868,0.833239540964052,0.20471995933541243,0.25,-0.21152225959054594,1.0,0.475,Scale Resources,Scale Resources,Scale Resources,0.25
random_1042,214.69616371484096,0.35701729900060175,0.9126999907416816,1.8395548307245473,0.6508859263236664,0.11074014027269186,0.275,-0.20795632024476685,1.0,0.4925,Scale Resources,Scale Resources,Scale Resources,0.275
random_1043,241.09639482915125,0.24532836622405674,0.8849156631844819,0.2768055980324038,0.05431027586070736,0.7044290335500782,0.23,-0.19869977077339684,1.0,0.46099999999999997,Scale Resources,Scale Resources,Scale Resources,0.22999999999999998
random_1044,226.64303748407644,0.8383648876030845,0.07462963116931176,1.602152265215685,0.037334752844158325,0.02807001191395697,0.285,-0.1858221492222054,0.999725,0.49941749999999996,Scale Resources,Scale Resources,Scale Resources,0.28527499999999995
random_1045,230.65787586551482,0.22129128968065181,0.5937187070065306,0.05163398842294087,0.03538954236297853,0.7271484961719404,0.225,-0.19869977077339684,1.0,0.4575,Scale Resources,Scale Resources,Scale Resources,0.22499999999999998
random_1046,105.08258124615583,0.6564171236607336,0.7499221615007585,0.11866233144993488,0.7697539544642392,0.26842121796128604,0.285,-0.20937690564661837,1.0,0.49949999999999994,Scale Resources,Scale Resources,Scale Resources,0.2849999999999999
random_1047,194.77297909987414,0.08663919229531669,0.8386299833648527,1.121457572651528,0.5046652778471722,0.9685548109027556,0.335,-0.17602220904049026,0.99925,0.5342749999999999,Migrate VM,Migrate VM,Migrate VM,0.33575
random_1048,167.25287997033539,0.890779286476696,0.7196878810646042,1.8570562717044778,0.9078020527624597,0.9910298050260696,0.27,-0.20188243633979863,1.0,0.489,Scale Resources,Scale Resources,Scale Resources,0.27
random_1049,65.83837601857878,0.796016392091595,0.8044943549475032,1.2887470563569736,0.278860958238202,0.9651482716283151,0.28,-0.20582110289773825,1.0,0.496,Scale Resources,Scale Resources,Scale Resources,0.28
random_1050,102.21106894510478,0.499575378358439,0.5214871128191862,0.32365868967207767,0.7225288223332409,0.08886716418023977,0.3,-0.20835924298948905,1.0,0.51,Migrate VM,Migrate VM,Migrate VM,0.30000000000000004
random_1051,346.5488894233555,0.8486154962906369,0.34939642508239954,1.4188416171984004,0.1567740081478498,0.8459490014528787,0.275,-0.204913214040654,1.0,0.4925,Scale Resources,Scale Resources,Scale Resources,0.275
random_1052,476.01584927661236,0.1526936934997769,0.6918594739723322,1.0116621931130516,0.5314993318323786,0.7064897186006882,0.27,-0.191866601118602,0.9999,0.48897,Scale Resources,Scale Resources,Scale Resources,0.2701
random_1053,244.37024966821863,0.6003263920177168,0.2309010194113772,0.7570131929772606,0.865240350071502,0.1099025116483856,0.245,-0.20846470673492257,1.0,0.4715,Scale Resources,Scale Resources,Scale Resources,0.245
random_1054,298.78763046681996,0.18428706223489022,0.846539597923372,1.1580879077070996,0.4030487826702711,0.24982467365181793,0.27,-0.19435745414631167,0.999975,0.4889925,Scale Resources,Scale Resources,Scale Resources,0.27002500000000007
random_1055,218.4223495948172,0.9576123259217423,0.5092092897436206,0.9389790633997204,0.7462738135003091,0.3790470708319067,0.265,-0.20897343730880835,1.0,0.4855,Scale Resources,Scale Resources,Scale Resources,0.265
random_1056,213.711974940397,0.33694773157161906,0.1509197553293914,1.4276184284053013,0.8730309138836237,0.9055926492427656,0.27,-0.1993661698225072,1.0,0.489,Scale Resources,Scale Resources,Scale Resources,0.27
random_1057,440.4014690188898,0.4517838024379929,0.2840661922031963,1.2758474992016469,0.9547049119060317,0.727050648168605,0.27,-0.20897343730880835,1.0,0.489,Scale Resources,Scale Resources,Scale Resources,0.27
random_1058,247.4242807950783,0.6888085745134482,0.772537912454397,1.8385385226561415,0.7632157539721541,0.4331905556359056,0.275,-0.20897343730880835,1.0,0.4925,Scale Resources,Scale Resources,Scale Resources,0.275
random_1059,136.80325923274205,0.4998816647295913,0.3281779446054718,1.885529185375628,0.5079658434499622,0.4720563359640083,0.28,-0.21050169586244527,1.0,0.496,Scale Resources,Scale Resources,Scale Resources,0.28
random_1060,174.09810907743145,0.6394069902916003,0.5200512786209478,0.25809784579651307,0.8692078108304946,0.3590128321437984,0.23,-0.2110118051016392,1.0,0.46099999999999997,Scale Resources,Scale Resources,Scale Resources,0.22999999999999998
random_1061,216.28921497907712,0.2056670566635791,0.5533982076178892,1.404110124857166,0.8811653206259396,0.05160766497226266,0.265,-0.20390158744399833,1.0,0.4855,Scale Resources,Scale Resources,Scale Resources,0.265
random_1062,486.6659548496892,0.7038177420203567,0.2842986844115174,0.4089495100279321,0.29608791865459794,0.8757257516664424,0.25,-0.20948251219930525,1.0,0.475,Scale Resources,Scale Resources,Scale Resources,0.25
random_1063,145.6950865979752,0.4628211345572357,0.7057380542422326,1.743979727447771,0.6585711623461041,0.7531091965344227,0.28,-0.20795632024476685,1.0,0.496,Scale Resources,Scale Resources,Scale Resources,0.28
random_1064,86.6633981479778,0.8774078276911388,0.27571918361811065,0.2567563281130314,0.9762442903406693,0.20163992545416098,0.315,-0.20988625361063973,1.0,0.5205,Migrate VM,Migrate VM,Migrate VM,0.31499999999999995
random_1065,68.32598503898824,0.6260209001017866,0.3188631494960953,0.2666984103609866,0.601121117215876,0.7589852272222355,0.31,-0.20632804424022888,1.0,0.517,Migrate VM,Migrate VM,Migrate VM,0.31000000000000005
random_1066,396.5991871035783,0.15551260101227238,0.5568670679399422,1.6273567413629213,0.16108701142418524,0.2076822517706749,0.285,-0.19601955279995076,0.9999875,0.49949625,Scale Resources,Scale Resources,Scale Resources,0.2850124999999999
random_1067,1.20569871583881,0.5246341563952881,0.19468169686195091,1.4484851514537982,0.9622138556176058,0.20875548899907026,0.27,-0.2116421537612483,1.0,0.489,Scale Resources,Scale Resources,Scale Resources,0.27
random_1068,324.5485058817663,0.21183446145851137,0.018006858979704,1.5171083884291696,0.4340046766508928,0.9467868615146531,0.25,-0.1278703238256339,0.9942,0.47325999999999996,Scale Resources,Scale Resources,Scale Resources,0.2558
random_1069,267.14294107170275,0.15748286897568398,0.4497744417972779,0.405783589612033,0.8780292726865745,0.6909031808875248,0.235,-0.18938416023936533,0.9997625,0.46442874999999995,Scale Resources,Scale Resources,Scale Resources,0.2352375
random_1070,170.6194023273518,0.5278203228071404,0.6694801882130285,1.5657154332908505,0.08014720987054169,0.022518841995246786,0.27,-0.20846470673492257,1.0,0.489,Scale Resources,Scale Resources,Scale Resources,0.27
random_1071,57.22634858494491,0.394996310172563,0.466706610082092,0.27292326042769677,0.4111531378996053,0.4416227863618305,0.305,-0.20616222651233362,1.0,0.5135,Migrate VM,Migrate VM,Migrate VM,0.30499999999999994
random_1072,54.54498183874335,0.916659960195734,0.5991459275877076,0.7770710609125642,0.5069071834722066,0.31419748646880674,0.31,-0.20835924298948905,1.0,0.517,Migrate VM,Migrate VM,Migrate VM,0.31000000000000005
random_1073,427.1655158222965,0.5750150415685037,0.49489581439354347,1.8217708061911952,0.8379796982340677,0.8128018914258494,0.285,-0.20948251219930525,1.0,0.49949999999999994,Scale Resources,Scale Resources,Scale Resources,0.2849999999999999
random_1074,112.80460211592208,0.15312311146835678,0.6900965197127477,0.9372845126827918,0.6837127129568435,0.7606272321111164,0.295,-0.19110553076156944,0.9998875,0.50646625,Migrate VM,Migrate VM,Migrate VM,0.2951124999999999
random_1075,147.65675367237546,0.2846504331228087,0.4908315662581837,0.5470986270529947,0.6672952760161995,0.7467304458807168,0.245,-0.20222176615684484,1.0,0.4715,Scale Resources,Scale Resources,Scale Resources,0.245
random_1076,236.0194730266222,0.7237997655986432,0.5104375690707762,1.4257434439340184,0.22496824779572533,0.738843045933042,0.265,-0.204913214040654,1.0,0.4855,Scale Resources,Scale Resources,Scale Resources,0.265
random_1077,357.5620117285089,0.26660570704917763,0.555970991040175,1.7106233357488032,0.24952264697243898,0.7359797840146763,0.285,-0.2023867119326933,1.0,0.49949999999999994,Scale Resources,Scale Resources,Scale Resources,0.2849999999999999
random_1078,476.9833585734435,0.8662419197575649,0.40152008268027617,1.214415465976277,0.9917701342527039,0.5684374113757185,0.265,-0.21152225959054594,1.0,0.4855,Scale Resources,Scale Resources,Scale Resources,0.265
random_1079,57.51380121518329,0.04543075477876091,0.7903145097440284,0.8472566508036923,0.24681289062919443,0.347672030660947,0.365,-0.16993881658784116,0.9991875,0.55525625,Migrate VM,Migrate VM,Migrate VM,0.3658125
random_1080,378.68643327322616,0.46524733563382914,0.8684994925258765,1.4698511775553986,0.974014150445425,0.8885037667898433,0.275,-0.20795632024476685,1.0,0.4925,Scale Resources,Scale Resources,Scale Resources,0.275
random_1081,127.27360589300457,0.6590592328025533,0.020543034528143878,1.9822134488591965,0.26100610880259656,0.664795093623584,0.26,-0.13972552041049002,0.997625,0.4812875,Scale Resources,Scale Resources,Scale Resources,0.262375
random_1082,424.5768105997826,0.16046466272797144,0.8478793428104792,0.02449133158164485,0.4419771380854074,0.47203762253113846,0.24,-0.19585601564864952,0.9999875,0.46799625,Scale Resources,Scale Resources,Scale Resources,0.24001249999999996
random_1083,187.04535662936794,0.5863847463004997,0.914842348702632,0.6539782286005782,0.5792598871664242,0.8774625257433228,0.245,-0.20694057858490844,1.0,0.4715,Scale Resources,Scale Resources,Scale Resources,0.245
random_1084,386.49769755068905,0.040733264805495994,0.9427907641276623,0.09329380851722546,0.5887584743743296,0.5753536203151648,0.335,-0.17222877690835892,0.9991875,0.53425625,Migrate VM,Migrate VM,Migrate VM,0.33581250000000007
random_1085,393.19511535115805,0.14844305184897766,0.17937039206270378,1.504213865476721,0.14950475241162509,0.46944512706563957,0.28,-0.19202925548519,0.9999,0.49597,Scale Resources,Scale Resources,Scale Resources,0.2801
random_1086,365.824045105466,0.6512419287826812,0.21060418611309517,0.6079205173721711,0.968974903241041,0.4486706201548839,0.245,-0.20744827760561746,1.0,0.4715,Scale Resources,Scale Resources,Scale Resources,0.245
random_1087,22.22873821819027,0.21958489946633264,0.34243508966183767,1.9989788085891718,0.3026915474769186,0.026395848782544973,0.285,-0.20253471071239082,1.0,0.49949999999999994,Scale Resources,Scale Resources,Scale Resources,0.2849999999999999
random_1088,256.460788777668,0.08360538497397707,0.27406759869572184,1.9847663521878782,0.7046385189301544,0.05066662928287036,0.31,-0.1795964502119093,0.9995875,0.5168762499999999,Migrate VM,Migrate VM,Migrate VM,0.3104125
random_1089,224.34335929589798,0.1716375126288493,0.12294465640212127,1.174130826697604,0.5056558896402157,0.7428665843155082,0.27,-0.1830277556896045,0.9997125,0.48891375,Scale Resources,Scale Resources,Scale Resources,0.2702875
random_1090,446.15311411592984,0.24668185743166193,0.9229919866553971,1.035983545108191,0.25883491818511717,0.8457858381026093,0.27,-0.20373630652797403,1.0,0.489,Scale Resources,Scale Resources,Scale Resources,0.27
random_1091,17.76495901451125,0.5595093774729606,0.7216215350299666,0.5599553743122865,0.8634919175632179,0.24028456335798487,0.305,-0.20694057858490844,1.0,0.5135,Migrate VM,Migrate VM,Migrate VM,0.30499999999999994
random_1092,419.9371413658696,0.07854496383245724,0.1599275918684313,0.7619691678038163,0.8540555127981793,0.14458536512678244,0.315,-0.17602220904049026,0.99925,0.5202749999999999,Migrate VM,Migrate VM,Migrate VM,0.31575
random_1093,437.7191198971208,0.22973152661279372,0.45250839859452874,0.7054688085206755,0.11812622661452354,0.9443097395191401,0.24,-0.20373630652797403,1.0,0.46799999999999997,Scale Resources,Scale Resources,Scale Resources,0.24
random_1094,219.08914537610673,0.6903312613561945,0.5752676766640311,1.0034318337044148,0.616577623556849,0.8983423062024289,0.28,-0.2064332229502308,1.0,0.496,Scale Resources,Scale Resources,Scale Resources,0.28
random_1095,349.65618784705475,0.5324800794552211,0.6451859606659763,1.212788561018043,0.4331212074863131,0.6247640101304504,0.26,-0.20592621046933268,1.0,0.482,Scale Resources,Scale Resources,Scale Resources,0.26
random_1096,221.7849000820818,0.7576143778719123,0.9689124835222855,1.9197307149944585,0.8207357864249805,0.6017588970594852,0.275,-0.20897343730880835,1.0,0.4925,Scale Resources,Scale Resources,Scale Resources,0.275
random_1097,374.66599403537026,0.1780482952575544,0.47901845731392256,0.5146095299827287,0.003494981109347095,0.966737574672076,0.245,-0.1788620664734436,0.999525,0.4713575,Scale Resources,Scale Resources,Scale Resources,0.245475
random_1098,431.92428092592064,0.5136986184699268,0.2541522881190068,1.3859504203984734,0.4348010845499275,0.8033495334226994,0.275,-0.20897343730880835,1.0,0.4925,Scale Resources,Scale Resources,Scale Resources,0.275
random_1099,499.7590550904747,0.3490826074898701,0.24440304347804775,0.5347649775895165,0.09334624568067196,0.3940461965001554,0.25,-0.20880703433315417,1.0,0.475,Scale Resources,Scale Resources,Scale Resources,0.25
random_1100,8.712526358454653,0.1143955574012756,0.2716957472726703,0.31972555181896145,0.7321590995007252,0.10560479086790031,0.305,-0.19816860486031485,1.0,0.5135,Migrate VM,Migrate VM,Migrate VM,0.30499999999999994
random_1101,432.9970525122623,0.22111450371095287,0.10859061697156769,0.020213288862517054,0.7152050043221464,0.256616745938542,0.24,-0.20060592108776287,1.0,0.46799999999999997,Scale Resources,Scale Resources,Scale Resources,0.24
random_1102,254.7493025688874,0.11161604667215574,0.9852959232362493,0.2507694781399106,0.4119259266418782,0.8516495023344659,0.275,-0.18434230790296258,0.999725,0.4924175,Scale Resources,Scale Resources,Scale Resources,0.27527500000000005
random_1103,122.44347424020341,0.2669717853461734,0.8084995158907329,0.5466793143840254,0.0028713110948129783,0.4279137204899498,0.25,-0.1914859315043419,0.9999,0.47497,Scale Resources,Scale Resources,Scale Resources,0.2501
random_1104,6.267604839237495,0.9097922838293668,0.6418132241792209,1.1660285324424844,0.2015895108623631,0.6999461854286363,0.325,-0.21113161818102222,1.0,0.5275,Migrate VM,Migrate VM,Migrate VM,0.32499999999999996
random_1105,338.62732183917285,0.060463573925364944,0.8808465308105725,1.158826725859611,0.7924668810386102,0.2629140721288442,0.34,-0.16820948434900074,0.9991875,0.5377562499999999,Migrate VM,Migrate VM,Migrate VM,0.34081249999999996
random_1106,61.02389987672707,0.7024495731867846,0.7938826862551621,0.7720670672385828,0.02369227531631124,0.8182540246538645,0.31,-0.19926198268356898,1.0,0.517,Migrate VM,Migrate VM,Migrate VM,0.31000000000000005
random_1107,103.04695316522033,0.3390319418974882,0.6282310077771303,0.19990943842260545,0.07199576613846315,0.02570377157527426,0.295,-0.20413696560964745,1.0,0.5065,Migrate VM,Migrate VM,Migrate VM,0.29499999999999993
random_1108,458.3199301197277,0.31138274426865564,0.6606588151171319,1.9784704980354844,0.6694507935619435,0.52509479585618,0.285,-0.20795632024476685,1.0,0.49949999999999994,Scale Resources,Scale Resources,Scale Resources,0.2849999999999999
random_1109,260.45996675861926,0.3769171484555517,0.5997796559550853,1.9175827790914086,0.7880440336983101,0.4242266170332375,0.275,-0.20744827760561746,1.0,0.4925,Scale Resources,Scale Resources,Scale Resources,0.275
random_1110,166.22241451626664,0.8835315296231214,0.1357858256265938,1.6991705139286035,0.25507676134233237,0.7156292357759177,0.28,-0.20440722962915492,1.0,0.496,Scale Resources,Scale Resources,Scale Resources,0.28
random_1111,403.11029038741503,0.4769965172634726,0.19228397614227433,1.6895354869247508,0.36750834505331476,0.3206802604825193,0.285,-0.2110118051016392,1.0,0.49949999999999994,Scale Resources,Scale Resources,Scale Resources,0.2849999999999999
random_1112,255.0080911767198,0.4350862411039177,0.6830522170387242,0.27439561674533075,0.43568965404787297,0.891701811225204,0.235,-0.20373630652797403,1.0,0.46449999999999997,Scale Resources,Scale Resources,Scale Resources,0.235
random_1113,18.031354719862726,0.4573383331533264,0.6605319663852102,1.7754221740839706,0.5937862269331757,0.8244842712393285,0.285,-0.20404988693062087,1.0,0.49949999999999994,Scale Resources,Scale Resources,Scale Resources,0.2849999999999999
random_1114,111.34550947964323,0.35280943622785954,0.9421322739280427,1.7719502261853726,0.5579529826887045,0.47548833779484523,0.3,-0.20683532868835153,1.0,0.51,Migrate VM,Migrate VM,Migrate VM,0.30000000000000004
random_1115,225.53369572722926,0.05878966156701604,0.8923771039565669,1.636299016830671,0.4562511447278671,0.2794399727194734,0.34,-0.16981265720147098,0.9991875,0.5377562499999999,Migrate VM,Migrate VM,Migrate VM,0.34081249999999996
random_1116,171.46030321326526,0.12316058587288947,0.7217897413057226,1.1133397131097154,0.23410342282489494,0.6230055720776897,0.32,-0.18592282134418658,0.999725,0.5239175,Migrate VM,Migrate VM,Migrate VM,0.3202750000000001
random_1117,489.61510712748736,0.1223951354761792,0.45848501062532776,0.9883176418442534,0.16679721382380241,0.5315802109973148,0.295,-0.19136944088136953,0.9999,0.50647,Migrate VM,Migrate VM,Migrate VM,0.2950999999999999
random_1118,302.988629274045,0.1573445388184953,0.1547238990088764,1.712697431267512,0.31138743667004487,0.630333387078631,0.29,-0.1875659121169354,0.999725,0.5029175,Migrate VM,Migrate VM,Migrate VM,0.29027500000000006
random_1119,313.3865378376071,0.839170875582635,0.7398946312315234,1.6811528668765556,0.6252147896506657,0.449457160513994,0.285,-0.20897343730880835,1.0,0.49949999999999994,Scale Resources,Scale Resources,Scale Resources,0.2849999999999999
random_1120,196.78326065653735,0.37902976666143584,0.4183930979091578,0.25861850430754063,0.423958371003167,0.38944490720262115,0.23,-0.20779014228878534,1.0,0.46099999999999997,Scale Resources,Scale Resources,Scale Resources,0.22999999999999998
random_1121,17.285831659115736,0.27513075532634,0.7519069747402168,1.1558911428192506,0.8061674967560302,0.5426880443807649,0.32,-0.20334969515821133,1.0,0.524,Migrate VM,Migrate VM,Migrate VM,0.32000000000000006
random_1122,427.0418827376337,0.7960670996017167,0.09828457014224712,1.9540127360319848,0.014747446901328787,0.5968380379296185,0.28,-0.19375684134576532,0.9999625,0.49598875,Scale Resources,Scale Resources,Scale Resources,0.28003750000000005
random_1123,396.25575465838114,0.33189413985090344,0.5985697922971579,0.7242450616948966,0.0606149750075019,0.008461519089330904,0.24,-0.20626738195335337,1.0,0.46799999999999997,Scale Resources,Scale Resources,Scale Resources,0.24
random_1124,47.43101505559416,0.0984095941200468,0.6108897773937499,1.0517304619250265,0.45546330017314207,0.6919214756024176,0.33,-0.18211534041025912,0.999675,0.5309024999999999,Migrate VM,Migrate VM,Migrate VM,0.330325
random_1125,8.413068506224198,0.2709834814157309,0.7773927312876279,1.819954213034237,0.4383365962375816,0.08148398013846636,0.295,-0.2101115827006993,1.0,0.5065,Migrate VM,Migrate VM,Migrate VM,0.29499999999999993
random_1126,399.36436961424397,0.8851704332727336,0.41366027069371947,0.48671050784055403,0.04397166822294529,0.591082821894856,0.245,-0.20846470673492257,1.0,0.4715,Scale Resources,Scale Resources,Scale Resources,0.245
random_1127,454.9347452812496,0.6778880255203257,0.31724859789473436,1.2857766485799338,0.8320684074480255,0.4758300593494579,0.275,-0.21152225959054594,1.0,0.4925,Scale Resources,Scale Resources,Scale Resources,0.275
random_1128,409.87424499891927,0.3919096766663541,0.34850567859577064,1.165977251757108,0.46468641769448127,0.9771119204610832,0.285,-0.20626738195335337,1.0,0.49949999999999994,Scale Resources,Scale Resources,Scale Resources,0.2849999999999999
random_1129,258.19471176408734,0.38517202891602154,0.39493354312853624,1.0958799012262332,0.3549120380081954,0.722906601964936,0.295,-0.20323111812667694,1.0,0.5065,Migrate VM,Migrate VM,Migrate VM,0.29499999999999993
random_1130,190.33146385082046,0.3841443865252431,0.6169732493768046,0.12169374539201994,0.6553549181151461,0.5049722171586871,0.23,-0.20829841630716606,1.0,0.46099999999999997,Scale Resources,Scale Resources,Scale Resources,0.22999999999999998
random_1131,226.51305714332082,0.7192529907079513,0.758255782004861,1.6925217268249186,0.37480312081744727,0.3270376922533811,0.275,-0.20897343730880835,1.0,0.4925,Scale Resources,Scale Resources,Scale Resources,0.275
random_1132,357.17105074725976,0.5818048591404459,0.6318015463518166,1.1110458142116706,0.7726930232038545,0.19004088849215317,0.29,-0.20846470673492257,1.0,0.503,Migrate VM,Migrate VM,Migrate VM,0.29000000000000004
random_1133,277.8560663706984,0.1581017889436298,0.4072519392909919,1.3279876468321496,0.4930716083141704,0.37959153667218126,0.27,-0.19252686229500926,0.999925,0.48897749999999995,Scale Resources,Scale Resources,Scale Resources,0.27007500000000007
random_1134,442.48500070780307,0.7728257144974784,0.526290785000375,1.9001063113509757,0.42436528943499385,0.788072927588106,0.285,-0.20948251219930525,1.0,0.49949999999999994,Scale Resources,Scale Resources,Scale Resources,0.2849999999999999
random_1135,83.96811990070896,0.28579247711059697,0.33808558133395483,0.21164150540904658,0.5018048150760679,0.19226013412649567,0.315,-0.2046427671023363,1.0,0.5205,Migrate VM,Migrate VM,Migrate VM,0.31499999999999995
random_1136,317.0929447248293,0.1900923595730183,0.12350625733927534,1.9381734551978491,0.6582403058111063,0.9364509147084885,0.275,-0.18993931267022623,0.9998375,0.49245125,Scale Resources,Scale Resources,Scale Resources,0.2751625
random_1137,244.943895996616,0.033402463063374244,0.5743711704314439,1.116657773671417,0.014975605936593972,0.8612420444018316,0.39,-0.13656291444663393,0.995325,0.5715975,Migrate VM,Migrate VM,Migrate VM,0.394675
random_1138,309.98534030821236,0.7446911693761461,0.4939211061575146,1.236804875816526,0.2574698932285242,0.9737577677686472,0.265,-0.20592621046933268,1.0,0.4855,Scale Resources,Scale Resources,Scale Resources,0.265
random_1139,200.36000377383257,0.1623266213376291,0.055915418374627324,1.2723438661707422,0.9833798511764558,0.8957944968462817,0.265,-0.16795458769277205,0.9991875,0.48525625,Scale Resources,Scale Resources,Scale Resources,0.2658125
random_1140,351.0522837432068,0.9905979289928608,0.7228282620421065,0.6785022468027919,0.6012181330601731,0.07976664248556153,0.245,-0.20846470673492257,1.0,0.4715,Scale Resources,Scale Resources,Scale Resources,0.245
random_1141,110.84124511127041,0.4175402359284922,0.20181849356304526,1.9070020296563412,0.9955975267446494,0.37093592012166543,0.3,-0.20582110289773825,1.0,0.51,Migrate VM,Migrate VM,Migrate VM,0.30000000000000004
random_1142,354.61449303859933,0.40777073066324054,0.1395092043862064,0.6738536954042171,0.2333716987156632,0.32807822040741974,0.25,-0.20121377909078908,1.0,0.475,Scale Resources,Scale Resources,Scale Resources,0.25
random_1143,107.51084419885825,0.1123451190582464,0.2174284293624129,1.8115140636596856,0.08522167577652873,0.3247566437552345,0.295,-0.18967591636304681,0.9997875,0.50643625,Migrate VM,Migrate VM,Migrate VM,0.2952124999999999
random_1144,264.2249472513177,0.3545126561783568,0.5176070950188872,0.08684012046870793,0.6485696333643778,0.5634788015560602,0.23,-0.20728221204533992,1.0,0.46099999999999997,Scale Resources,Scale Resources,Scale Resources,0.22999999999999998
random_1145,340.48313292734576,0.567257815827237,0.4379035824256632,0.7002830845881649,0.2264351900997762,0.5000677268066126,0.245,-0.20846470673492257,1.0,0.4715,Scale Resources,Scale Resources,Scale Resources,0.245
random_1146,13.026226188753487,0.32824082809932575,0.6778722935645294,0.21743407937271853,0.06289124231952858,0.6521786052913653,0.305,-0.2057307978991577,1.0,0.5135,Migrate VM,Migrate VM,Migrate VM,0.30499999999999994
random_1147,198.88736057117512,0.8018250365493811,0.9373113039713239,1.914080907465154,0.4255928538941792,0.2643272242750323,0.275,-0.20948251219930525,1.0,0.4925,Scale Resources,Scale Resources,Scale Resources,0.275
random_1148,304.30686937123903,0.6281929259282364,0.6223449360758967,0.6435572274377623,0.06375173641730303,0.21000483882559895,0.245,-0.20592621046933268,1.0,0.4715,Scale Resources,Scale Resources,Scale Resources,0.245
random_1149,77.20971401111687,0.12390034578331022,0.9262833210715731,0.02769529194793585,0.6018577392363217,0.9474737957401368,0.325,-0.19160251238040782,0.9999,0.52747,Migrate VM,Migrate VM,Migrate VM,0.32509999999999994
random_1150,180.02656374706393,0.5270980891724625,0.6957836634751596,0.6343393893164777,0.47765198770724915,0.817102850332752,0.245,-0.20694057858490844,1.0,0.4715,Scale Resources,Scale Resources,Scale Resources,0.245
random_1151,372.6778326401318,0.8084494114928407,0.987340163627656,0.740654949872358,0.7470912629357731,0.6027845671019829,0.245,-0.20592621046933268,1.0,0.4715,Scale Resources,Scale Resources,Scale Resources,0.245
random_1152,333.30238361059816,0.7398739048329345,0.7497313169463148,1.7714902985896392,0.3493216752360554,0.6534813561119106,0.285,-0.2064332229502308,1.0,0.49949999999999994,Scale Resources,Scale Resources,Scale Resources,0.2849999999999999
random_1153,140.14521579842793,0.5945687051169751,0.7511751401719279,1.5820021723232807,0.42012450298912274,0.5087202232013598,0.275,-0.20897343730880835,1.0,0.4925,Scale Resources,Scale Resources,Scale Resources,0.275
random_1154,166.9249255850864,0.1690363465396305,0.2605174051925322,1.8242740097996488,0.30896954240931596,0.9747593335456102,0.275,-0.19153198523545978,0.9999,0.49247,Scale Resources,Scale Resources,Scale Resources,0.2751
random_1155,120.73904260769086,0.7230710874810448,0.5739032935718357,1.3937400990495972,0.643957946609181,0.7067485835975892,0.26,-0.2053145044288177,1.0,0.482,Scale Resources,Scale Resources,Scale Resources,0.26
random_1156,452.77352421772946,0.5634694960624814,0.06784878290399521,0.5416508688937991,0.7082189804087639,0.49407462797567336,0.27,-0.19226253633995405,0.999925,0.48897749999999995,Scale Resources,Scale Resources,Scale Resources,0.27007500000000007
random_1157,274.27599130984345,0.5965804553802915,0.38262927298456995,1.5477910501757104,0.7235348838965485,0.7142994121931139,0.27,-0.204913214040654,1.0,0.489,Scale Resources,Scale Resources,Scale Resources,0.27
random_1158,357.65508701747234,0.8903580016542478,0.5953927794432744,1.9341443989939167,0.1191926843906379,0.6319589765938644,0.285,-0.2064332229502308,1.0,0.49949999999999994,Scale Resources,Scale Resources,Scale Resources,0.2849999999999999
random_1159,358.46327296789775,0.4772204109543595,0.28820838645693647,1.100074905422198,0.3647476802907027,0.9091240710678165,0.29,-0.2047477093196286,1.0,0.503,Migrate VM,Migrate VM,Migrate VM,0.29000000000000004
random_1160,178.39620626662744,0.17570699270212908,0.5763891401654528,0.7919851827607387,0.09589814480084102,0.5648423509979084,0.245,-0.19535615714105026,0.999975,0.4714925,Scale Resources,Scale Resources,Scale Resources,0.24502500000000005
random_1161,268.9232055828507,0.1731970866331951,0.5976381689598429,1.134717947714978,0.773612623041591,0.36156992984263436,0.3,-0.19136944088136953,0.9999,0.50997,Migrate VM,Migrate VM,Migrate VM,0.30010000000000003
random_1162,124.37976183181965,0.9512198869707755,0.5612175227827881,0.05427991776836061,0.8207116841117432,0.19675806091894077,0.235,-0.2120330595628358,1.0,0.46449999999999997,Scale Resources,Scale Resources,Scale Resources,0.235
random_1163,393.01815882292175,0.7051624271559648,0.9688137242631573,1.9311586031890524,0.27441062465575994,0.7664495812234184,0.285,-0.20948251219930525,1.0,0.49949999999999994,Scale Resources,Scale Resources,Scale Resources,0.2849999999999999
random_1164,158.42754288996196,0.6291979388295943,0.5977460849545931,0.10908703124232932,0.005181749835357574,0.05776401459480951,0.24,-0.19833241896724774,1.0,0.46799999999999997,Scale Resources,Scale Resources,Scale Resources,0.24
random_1165,63.97102376587055,0.2576524913477737,0.9069552232425624,1.0372653506933727,0.7968917388407887,0.8383117521072081,0.33,-0.20060592108776287,1.0,0.5309999999999999,Migrate VM,Migrate VM,Migrate VM,0.33000000000000007
random_1166,367.4715492952706,0.39138512442057194,0.8638593938409828,1.4840995066418412,0.7431514434050525,0.9015743271655693,0.275,-0.20339628725371706,1.0,0.4925,Scale Resources,Scale Resources,Scale Resources,0.275
random_1167,299.33173622884186,0.5285744299621766,0.8901625575970753,0.9089234563283937,0.8115706960288429,0.05384636044480773,0.265,-0.20846470673492257,1.0,0.4855,Scale Resources,Scale Resources,Scale Resources,0.265
random_1168,0.644972228161067,0.5282924896043568,0.07361189381638022,1.9530860269061272,0.005501174039798773,0.7181496364986464,0.305,-0.18337358452585417,0.9997125,0.51341375,Migrate VM,Migrate VM,Migrate VM,0.30528749999999993
random_1169,121.69234789311034,0.9675520052720562,0.38154165062789613,0.0545668525277303,0.02693576540878273,0.5533733717246886,0.235,-0.20430233518422292,1.0,0.46449999999999997,Scale Resources,Scale Resources,Scale Resources,0.235
random_1170,493.3559895156406,0.9797735350457194,0.3372729722892658,0.9654072983777939,0.1004558057978161,0.5221768559917317,0.255,-0.21152225959054594,1.0,0.4785,Scale Resources,Scale Resources,Scale Resources,0.255
random_1171,299.85079952413656,0.25106166561132104,0.6121144359151738,1.7993855033925077,0.0009553334234805311,0.22893377430794448,0.275,-0.19666672527301854,0.9999875,0.49249625,Scale Resources,Scale Resources,Scale Resources,0.2750125
random_1172,104.95978166196906,0.12388620303382702,0.16610121273710188,1.2518250907307753,0.10269439015064263,0.7385316090207217,0.28,-0.1877977767761735,0.999725,0.4959175,Scale Resources,Scale Resources,Scale Resources,0.28027500000000005
random_1173,443.5112952791917,0.926587724178369,0.6601758143197008,0.39479282126723203,0.08529657553990788,0.2320249538069996,0.24,-0.2120330595628358,1.0,0.46799999999999997,Scale Resources,Scale Resources,Scale Resources,0.24
random_1174,480.97859289252125,0.9623452017507121,0.38191888391834206,0.6515830821951012,0.5100105822590654,0.2916880914674007,0.25,-0.21152225959054594,1.0,0.475,Scale Resources,Scale Resources,Scale Resources,0.25
random_1175,489.8312258277817,0.2212213900245774,0.3691426821827686,0.8587417514003566,0.12506402308116216,0.38282482677012986,0.26,-0.20626738195335337,1.0,0.482,Scale Resources,Scale Resources,Scale Resources,0.26
random_1176,428.3653600509867,0.14036100145675845,0.5840219508261872,0.8132742761200336,0.17053672611745474,0.012336164449205822,0.275,-0.19385860920199705,0.9999625,0.49248875,Scale Resources,Scale Resources,Scale Resources,0.27503750000000005
random_1177,136.6716517449501,0.06182896069800192,0.3767684712967352,1.6204197113986913,0.7196852608776124,0.9473837117017669,0.33,-0.1669240820069714,0.9991875,0.53075625,Migrate VM,Migrate VM,Migrate VM,0.33081249999999995
random_1178,213.50770866853458,0.7078013985918528,0.6653417221020202,0.43409260631651914,0.3035825052326585,0.5298295333977603,0.245,-0.20948251219930525,1.0,0.4715,Scale Resources,Scale Resources,Scale Resources,0.245
random_1179,398.32865950296093,0.4618127344629326,0.22774153617552728,1.9869313805607396,0.11557880635366846,0.9558889074913278,0.285,-0.20948251219930525,1.0,0.49949999999999994,Scale Resources,Scale Resources,Scale Resources,0.2849999999999999
random_1180,404.5231442152444,0.8388935193078518,0.7949175830914994,0.416341882609244,0.6325823773952418,0.7567498124509318,0.245,-0.20948251219930525,1.0,0.4715,Scale Resources,Scale Resources,Scale Resources,0.245
random_1181,372.8428960508257,0.2715653705440776,0.18111938776368142,0.6562459678290984,0.4798444803773918,0.5737807470636765,0.245,-0.20071029681979813,1.0,0.4715,Scale Resources,Scale Resources,Scale Resources,0.245
random_1182,418.4751811595802,0.769034227704616,0.6761505256665161,0.5269785858855212,0.47888049893494333,0.33543587412796105,0.25,-0.21152225959054594,1.0,0.475,Scale Resources,Scale Resources,Scale Resources,0.25
random_1183,117.46408977526707,0.010245360383479452,0.3394619705706906,0.512232535429243,0.5719023269668166,0.0623017702837122,0.42,-0.1307650621309039,0.9943375,0.59230125,Migrate VM,Migrate VM,Migrate VM,0.42566250000000005
random_1184,135.25979835510054,0.044769489988415345,0.641417904513436,1.1363791171372497,0.3374800230744732,0.1473346004355438,0.36,-0.1669240820069714,0.9991875,0.55175625,Migrate VM,Migrate VM,Migrate VM,0.3608125
random_1185,478.9599163843676,0.5843924473886134,0.6791133665720679,1.0626975065389037,0.806533247646205,0.8963800495481213,0.275,-0.20897343730880835,1.0,0.4925,Scale Resources,Scale Resources,Scale Resources,0.275
random_1186,191.3552717988149,0.6900253122306106,0.22988748454639696,1.303710094324077,0.39915562997655263,0.006781599401304961,0.265,-0.20948251219930525,1.0,0.4855,Scale Resources,Scale Resources,Scale Resources,0.265
random_1187,477.76393421131036,0.8684415455387189,0.2908365503460284,1.995514628465721,0.3171276745565341,0.45884418645907477,0.285,-0.2120330595628358,1.0,0.49949999999999994,Scale Resources,Scale Resources,Scale Resources,0.2849999999999999
random_1188,425.6295130872085,0.30459635132804086,0.45054028438750005,1.331174334246511,0.13046755477242822,0.4223503686917177,0.275,-0.20744827760561746,1.0,0.4925,Scale Resources,Scale Resources,Scale Resources,0.275
random_1189,154.70496868081324,0.676774305864818,0.1359693900603718,0.4654629582018748,0.7113762037524828,0.1562243697241148,0.255,-0.20744827760561746,1.0,0.4785,Scale Resources,Scale Resources,Scale Resources,0.255
random_1190,211.00963111994486,0.7128807220926188,0.7654683844300053,0.1897623573433369,0.8519956094194782,0.7239723011299664,0.23,-0.20795632024476685,1.0,0.46099999999999997,Scale Resources,Scale Resources,Scale Resources,0.22999999999999998
random_1191,169.64729434665688,0.76380285233024,0.728298865340659,1.2017824530167711,0.5584811734058444,0.7347034888995855,0.25,-0.20694057858490844,1.0,0.475,Scale Resources,Scale Resources,Scale Resources,0.25
random_1192,499.6299508527273,0.5785522493158853,0.808717871762248,1.4885474346311658,0.8558084020338257,0.9545248613841384,0.275,-0.20795632024476685,1.0,0.4925,Scale Resources,Scale Resources,Scale Resources,0.275
random_1193,96.5416037304076,0.1654596363951163,0.5863518284149009,0.8985901257730089,0.5707226929191692,0.7980427344855086,0.315,-0.19209983036398548,0.9999,0.52047,Migrate VM,Migrate VM,Migrate VM,0.31509999999999994
random_1194,465.8572400246232,0.41741582519855813,0.7179326455436245,0.39359837568281875,0.5345519493545235,0.021804777780519924,0.24,-0.20931599659957933,1.0,0.46799999999999997,Scale Resources,Scale Resources,Scale Resources,0.24
random_1195,251.8752835665485,0.5453364591254999,0.7354453357783313,1.2989695804139834,0.35839673430580155,0.005730900713121323,0.265,-0.20846470673492257,1.0,0.4855,Scale Resources,Scale Resources,Scale Resources,0.265
random_1196,57.742936811474465,0.9730606535174523,0.9223331583153058,0.6501863261622907,0.2588529399238877,0.4364162936900374,0.305,-0.20835924298948905,1.0,0.5135,Migrate VM,Migrate VM,Migrate VM,0.30499999999999994
random_1197,344.9700148060364,0.35682767265797366,0.06729384773115554,0.8055901848887927,0.2605889944814319,0.3249300112112118,0.28,-0.18664779511805518,0.999725,0.4959175,Scale Resources,Scale Resources,Scale Resources,0.28027500000000005
random_1198,81.47862289365221,0.6588400694456474,0.5266309332452249,0.5417262345907086,0.5538624813062414,0.49270784716723803,0.32,-0.20835924298948905,1.0,0.524,Migrate VM,Migrate VM,Migrate VM,0.32000000000000006
random_1199,397.98742828301397,0.9559842693402016,0.13067050897865595,1.7678269578159658,0.7047969382849021,0.6925535452979048,0.28,-0.204913214040654,1.0,0.496,Scale Resources,Scale Resources,Scale Resources,0.28
random_1200,187.15044857123613,0.343908195464921,0.005639484822516971,1.9644097492746155,0.6065058323730488,0.40232862392392543,0.29,-0.11786141875953615,0.993975,0.5011925,Migrate VM,Migrate VM,Migrate VM,0.296025
random_1201,271.8844109460893,0.04052703409626246,0.17365095529166885,1.246719849926805,0.51426172968362,0.7870748229276331,0.34,-0.15991112981118538,0.999175,0.5377525,Migrate VM,Migrate VM,Migrate VM,0.34082499999999993
random_1202,329.37134522266854,0.6014356759793872,0.8152657043053134,0.13652621110380125,0.6908867964312853,0.7155907132890155,0.23,-0.20744827760561746,1.0,0.46099999999999997,Scale Resources,Scale Resources,Scale Resources,0.22999999999999998
random_1203,137.5817748400055,0.19564963648739442,0.21385247545599917,0.39628172686398844,0.5237821909035946,0.13562631136582848,0.23,-0.20424183684848585,1.0,0.46099999999999997,Scale Resources,Scale Resources,Scale Resources,0.22999999999999998
random_1204,329.6429307096752,0.10507825894876954,0.026889640310256202,0.6385804848917422,0.19185972373304105,0.9886620554100823,0.35,-0.12360274440558472,0.9941625,0.54324875,Migrate VM,Migrate VM,Migrate VM,0.35583750000000003
random_1205,151.4981503086087,0.22206408602551375,0.19676982349921457,0.7477058096069806,0.6058488953315778,0.7819452750462824,0.24,-0.20121377909078908,1.0,0.46799999999999997,Scale Resources,Scale Resources,Scale Resources,0.24
random_1206,182.2881238715342,0.6259709800427894,0.48205989827938744,1.6929906925067968,0.5690417771584352,0.28989167187910014,0.275,-0.20999193163945207,1.0,0.4925,Scale Resources,Scale Resources,Scale Resources,0.275
random_1207,351.79362858912793,0.8200644880229958,0.46544065676396507,1.9743944777646378,0.8790968791913134,0.19695466966549147,0.285,-0.20897343730880835,1.0,0.49949999999999994,Scale Resources,Scale Resources,Scale Resources,0.2849999999999999
random_1208,393.37793607811864,0.6009512443497661,0.5348112978078347,1.0278771731591367,0.853411142782429,0.6108727889034485,0.265,-0.20897343730880835,1.0,0.4855,Scale Resources,Scale Resources,Scale Resources,0.265
random_1209,268.85299252686684,0.048859906758049076,0.4483028697585574,1.8160831240910154,0.711736729344619,0.050953978056153426,0.345,-0.1688484955962266,0.9991875,0.54125625,Migrate VM,Migrate VM,Migrate VM,0.34581249999999997
random_1210,441.99614107552117,0.8266672213770541,0.546684211569528,0.04481093036456296,0.5624296180338006,0.0545890499264261,0.235,-0.21305569689303694,1.0,0.46449999999999997,Scale Resources,Scale Resources,Scale Resources,0.235
random_1211,160.1894798187402,0.6289096189027389,0.9129130838821744,0.7155912745189574,0.8600237828834533,0.9183610104005163,0.245,-0.20744827760561746,1.0,0.4715,Scale Resources,Scale Resources,Scale Resources,0.245
random_1212,10.521940228657156,0.2394278377525315,0.7098622992274988,1.5136860861590968,0.3924168502170541,0.656754612772855,0.275,-0.20604521564597855,1.0,0.4925,Scale Resources,Scale Resources,Scale Resources,0.275
random_1213,306.07930868101755,0.7397749616010599,0.7186584277451218,0.1717415959807227,0.15825018094006094,0.132727147259316,0.23,-0.20999193163945207,1.0,0.46099999999999997,Scale Resources,Scale Resources,Scale Resources,0.22999999999999998
random_1214,466.24003492140946,0.9135426483529893,0.79741226959697,0.23343712135191863,0.5742714699195859,0.18723062608985142,0.235,-0.21305569689303694,1.0,0.46449999999999997,Scale Resources,Scale Resources,Scale Resources,0.235
random_1215,184.19196877940124,0.26709127663741294,0.8289309814874659,0.28890279903854643,0.6461791686100757,0.9838946637761669,0.23,-0.20020715508280817,1.0,0.46099999999999997,Scale Resources,Scale Resources,Scale Resources,0.22999999999999998
random_1216,343.52729162681675,0.0792334890069597,0.9078495019625249,1.2861593553791923,0.4563109796052035,0.6596924785411186,0.33,-0.1747226901416956,0.9992125,0.53076375,Migrate VM,Migrate VM,Migrate VM,0.3307875
random_1217,439.5221652363185,0.4771272279152493,0.5313214828122292,0.904894798435907,0.07259142632366522,0.7870701269273584,0.27,-0.20525392417297494,1.0,0.489,Scale Resources,Scale Resources,Scale Resources,0.27
random_1218,63.20587182091947,0.3945700102883103,0.38682284560772917,0.5600815841734759,0.4025071258944184,0.6180091103824286,0.315,-0.20312638870075828,1.0,0.5205,Migrate VM,Migrate VM,Migrate VM,0.31499999999999995
random_1219,155.6936561038559,0.17251193769827644,0.8693675105072666,1.941665299714271,0.4585838238763206,0.3270197123445858,0.28,-0.19452065969326948,0.999975,0.4959925,Scale Resources,Scale Resources,Scale Resources,0.2800250000000001
random_1220,23.741038889114662,0.036851540610053135,0.39288199564540205,1.8604840366019315,0.7307085434015644,0.349269418870775,0.34,-0.15840610963782353,0.999175,0.5377525,Migrate VM,Migrate VM,Migrate VM,0.34082499999999993
random_1221,484.0232125910305,0.4287579032557307,0.2767927439746457,0.8527064894487144,0.21154322698383277,0.8856387702007957,0.27,-0.20626738195335337,1.0,0.489,Scale Resources,Scale Resources,Scale Resources,0.27
random_1222,180.58665520884514,0.6579689644943214,0.38904719882716354,1.803462835927925,0.6423807517156301,0.48825189028129945,0.275,-0.20999193163945207,1.0,0.4925,Scale Resources,Scale Resources,Scale Resources,0.275
random_1223,66.07148459066924,0.9019166628522043,0.5468168682717709,0.570105945922835,0.8779268918167041,0.0544404273944078,0.315,-0.20835924298948905,1.0,0.5205,Migrate VM,Migrate VM,Migrate VM,0.31499999999999995
random_1224,157.03845866478582,0.5368284012021476,0.33981433604329303,0.9534685107577157,0.2643162523309839,0.13008309093289716,0.265,-0.20999193163945207,1.0,0.4855,Scale Resources,Scale Resources,Scale Resources,0.265
random_1225,18.427069308425857,0.1576465649121419,0.9529465140248118,1.1508062666734769,0.4889601252779515,0.38432383930570857,0.315,-0.1918515032307332,0.9999,0.52047,Migrate VM,Migrate VM,Migrate VM,0.31509999999999994
random_1226,354.21007299169264,0.14125947590609333,0.27612986765266345,1.3118042393275056,0.47906436458522794,0.7700925389590887,0.29,-0.19004219157122337,0.9998375,0.50295125,Migrate VM,Migrate VM,Migrate VM,0.2901624999999999
random_1227,448.55492197832666,0.8233725913706561,0.18420771426073201,0.18294047105395705,0.1694406005450485,0.7835306916002306,0.24,-0.20795632024476685,1.0,0.46799999999999997,Scale Resources,Scale Resources,Scale Resources,0.24
random_1228,456.91554474635524,0.9254488677038575,0.29821578937044557,1.6806827560271167,0.5362355350220966,0.8227918483482073,0.285,-0.20948251219930525,1.0,0.49949999999999994,Scale Resources,Scale Resources,Scale Resources,0.2849999999999999
random_1229,274.1824211900005,0.14589321977911818,0.07921955107309742,1.9144382984186792,0.42580255643157894,0.3505206448973178,0.29,-0.17861905839914038,0.9995125,0.50285375,Migrate VM,Migrate VM,Migrate VM,0.2904875
random_1230,178.1515423841552,0.378934411475472,0.9449968278943381,0.12540917480635172,0.11906128738229915,0.7896515154818492,0.23,-0.2057604816402544,1.0,0.46099999999999997,Scale Resources,Scale Resources,Scale Resources,0.22999999999999998
random_1231,274.70474567006937,0.128536757960952,0.03446013677833637,0.4484686965584548,0.2608107377102711,0.014213029574641989,0.32,-0.15082663261356344,0.99895,0.523685,Migrate VM,Migrate VM,Migrate VM,0.32105000000000006
random_1232,108.04526916859669,0.7383189369523997,0.8554336896370037,1.7964716595394357,0.3899140326435434,0.31941372590355765,0.305,-0.20835924298948905,1.0,0.5135,Migrate VM,Migrate VM,Migrate VM,0.30499999999999994
random_1233,499.9304241039438,0.7693404509215888,0.5373520809075544,0.5095428653787932,0.3213054528851047,0.5153643488293872,0.25,-0.21152225959054594,1.0,0.475,Scale Resources,Scale Resources,Scale Resources,0.25
random_1234,271.04145989537534,0.01367864427367782,0.9594000852714745,1.151212494703127,0.5891582444091333,0.2114711337538192,0.39,-0.14127710501082424,0.998475,0.5725425,Migrate VM,Migrate VM,Migrate VM,0.391525
random_1235,382.49358940062393,0.7372645200918427,0.09515797340476406,1.1899887445198405,0.6581937453298798,0.8355681745738773,0.265,-0.19675456600405516,0.9999875,0.48549625,Scale Resources,Scale Resources,Scale Resources,0.2650125
random_1236,103.04558945885533,0.8776347968064059,0.46148107170759567,0.19304723861128958,0.10562122151087594,0.19780445367316957,0.295,-0.20937690564661837,1.0,0.5065,Migrate VM,Migrate VM,Migrate VM,0.29499999999999993
random_1237,141.37535299265426,0.49640580445979965,0.7487511977445599,0.3734518040388646,0.9926517944995366,0.1615219317703126,0.24,-0.21050169586244527,1.0,0.46799999999999997,Scale Resources,Scale Resources,Scale Resources,0.24
random_1238,299.6889838610737,0.9289404358713399,0.8325074228768271,1.2957784033263198,0.7154929967908985,0.1342056267053643,0.275,-0.20846470673492257,1.0,0.4925,Scale Resources,Scale Resources,Scale Resources,0.275
random_1239,4.831526880124115,0.43414878436037274,0.08951892633830305,0.7155051238256487,0.22374279356973759,0.9163467223807427,0.29,-0.19771027476604186,1.0,0.503,Migrate VM,Migrate VM,Migrate VM,0.29000000000000004
random_1240,440.02799950402874,0.8189428485310084,0.7139442984139875,0.308143858208054,0.048367426199151575,0.6538878578546925,0.24,-0.20592621046933268,1.0,0.46799999999999997,Scale Resources,Scale Resources,Scale Resources,0.24
random_1241,321.1290685875496,0.36942428475448097,0.4726866664355971,0.9782987764759787,0.23992813274650637,0.3141666119075859,0.255,-0.2057604816402544,1.0,0.4785,Scale Resources,Scale Resources,Scale Resources,0.255
random_1242,209.1947773317508,0.6031790299115898,0.9558192060173925,1.07696921903808,0.7311639095432015,0.8070011023955532,0.28,-0.2064332229502308,1.0,0.496,Scale Resources,Scale Resources,Scale Resources,0.28
random_1243,56.75406065427679,0.6531246675539409,0.4821107202544245,1.1448618844957843,0.03841693576904459,0.9062157365473852,0.32,-0.20228210098455224,1.0,0.524,Migrate VM,Migrate VM,Migrate VM,0.32000000000000006
random_1244,476.39207478772505,0.003481923684611754,0.21279159204151088,0.36038834741789993,0.7813045172798514,0.5980800591118203,0.44,-0.13927025862573283,0.997375,0.6072124999999999,Migrate VM,Migrate VM,Migrate VM,0.44262500000000005
random_1245,88.66683164836586,0.8139709553188604,0.35347487180574844,0.9217137525862047,0.3873066053206454,0.5213802064412295,0.325,-0.20835924298948905,1.0,0.5275,Migrate VM,Migrate VM,Migrate VM,0.32499999999999996
random_1246,240.07123441436266,0.27458400266244265,0.4245560374938403,1.8166742997086003,0.5028941364792451,0.9163864104223756,0.275,-0.2023867119326933,1.0,0.4925,Scale Resources,Scale Resources,Scale Resources,0.275
random_1247,275.0635239089823,0.7688172932641588,0.2935913096597129,1.5808269800888157,0.2643216129849856,0.019549971642973007,0.27,-0.20744827760561746,1.0,0.489,Scale Resources,Scale Resources,Scale Resources,0.27
random_1248,80.36447158884653,0.021652875032036834,0.9470626418914286,1.9999540408353884,0.7622302636195206,0.10812816375158762,0.405,-0.15000871722633213,0.99895,0.583185,Migrate VM,Migrate VM,Migrate VM,0.40605
random_1249,449.47273016632477,0.7437761832661044,0.3322445154020879,1.0045558236178642,0.6617593412619689,0.024050475673271232,0.275,-0.21152225959054594,1.0,0.4925,Scale Resources,Scale Resources,Scale Resources,0.275
random_1250,250.77045604994757,0.7323954332549851,0.18822537189633282,0.8875811469586661,0.5325301291849333,0.7355653719592322,0.26,-0.204913214040654,1.0,0.482,Scale Resources,Scale Resources,Scale Resources,0.26
random_1251,482.22685539655373,0.8482755480042915,0.6215184202299502,1.1672813496696186,0.6031866930726707,0.5451786426597738,0.285,-0.21152225959054594,1.0,0.49949999999999994,Scale Resources,Scale Resources,Scale Resources,0.2849999999999999
random_1252,29.681440129461777,0.698296394588205,0.716336800129603,1.0249607245340548,0.870387605402543,0.6724368027566785,0.325,-0.20354448643687217,1.0,0.5275,Migrate VM,Migrate VM,Migrate VM,0.32499999999999996
random_1253,181.33232892850847,0.01969435359863425,0.059161646497680076,0.7035965232835726,0.46210532519868286,0.16687111950842504,0.455,-0.10441436275359584,0.9930125,0.6164037499999999,Migrate VM,Migrate VM,Migrate VM,0.4619875
random_1254,94.66415321131605,0.2302113587793363,0.7805133395762727,1.5425756819035428,0.3829389854137788,0.17236438158439582,0.27,-0.2027866470765738,1.0,0.489,Scale Resources,Scale Resources,Scale Resources,0.27
random_1255,55.45419253173461,0.08712931204717322,0.3912792508993721,0.0910848666422388,0.333635037126335,0.9615332425411374,0.315,-0.18113454240931548,0.9996625,0.52039875,Migrate VM,Migrate VM,Migrate VM,0.31533750000000005
random_1256,253.75230780501934,0.822644656835189,0.12926594589539908,0.5361575648194097,0.9465464445440088,0.3835518969340236,0.25,-0.20390158744399833,1.0,0.475,Scale Resources,Scale Resources,Scale Resources,0.25
random_1257,324.20306422416115,0.9761267791625894,0.5507877563307355,0.6106918984574718,0.5319484559520623,0.05463719933085931,0.245,-0.20846470673492257,1.0,0.4715,Scale Resources,Scale Resources,Scale Resources,0.245
random_1258,56.18493704634558,0.0071711050522699216,0.8842100415650043,1.3425608577991912,0.2983297651327481,0.2211614192073046,0.33,-0.12209278486395414,0.9941,0.52923,Migrate VM,Migrate VM,Migrate VM,0.3359000000000001
random_1259,341.53830057888996,0.9195320647852825,0.2991390910521107,0.6431182187735636,0.8542407251937729,0.8933758158837523,0.245,-0.20592621046933268,1.0,0.4715,Scale Resources,Scale Resources,Scale Resources,0.245
random_1260,457.01828341488925,0.2931542080066948,0.1203125675963489,0.8799951439970841,0.29576486514118105,0.8838666668118358,0.275,-0.1965908662437127,0.9999875,0.49249625,Scale Resources,Scale Resources,Scale Resources,0.2750125
random_1261,18.317470901772438,0.6338804696362723,0.9061813657481139,1.953340733612132,0.6501305992980432,0.9499229570223799,0.285,-0.20404988693062087,1.0,0.49949999999999994,Scale Resources,Scale Resources,Scale Resources,0.2849999999999999
random_1262,37.829731312533646,0.35927834599623976,0.008714697326733689,1.9623675443816369,0.9027264787666992,0.028052556248201355,0.28,-0.12633345601544232,0.9941875,0.49425625,Scale Resources,Scale Resources,Scale Resources,0.2858125
random_1263,9.066325229882988,0.36696949410636615,0.2585379667909018,1.6938645544850044,0.1604844032718623,0.7906494627008573,0.29,-0.2101115827006993,1.0,0.503,Migrate VM,Migrate VM,Migrate VM,0.29000000000000004
random_1264,277.2298499953316,0.3773917714049878,0.14571976173337875,1.995382611919342,0.6179861209215367,0.43938223256799425,0.28,-0.20289132882700012,1.0,0.496,Scale Resources,Scale Resources,Scale Resources,0.28
random_1265,185.56377827636584,0.9057282306308553,0.821191808190761,1.6223715767364475,0.6161984729623928,0.8879565826958018,0.27,-0.20744827760561746,1.0,0.489,Scale Resources,Scale Resources,Scale Resources,0.27
random_1266,149.63918606103522,0.7037061351632893,0.4044477423918925,1.1999976171193842,0.9981530006126929,0.9845247806753183,0.245,-0.2054195409101196,1.0,0.4715,Scale Resources,Scale Resources,Scale Resources,0.245
random_1267,256.3095082337241,0.5738634521648246,0.897321769137301,1.97127142502771,0.7786078026260798,0.0651844579586307,0.275,-0.20897343730880835,1.0,0.4925,Scale Resources,Scale Resources,Scale Resources,0.275
random_1268,161.31986717193197,0.8965623399203079,0.7683525058504805,1.4844661420488543,0.6679232304681411,0.4152638496323835,0.26,-0.20846470673492257,1.0,0.482,Scale Resources,Scale Resources,Scale Resources,0.26
random_1269,201.62066017235085,0.808932487590801,0.2937802917650709,1.369663745401947,0.7262085234239566,0.8445559893615288,0.255,-0.2064332229502308,1.0,0.4785,Scale Resources,Scale Resources,Scale Resources,0.255
random_1270,159.94279535350785,0.7418892668382021,0.10648989757868688,0.27612345790380943,0.41733604017340153,0.05522577635524728,0.245,-0.20329153465308547,1.0,0.4715,Scale Resources,Scale Resources,Scale Resources,0.245
random_1271,473.8491607326692,0.9018958105093605,0.048933695525843146,1.6766234437845575,0.5088741740900253,0.7019628883735499,0.305,-0.18483633866122662,0.999725,0.5134175,Migrate VM,Migrate VM,Migrate VM,0.30527499999999996
random_1272,443.4655846490936,0.5769744870776986,0.11632710028462945,0.005157220973172505,0.49692153225144653,0.9492321321243601,0.245,-0.20329153465308547,1.0,0.4715,Scale Resources,Scale Resources,Scale Resources,0.245
random_1273,286.31093580659797,0.3729391380882292,0.030922017080913355,1.8299588345564006,0.3271566608580422,0.7047774013150961,0.335,-0.16601802279368494,0.9991875,0.53425625,Migrate VM,Migrate VM,Migrate VM,0.33581250000000007
random_1274,347.1186010557324,0.2538831613687479,0.06377750646072533,0.7700007573436871,0.3171310138371999,0.7002563988723258,0.275,-0.1773256900589183,0.999275,0.4922825,Scale Resources,Scale Resources,Scale Resources,0.275725
random_1275,409.89124782991956,0.22244541739167467,0.5282310697764423,0.08121669477632332,0.2142558229334619,0.761761605322083,0.23,-0.20525392417297494,1.0,0.46099999999999997,Scale Resources,Scale Resources,Scale Resources,0.22999999999999998
random_1276,396.69916024453624,0.7764044634518033,0.14238792498827013,1.1020694549368346,0.4227084144433829,0.9914862967950905,0.28,-0.19585766686487982,0.9999875,0.49599625,Scale Resources,Scale Resources,Scale Resources,0.2800125
random_1277,327.034934529168,0.9352020913957291,0.1453503050084376,0.9017465462004581,0.7716076001058686,0.3678577280304026,0.27,-0.20390158744399833,1.0,0.489,Scale Resources,Scale Resources,Scale Resources,0.27
random_1278,316.25424807682333,0.5117021723736607,0.9919294092179923,0.34774508013098293,0.9353486953301278,0.40157095380329677,0.235,-0.20897343730880835,1.0,0.46449999999999997,Scale Resources,Scale Resources,Scale Resources,0.235
random_1279,233.99648318864723,0.528601883689979,0.26536654943357985,1.927314885221586,0.9114872052347894,0.9729051002113627,0.275,-0.2064332229502308,1.0,0.4925,Scale Resources,Scale Resources,Scale Resources,0.275
random_1280,498.4597861047615,0.669800095180972,0.4516854958057447,1.7014678029926096,0.023804877836338556,0.8344040447135034,0.275,-0.20289132882700012,1.0,0.4925,Scale Resources,Scale Resources,Scale Resources,0.275
random_1281,248.64301210550332,0.6732200270834178,0.3740460613425076,0.7372463077336318,0.03171715281088772,0.4237894304290133,0.245,-0.204913214040654,1.0,0.4715,Scale Resources,Scale Resources,Scale Resources,0.245
random_1282,204.17709770966502,0.22479110186807127,0.24732327353976746,1.1682791608850234,0.31777144253950307,0.8302519090172897,0.285,-0.2023867119326933,1.0,0.49949999999999994,Scale Resources,Scale Resources,Scale Resources,0.2849999999999999
random_1283,55.692553428533245,0.5776449465750436,0.16004472713910234,1.0564812538413175,0.5525458869503187,0.6422976865257292,0.325,-0.2027866470765738,1.0,0.5275,Migrate VM,Migrate VM,Migrate VM,0.32499999999999996
random_1284,213.71247363644684,0.5094746851292544,0.18095261608129332,0.9260306994726593,0.37303038909429054,0.6661311046544097,0.27,-0.20390158744399833,1.0,0.489,Scale Resources,Scale Resources,Scale Resources,0.27
random_1285,217.41086174824304,0.7793416509802202,0.42599209857369214,0.47154234594791733,0.2736887189585846,0.04528522509163657,0.245,-0.20948251219930525,1.0,0.4715,Scale Resources,Scale Resources,Scale Resources,0.245
random_1286,269.95940530045505,0.8308808839003218,0.7691117068175701,0.8755789326769428,0.1961203551445122,0.8634844432974528,0.26,-0.20592621046933268,1.0,0.482,Scale Resources,Scale Resources,Scale Resources,0.26
random_1287,28.3905170225342,0.399222725202494,0.8566151423839511,0.7863533748083928,0.11787547075695992,0.2659495003457961,0.31,-0.20337928452330944,1.0,0.517,Migrate VM,Migrate VM,Migrate VM,0.31000000000000005
random_1288,300.0147208714742,0.15203590769457087,0.6549353268423558,0.8763238623984915,0.3343895008205219,0.24092548052316387,0.26,-0.19136944088136953,0.9999,0.48197,Scale Resources,Scale Resources,Scale Resources,0.2601
random_1289,411.6649929283547,0.39667394746340157,0.7384792656062277,0.8807103852747689,0.09186718688677942,0.4405059751672604,0.27,-0.20880703433315417,1.0,0.489,Scale Resources,Scale Resources,Scale Resources,0.27
random_1290,253.84388986788198,0.45784219349337685,0.8162417117482725,1.8217026980860587,0.786778675211034,0.5827819022109597,0.275,-0.20897343730880835,1.0,0.4925,Scale Resources,Scale Resources,Scale Resources,0.275
random_1291,270.72498027744535,0.644616030123659,0.2878302964393745,1.6236936922973702,0.8568481776036609,0.26721716318183053,0.27,-0.20897343730880835,1.0,0.489,Scale Resources,Scale Resources,Scale Resources,0.27
random_1292,451.40910407003884,0.8487327239916674,0.42448676748251024,1.8180004041854911,0.12043899381150813,0.027986559208900363,0.285,-0.2120330595628358,1.0,0.49949999999999994,Scale Resources,Scale Resources,Scale Resources,0.2849999999999999
random_1293,173.9334127970272,0.565435698827345,0.3514426145328662,1.884135467342719,0.25471022905514507,0.28121339359267894,0.275,-0.20999193163945207,1.0,0.4925,Scale Resources,Scale Resources,Scale Resources,0.275
random_1294,317.41380627242756,0.0038638823417082024,0.7275570523545992,0.7549389661863144,0.977747867643296,0.6914175930297486,0.395,-0.12626451297119967,0.9941875,0.57475625,Migrate VM,Migrate VM,Migrate VM,0.4008125
random_1295,26.10747754117154,0.09262780874197363,0.08816810692415855,1.9052445197838874,0.6840515412175877,0.4276060072889357,0.27,-0.17121569779855272,0.9991875,0.48875625,Scale Resources,Scale Resources,Scale Resources,0.2708125
random_1296,100.24134494001552,0.8736397464358032,0.20155592767134045,1.4133584329516349,0.763324361545346,0.2946560888554083,0.275,-0.20582110289773825,1.0,0.4925,Scale Resources,Scale Resources,Scale Resources,0.275
random_1297,252.45736858532115,0.22298928231839388,0.3789296574554981,1.9302687965600176,0.6931380346544302,0.8466142061905151,0.275,-0.2023867119326933,1.0,0.4925,Scale Resources,Scale Resources,Scale Resources,0.275
random_1298,270.29978573337047,0.23903974215135615,0.7128798566671936,1.0011359215811328,0.1768488681070587,0.41242988961821025,0.255,-0.20323111812667694,1.0,0.4785,Scale Resources,Scale Resources,Scale Resources,0.255
random_1299,317.42010950815296,0.7353318566822382,0.24322079589035173,1.7519946786986622,0.379551107074678,0.2711367178927484,0.285,-0.20897343730880835,1.0,0.49949999999999994,Scale Resources,Scale Resources,Scale Resources,0.2849999999999999
random_1300,97.5600277268624,0.8041713344029736,0.35416457496606246,0.9667980557758693,0.22281982356387564,0.6860910711689315,0.33,-0.2053145044288177,1.0,0.5309999999999999,Migrate VM,Migrate VM,Migrate VM,0.33000000000000007
random_1301,390.51670377621116,0.3394252489533416,0.945079385371402,0.06122121912047218,0.13294310327404035,0.5887870315604908,0.23,-0.21033495478584718,1.0,0.46099999999999997,Scale Resources,Scale Resources,Scale Resources,0.22999999999999998
random_1302,350.70343102418985,0.250682989509059,0.5540710968913485,0.6367724940856254,0.5540892456215902,0.6593276777642525,0.24,-0.20071029681979813,1.0,0.46799999999999997,Scale Resources,Scale Resources,Scale Resources,0.24
random_1303,486.4040267845287,0.4556968600211837,0.6482160402713806,1.1560784958398638,0.31755489388757296,0.25306413169772035,0.285,-0.21033495478584718,1.0,0.49949999999999994,Scale Resources,Scale Resources,Scale Resources,0.2849999999999999
random_1304,493.93536087236185,0.20685236170151533,0.7902752670742368,0.29317478204152203,0.8043512693612508,0.18572844298954805,0.23,-0.20677462534431512,1.0,0.46099999999999997,Scale Resources,Scale Resources,Scale Resources,0.22999999999999998
random_1305,483.5783220080835,0.6859876565745173,0.09011824367582888,1.3863542389180217,0.6036207627815519,0.3375462466939585,0.28,-0.19926198268356898,1.0,0.496,Scale Resources,Scale Resources,Scale Resources,0.28
random_1306,130.36799887835733,0.7187607817481522,0.7413613729498658,0.6544116979050731,0.8762271108395037,0.26882721888849126,0.25,-0.21050169586244527,1.0,0.475,Scale Resources,Scale Resources,Scale Resources,0.25
random_1307,34.93221298740551,0.5998678448275786,0.10707057283161614,0.5533281285329705,0.5071863930484379,0.2863596223572976,0.29,-0.20127403233027286,1.0,0.503,Migrate VM,Migrate VM,Migrate VM,0.29000000000000004
random_1308,107.49817121002219,0.7031854149056544,0.5469993414022956,1.679522496500561,0.5812395946554776,0.48344721177377836,0.305,-0.20835924298948905,1.0,0.5135,Migrate VM,Migrate VM,Migrate VM,0.30499999999999994
random_1309,130.6281758053941,0.7920658750912973,0.19687100856436723,0.48445682194632056,0.84158859675307,0.7411925257292111,0.25,-0.20744827760561746,1.0,0.475,Scale Resources,Scale Resources,Scale Resources,0.25
random_1310,306.43674448976026,0.038920530786573426,0.12725761828472648,0.9999149203752193,0.746338923482891,0.4641008641918233,0.355,-0.15477386836248974,0.9990375,0.5482112499999999,Migrate VM,Migrate VM,Migrate VM,0.35596249999999996
random_1311,8.646512207391543,0.1842699986668217,0.5887666996202181,1.3884341193759826,0.033428312711904384,0.04333175346050033,0.27,-0.19998678524894742,1.0,0.489,Scale Resources,Scale Resources,Scale Resources,0.27
random_1312,130.65505772818148,0.08350169538656493,0.5419462321933647,0.24740396391336095,0.6482193349014225,0.777225319307587,0.285,-0.1794365463898473,0.999525,0.4993575,Scale Resources,Scale Resources,Scale Resources,0.2854749999999999
random_1313,485.2583318760533,0.9484069616377143,0.2733651502352782,0.05881920524634565,0.32941221611176796,0.7084801187126533,0.235,-0.21050169586244527,1.0,0.46449999999999997,Scale Resources,Scale Resources,Scale Resources,0.235
random_1314,29.900604636269644,0.3597126576714287,0.29803454754690695,0.4386912716379534,0.7061307547303153,0.6590970050243741,0.305,-0.20222176615684484,1.0,0.5135,Migrate VM,Migrate VM,Migrate VM,0.30499999999999994
random_1315,267.74704701717167,0.9107746396815976,0.10313885273027246,0.29937844895626164,0.3834496792194131,0.6558820518629006,0.245,-0.19525418251082238,0.999975,0.4714925,Scale Resources,Scale Resources,Scale Resources,0.24502500000000005
random_1316,292.0396461227061,0.07404268746793197,0.9584248037464674,0.610129632922783,0.35897261378309386,0.6236297990434235,0.33,-0.17117255017225297,0.9991875,0.53075625,Migrate VM,Migrate VM,Migrate VM,0.33081249999999995
random_1317,472.58275872986735,0.662688239103272,0.9547733295477041,0.3751822376409579,0.618809928972935,0.8288788918762848,0.24,-0.20948251219930525,1.0,0.46799999999999997,Scale Resources,Scale Resources,Scale Resources,0.24
random_1318,254.51223412742357,0.36217367582934046,0.9847585300318772,0.281974680793321,0.41092952752865664,0.8733737525606602,0.235,-0.20373630652797403,1.0,0.46449999999999997,Scale Resources,Scale Resources,Scale Resources,0.235
random_1319,450.24037325296047,0.9803821015597741,0.8848475922643815,0.10191405077482507,0.9297664996274883,0.4281671914067853,0.235,-0.21305569689303694,1.0,0.46449999999999997,Scale Resources,Scale Resources,Scale Resources,0.235
random_1320,325.809593728291,0.3942758691671191,0.8136680766135487,1.1518385526455321,0.8455446425540043,0.19377147152076724,0.28,-0.2057604816402544,1.0,0.496,Scale Resources,Scale Resources,Scale Resources,0.28
random_1321,92.49154737745113,0.440376801584787,0.004751544962480536,1.3857059097925162,0.296053727808011,0.5572993462144499,0.325,-0.1182424380573941,0.993975,0.5256925,Migrate VM,Migrate VM,Migrate VM,0.3310249999999999
random_1322,35.00178023042344,0.17064435938269396,0.6228591700219328,0.6113252542220862,0.2147219425856337,0.22884650080776792,0.295,-0.19284681294595163,0.999925,0.5064774999999999,Migrate VM,Migrate VM,Migrate VM,0.295075
random_1323,107.40968236274773,0.6228509494305482,0.16769121446945712,0.7254127183597807,0.6878868655934522,0.5136710573476506,0.31,-0.204808248601562,1.0,0.517,Migrate VM,Migrate VM,Migrate VM,0.31000000000000005
random_1324,298.64043538774195,0.2509069794637485,0.9327148731652056,0.8277584966326712,0.28696393661233455,0.9043261840584723,0.26,-0.20071029681979813,1.0,0.482,Scale Resources,Scale Resources,Scale Resources,0.26
random_1325,327.6448076321935,0.6139458631384505,0.8867346521661681,0.11708057254276882,0.8376795120075803,0.6778643643051009,0.23,-0.20744827760561746,1.0,0.46099999999999997,Scale Resources,Scale Resources,Scale Resources,0.22999999999999998
random_1326,179.9963973900647,0.2563513425238556,0.10480589988155764,1.88214834049338,0.1419121033295362,0.25943853573088427,0.29,-0.19625409975519992,0.9999875,0.50299625,Migrate VM,Migrate VM,Migrate VM,0.2900125
random_1327,345.5535897847349,0.7101524378859926,0.16076870460259396,1.6282623215312553,0.5102872691763625,0.8484566781151089,0.28,-0.20339628725371706,1.0,0.496,Scale Resources,Scale Resources,Scale Resources,0.28
random_1328,43.64269492377226,0.042829999093689675,0.6369903814943497,0.3000475942196337,0.5249490457332999,0.01410875928450872,0.38,-0.16656935512422355,0.9991875,0.56575625,Migrate VM,Migrate VM,Migrate VM,0.3808125
random_1329,389.9646302741001,0.8995301701785016,0.838882761964288,1.9167056263008366,0.9030957546587897,0.44401801829036525,0.285,-0.2120330595628358,1.0,0.49949999999999994,Scale Resources,Scale Resources,Scale Resources,0.2849999999999999
random_1330,199.1741042218233,0.896183667971543,0.926938795357227,1.945671896636074,0.7683172348427827,0.20198882994138034,0.275,-0.20948251219930525,1.0,0.4925,Scale Resources,Scale Resources,Scale Resources,0.275
random_1331,472.4770680553612,0.9471414668162196,0.6661313639129715,1.7145605326989695,0.5611764211639523,0.9441269454117227,0.285,-0.20948251219930525,1.0,0.49949999999999994,Scale Resources,Scale Resources,Scale Resources,0.2849999999999999
random_1332,46.96819829604559,0.8639636964847707,0.055503629037139346,0.678214104436041,0.13532564261526192,0.4791350924629122,0.3,-0.1891802378118399,0.999725,0.5099175,Migrate VM,Migrate VM,Migrate VM,0.30027500000000007
random_1333,116.12307899623498,0.9520723793339971,0.5593213336534095,1.7954614726074496,0.27805846905115095,0.025977559946560813,0.305,-0.20835924298948905,1.0,0.5135,Migrate VM,Migrate VM,Migrate VM,0.30499999999999994
random_1334,387.82750184196084,0.7023776599719719,0.5454916456741936,1.6306854594584252,0.8400843726481325,0.5879033080181738,0.28,-0.2120330595628358,1.0,0.496,Scale Resources,Scale Resources,Scale Resources,0.28
random_1335,482.96389592696846,0.7197119476173273,0.6768753761626287,0.7228435851172907,0.0022585786000076657,0.240942673894178,0.23,-0.2033076580655403,1.0,0.46099999999999997,Scale Resources,Scale Resources,Scale Resources,0.22999999999999998
random_1336,381.96025340731495,0.7098712544371741,0.3310221448300942,1.2511659490768776,0.19528747947313718,0.26362771926904405,0.27,-0.21152225959054594,1.0,0.489,Scale Resources,Scale Resources,Scale Resources,0.27
random_1337,473.7040469512483,0.4131805729355945,0.24498759429885453,0.9742164936779829,0.3870158797873662,0.7295290373491057,0.26,-0.20626738195335337,1.0,0.482,Scale Resources,Scale Resources,Scale Resources,0.26
random_1338,481.05805324544053,0.5917374244576918,0.591147186936915,0.7296677174469661,0.5646309319752953,0.3193288663871382,0.25,-0.21152225959054594,1.0,0.475,Scale Resources,Scale Resources,Scale Resources,0.25
random_1339,0.5460371561709643,0.8660961728784851,0.4294440855217052,0.9841769701079934,0.08350091542592819,0.837110513405392,0.325,-0.21113161818102222,1.0,0.5275,Migrate VM,Migrate VM,Migrate VM,0.32499999999999996
random_1340,85.16853518879519,0.41062115878431593,0.8402655470638813,0.915565880427039,0.9311523354664637,0.20931430342068968,0.325,-0.20565539732190408,1.0,0.5275,Migrate VM,Migrate VM,Migrate VM,0.32499999999999996
random_1341,357.61641497738566,0.9779985235617275,0.5496136372203109,1.3843677972879858,0.39322665960100844,0.7513373397254689,0.275,-0.20592621046933268,1.0,0.4925,Scale Resources,Scale Resources,Scale Resources,0.275
random_1342,454.43702826186455,0.7030555670505292,0.9359287113809792,1.1773053039846193,0.5771374404509629,0.30462738810915535,0.27,-0.21152225959054594,1.0,0.489,Scale Resources,Scale Resources,Scale Resources,0.27
random_1343,354.81374558189293,0.8819525217561553,0.6463162261289312,0.4660784411971659,0.5441091147216865,0.755937416951415,0.245,-0.2064332229502308,1.0,0.4715,Scale Resources,Scale Resources,Scale Resources,0.245
random_1344,469.6816574363764,0.15659604952055395,0.1274970909665606,0.825887060465812,0.12561116946261086,0.9804289125051184,0.265,-0.18740424518837107,0.999725,0.4854175,Scale Resources,Scale Resources,Scale Resources,0.26527500000000004
random_1345,212.15218364127958,0.5336105190679049,0.2270877812927713,0.8982522470738585,0.9846939348612198,0.4886871513669695,0.265,-0.20897343730880835,1.0,0.4855,Scale Resources,Scale Resources,Scale Resources,0.265
random_1346,4.411962902243105,0.24252753025063056,0.9784548304785041,1.978135026821465,0.21049308977170567,0.6152640878438534,0.295,-0.2075675245793971,1.0,0.5065,Migrate VM,Migrate VM,Migrate VM,0.29499999999999993
random_1347,38.45416525270723,0.5774416424446291,0.12592070148643741,1.6373230472853157,0.9395749876022444,0.17298680804948263,0.255,-0.20354448643687217,1.0,0.4785,Scale Resources,Scale Resources,Scale Resources,0.255
random_1348,231.356084297412,0.10204299847463416,0.339140007072975,0.13019550952105297,0.26454652801742706,0.9902236670893015,0.26,-0.1750496505221696,0.9992125,0.48176375,Scale Resources,Scale Resources,Scale Resources,0.26078750000000006
random_1349,22.301633660700926,0.8589683296186706,0.07745257775410486,1.0579938622347203,0.4521197924273457,0.9315546600206449,0.32,-0.1899242543684675,0.9998375,0.52395125,Migrate VM,Migrate VM,Migrate VM,0.3201624999999999
random_1350,99.52493114254479,0.17968201537963513,0.7487140885678323,1.4514389462007078,0.6991817704927987,0.026127116172380727,0.27,-0.19775651490058854,1.0,0.489,Scale Resources,Scale Resources,Scale Resources,0.27
random_1351,129.97984336245432,0.8398951778542993,0.6008581214567726,1.2043898414643632,0.2959166054048117,0.2601730885569479,0.245,-0.21050169586244527,1.0,0.4715,Scale Resources,Scale Resources,Scale Resources,0.245
random_1352,473.27744400912735,0.7277552788532122,0.12686611780183754,1.8754138842875276,0.5823701518180548,0.3333623669570881,0.28,-0.20744827760561746,1.0,0.496,Scale Resources,Scale Resources,Scale Resources,0.28
random_1353,198.5697231997992,0.7254045103526182,0.3762726516860836,1.157489598237214,0.7104994966484048,0.19537499730596453,0.29,-0.20897343730880835,1.0,0.503,Migrate VM,Migrate VM,Migrate VM,0.29000000000000004
random_1354,472.12074312127464,0.3561727714354098,0.4193747570769143,1.3970287357356412,0.6087850893877641,0.4401198369391792,0.275,-0.20999193163945207,1.0,0.4925,Scale Resources,Scale Resources,Scale Resources,0.275
random_1355,324.8710201503957,0.9028283075720446,0.8002836166454186,1.6485180199095473,0.25840840856731295,0.41940334929763756,0.28,-0.20897343730880835,1.0,0.496,Scale Resources,Scale Resources,Scale Resources,0.28
random_1356,276.9095708270296,0.04419081916148293,0.7697921803773246,0.6469268488301778,0.2825960780410143,0.2592920093561464,0.35,-0.16644379182916413,0.9991875,0.5447562499999999,Migrate VM,Migrate VM,Migrate VM,0.35081249999999997
random_1357,141.6896327100322,0.33801483215783223,0.6048245580761592,1.1671306438001263,0.25571175360187537,0.2064242765732075,0.285,-0.20728221204533992,1.0,0.49949999999999994,Scale Resources,Scale Resources,Scale Resources,0.2849999999999999
random_1358,413.1790950356784,0.09272333767636654,0.5128228412009275,1.0411217483785522,0.5741368068116216,0.8856501159071357,0.32,-0.18041504515376983,0.9996625,0.52389875,Migrate VM,Migrate VM,Migrate VM,0.32033749999999994
random_1359,311.95697004738383,0.9736337662480233,0.8713530833487275,0.4294805189744231,0.24118331022530115,0.3447741359151706,0.245,-0.20897343730880835,1.0,0.4715,Scale Resources,Scale Resources,Scale Resources,0.245
random_1360,195.75720754006565,0.5529951203076955,0.23251263289633883,0.44469036222753133,0.38138995736807957,0.672023113212752,0.245,-0.20694057858490844,1.0,0.4715,Scale Resources,Scale Resources,Scale Resources,0.245
random_1361,344.06280654809416,0.9761167400402896,0.20241543392181405,0.7857183037139615,0.9646774979390604,0.6900087426655521,0.26,-0.204913214040654,1.0,0.482,Scale Resources,Scale Resources,Scale Resources,0.26
random_1362,296.13926241100955,0.5396460514013469,0.07551038013625655,1.7867476176318207,0.6255052154151076,0.571667407928034,0.3,-0.19126801671716098,0.9999,0.50997,Migrate VM,Migrate VM,Migrate VM,0.30010000000000003
random_1363,269.7501716609213,0.3919142073211117,0.25466469136089276,1.5106439706689685,0.5095675177616621,0.03393953228922031,0.26,-0.20592621046933268,1.0,0.482,Scale Resources,Scale Resources,Scale Resources,0.26
random_1364,199.54724988608163,0.9286036382228325,0.37389456154086287,0.8264660158511474,0.6239611230550356,0.8016748038158823,0.26,-0.2064332229502308,1.0,0.482,Scale Resources,Scale Resources,Scale Resources,0.26
random_1365,334.23055885235607,0.8500547311229465,0.11397058704069829,1.8491851066372977,0.903921932411386,0.5191485865855878,0.29,-0.201777896146055,1.0,0.503,Migrate VM,Migrate VM,Migrate VM,0.29000000000000004
random_1366,312.3711188936005,0.21281305020140173,0.4479474379813889,0.4054067218396247,0.021976678941019512,0.9809030681270525,0.22,-0.19160251238040782,0.9999,0.45397,Scale Resources,Scale Resources,Scale Resources,0.22009999999999996
random_1367,129.57325785510255,0.5931083088978353,0.30025038353786304,0.7412432404208698,0.3977615585822748,0.3350467313247577,0.25,-0.21050169586244527,1.0,0.475,Scale Resources,Scale Resources,Scale Resources,0.25
random_1368,318.69987966996786,0.9609362704886061,0.428634650006233,1.9466534481085302,0.6677972373447831,0.607136195021009,0.285,-0.2064332229502308,1.0,0.49949999999999994,Scale Resources,Scale Resources,Scale Resources,0.2849999999999999
random_1369,118.55192589946151,0.06292070589938081,0.8519347702918288,1.147962127888538,0.4144138624248819,0.8119673220884834,0.34,-0.16474884986190352,0.9991875,0.5377562499999999,Migrate VM,Migrate VM,Migrate VM,0.34081249999999996
random_1370,155.2901912886594,0.7836172559644873,0.327963835405797,1.8417623728083272,0.26796687445680256,0.13755411757457114,0.285,-0.21050169586244527,1.0,0.49949999999999994,Scale Resources,Scale Resources,Scale Resources,0.2849999999999999
random_1371,349.04835417470593,0.16284725306477077,0.9493630502889856,1.311110224777732,0.23086066128452598,0.20881893428542875,0.28,-0.19252686229500926,0.999925,0.49597749999999996,Scale Resources,Scale Resources,Scale Resources,0.2800750000000001
random_1372,461.9375195602108,0.6078579128498909,0.8937360066724167,0.22045040969165042,0.9253921955791762,0.5200493119940883,0.235,-0.21305569689303694,1.0,0.46449999999999997,Scale Resources,Scale Resources,Scale Resources,0.235
random_1373,334.21095816567527,0.37287547154128065,0.059140322005826196,1.9159448826836583,0.994598329108482,0.36454684876044297,0.305,-0.18434393339460886,0.999725,0.5134175,Migrate VM,Migrate VM,Migrate VM,0.30527499999999996
random_1374,471.93396487598983,0.16772629096156422,0.15468444965857553,0.14622368001834296,0.39126940758415074,0.052302250181599175,0.24,-0.19286193127769802,0.999925,0.46797749999999994,Scale Resources,Scale Resources,Scale Resources,0.24007500000000004
random_1375,197.32859480644836,0.13839042864966822,0.7305277955729573,1.666725298672816,0.687815427796288,0.20049415243615587,0.285,-0.19302480589270654,0.999925,0.4994774999999999,Scale Resources,Scale Resources,Scale Resources,0.28507499999999997
random_1376,383.4240964539778,0.24950019703327497,0.7594885969685274,1.1347951497927817,0.3667125162912097,0.08349237801605769,0.295,-0.20626738195335337,1.0,0.5065,Migrate VM,Migrate VM,Migrate VM,0.29499999999999993
random_1377,413.7547549035129,0.9396529207982254,0.6659177800006375,1.9290831333868776,0.9341114190429911,0.19460840080375363,0.285,-0.2120330595628358,1.0,0.49949999999999994,Scale Resources,Scale Resources,Scale Resources,0.2849999999999999
random_1378,365.6061742991067,0.34930481943769454,0.487517360565626,0.3139308622976915,0.9747794280576525,0.7261373830764085,0.235,-0.20373630652797403,1.0,0.46449999999999997,Scale Resources,Scale Resources,Scale Resources,0.235
random_1379,133.45415481548406,0.3714716901680335,0.4224829268287844,1.4950674482876805,0.9256972667695845,0.32144013298457164,0.26,-0.20795632024476685,1.0,0.482,Scale Resources,Scale Resources,Scale Resources,0.26
random_1380,236.25004414020978,0.5932075728347012,0.3933439924003156,1.0083626467313704,0.105707629020102,0.16767438772016607,0.28,-0.20846470673492257,1.0,0.496,Scale Resources,Scale Resources,Scale Resources,0.28
random_1381,200.55062861007244,0.9149390117705525,0.3493580457446336,0.49958561721002726,0.7428622208492759,0.9491301660766093,0.245,-0.20694057858490844,1.0,0.4715,Scale Resources,Scale Resources,Scale Resources,0.245
random_1382,229.56180853177372,0.008604955567183104,0.688149331475618,0.8301216032322898,0.6736455366162152,0.27771651582920354,0.44,-0.12961355356502513,0.994225,0.6062675,Migrate VM,Migrate VM,Migrate VM,0.44577500000000003
random_1383,1.204071908481208,0.34449621874560377,0.7047923426129415,0.7862265660183785,0.21917413965322596,0.4640068641341015,0.31,-0.2109647377449354,1.0,0.517,Migrate VM,Migrate VM,Migrate VM,0.31000000000000005
random_1384,376.1742616491927,0.11943308679230602,0.6917520336466478,1.3346880476078946,0.3707378796850713,0.9703361913794945,0.3,-0.18707166068288772,0.999725,0.5099175,Migrate VM,Migrate VM,Migrate VM,0.30027500000000007
random_1385,447.35264974017576,0.31616148080206985,0.031091093393843083,0.6166096134901533,0.20472194254104326,0.5472519140475928,0.305,-0.16826385226566787,0.9991875,0.51325625,Migrate VM,Migrate VM,Migrate VM,0.30581250000000004
random_1386,459.3722105910773,0.8703375100375215,0.3058291556648267,0.857195067111274,0.03654219907956646,0.5441635076491494,0.27,-0.20795632024476685,1.0,0.489,Scale Resources,Scale Resources,Scale Resources,0.27
random_1387,31.683990025364427,0.9386061662290996,0.8669338348522723,0.428375252875006,0.6993686798620454,0.5680203824333331,0.305,-0.20744827760561746,1.0,0.5135,Migrate VM,Migrate VM,Migrate VM,0.30499999999999994
random_1388,400.6788562580915,0.4756521067515199,0.191771970665778,1.2796868002456634,0.080280326995945,0.5845879911684221,0.265,-0.21050169586244527,1.0,0.4855,Scale Resources,Scale Resources,Scale Resources,0.265
random_1389,106.3524027322288,0.6849364371235602,0.8280431617281085,0.21904945856414493,0.40026855214859236,0.7335215877759967,0.29,-0.20683532868835153,1.0,0.503,Migrate VM,Migrate VM,Migrate VM,0.29000000000000004
random_1390,81.85153075942925,0.5665236700357131,0.6718389818757231,0.7095872144787645,0.8319822742026011,0.5106581850467138,0.32,-0.20835924298948905,1.0,0.524,Migrate VM,Migrate VM,Migrate VM,0.32000000000000006
random_1391,313.497419970255,0.1408727967047787,0.023160174532669053,0.10149714164997259,0.9039201481982159,0.8826423842482511,0.31,-0.1247569384033238,0.9941875,0.51525625,Migrate VM,Migrate VM,Migrate VM,0.31581250000000005
random_1392,403.79571958092123,0.1996120912348608,0.5254586519495033,1.5922342010967467,0.6746691812557738,0.1155211936759376,0.275,-0.2064332229502308,1.0,0.4925,Scale Resources,Scale Resources,Scale Resources,0.275
random_1393,447.7705999062119,0.16068239277796226,0.17179569341333545,1.8020172583414165,0.4846169390945161,0.37289182595646686,0.29,-0.19352308650622496,0.9999375,0.5029812499999999,Migrate VM,Migrate VM,Migrate VM,0.2900624999999999
random_1394,276.82837114902827,0.9813973328321114,0.11963045524104288,1.5138976975841305,0.3343258622441275,0.11704927084762373,0.27,-0.20026732684439663,1.0,0.489,Scale Resources,Scale Resources,Scale Resources,0.27
random_1395,210.96667767646932,0.5487528777252709,0.2059616377281469,0.810538918193205,0.6356760254722905,0.5764480197202222,0.26,-0.20795632024476685,1.0,0.482,Scale Resources,Scale Resources,Scale Resources,0.26
random_1396,361.5802970274253,0.8364045329374012,0.4091403317693737,0.8459345509244549,0.49669213445515314,0.5663533783813035,0.27,-0.20846470673492257,1.0,0.489,Scale Resources,Scale Resources,Scale Resources,0.27
random_1397,54.16133711894583,0.31263535419477406,0.17189179537702426,0.7717055246882631,0.9733540725740365,0.5827309566809797,0.305,-0.20060592108776287,1.0,0.5135,Migrate VM,Migrate VM,Migrate VM,0.30499999999999994
random_1398,214.69075996027314,0.5659368952237088,0.6690765554271793,0.8699069265808019,0.4477098042528872,0.7014011293817086,0.26,-0.2064332229502308,1.0,0.482,Scale Resources,Scale Resources,Scale Resources,0.26
random_1399,30.431291602850628,0.5400805682883442,0.5473278122177014,1.5135045222567618,0.982644752336658,0.7957547867868081,0.265,-0.20253471071239082,1.0,0.4855,Scale Resources,Scale Resources,Scale Resources,0.265
random_1400,251.89430632523403,0.16945317960717854,0.5882609716331706,1.6685977734253719,0.9324140636453325,0.8253103794941006,0.27,-0.1905384535058805,0.9998625,0.48895875,Scale Resources,Scale Resources,Scale Resources,0.27013750000000003
random_1401,94.48430318128176,0.7125758643493314,0.8801549474858433,1.3620339332539504,0.6857520409282152,0.5001622862510787,0.28,-0.20785092783052672,1.0,0.496,Scale Resources,Scale Resources,Scale Resources,0.28
random_1402,318.4881110627525,0.2943807192230211,0.0888100867857452,1.6554298094908009,0.9431443073915157,0.8568223353769442,0.29,-0.19027484194099165,0.99985,0.5029549999999999,Migrate VM,Migrate VM,Migrate VM,0.2901499999999999
random_1403,166.9567768904015,0.0935301513079283,0.2801383876314065,1.6856707516198002,0.655814507633216,0.9666942441029371,0.305,-0.1791075889830499,0.999525,0.5133575,Migrate VM,Migrate VM,Migrate VM,0.30547499999999994
random_1404,171.34050921855172,0.5514721202916424,0.7900382216382279,0.4679838854636247,0.9640899746596657,0.5923976724918149,0.245,-0.20999193163945207,1.0,0.4715,Scale Resources,Scale Resources,Scale Resources,0.245
random_1405,3.9487816598265946,0.025153275628012395,0.8822160164015952,1.290563055522155,0.7630725190638621,0.784016000956908,0.375,-0.148664312745312,0.998925,0.5621775,Migrate VM,Migrate VM,Migrate VM,0.37607500000000005
random_1406,210.22988812538824,0.7986112461423018,0.9375324448125381,0.34434221553924327,0.7641363995420206,0.307792007615565,0.235,-0.20948251219930525,1.0,0.46449999999999997,Scale Resources,Scale Resources,Scale Resources,0.235
random_1407,160.74650152692692,0.4127548510363862,0.8637195199080855,0.04411213462009833,0.43392620681026395,0.6800476495692706,0.23,-0.20626738195335337,1.0,0.46099999999999997,Scale Resources,Scale Resources,Scale Resources,0.22999999999999998
random_1408,55.207729141260984,0.7922535970174165,0.941902597897353,0.18186964215395718,0.15294813783087813,0.9740972249462029,0.305,-0.20734295647432532,1.0,0.5135,Migrate VM,Migrate VM,Migrate VM,0.30499999999999994
random_1409,98.92782039287079,0.07893967570320448,0.9521925363959002,1.7852454196189378,0.6557254727331311,0.5514309272875533,0.31,-0.18129482196694413,0.9996625,0.51689875,Migrate VM,Migrate VM,Migrate VM,0.31033749999999993
random_1410,459.6163481513852,0.6555200751114227,0.65839665931507,1.687371128403906,0.6532456772924209,0.5036768870376775,0.285,-0.2120330595628358,1.0,0.49949999999999994,Scale Resources,Scale Resources,Scale Resources,0.2849999999999999
random_1411,194.86074894922396,0.5031338927912408,0.5224786490871944,0.7216637622365036,0.44811840898034605,0.8018719328635212,0.245,-0.2064332229502308,1.0,0.4715,Scale Resources,Scale Resources,Scale Resources,0.245
random_1412,208.2566843379439,0.02555976663542936,0.28301932177384914,0.46348372818339634,0.7935820118319684,0.4492930584718088,0.43,-0.15556638469720008,0.9990875,0.6007262499999999,Migrate VM,Migrate VM,Migrate VM,0.43091250000000003
random_1413,140.15527151756658,0.8107048838416246,0.01921680455661201,0.3485016854624352,0.8269548193958,0.5506517276604026,0.3,-0.13557970123715068,0.9951625,0.50854875,Migrate VM,Migrate VM,Migrate VM,0.3048375000000001
random_1414,386.82488728974016,0.8381760147620776,0.9419634885885396,0.12684919860667598,0.799234743298472,0.7087661482198349,0.23,-0.21050169586244527,1.0,0.46099999999999997,Scale Resources,Scale Resources,Scale Resources,0.22999999999999998
random_1415,103.51280033827959,0.9317022663401231,0.40420188030639204,1.7752210549096084,0.6051137046649254,0.5267479465409566,0.295,-0.20835924298948905,1.0,0.5065,Migrate VM,Migrate VM,Migrate VM,0.29499999999999993
random_1416,79.7619669479897,0.9143276242873128,0.5566619073622462,0.012184810993634887,0.01828454107028321,0.7776326050180475,0.31,-0.19815396635445426,1.0,0.517,Migrate VM,Migrate VM,Migrate VM,0.31000000000000005
random_1417,80.96817668919482,0.5987384356281452,0.6810819619339803,0.5587311858969937,0.5693138084114124,0.2402587459890747,0.32,-0.20835924298948905,1.0,0.524,Migrate VM,Migrate VM,Migrate VM,0.32000000000000006
random_1418,473.15771368397526,0.860170156349167,0.28804279149746914,1.0576289819006794,0.5006328571539057,0.960023257950074,0.275,-0.20897343730880835,1.0,0.4925,Scale Resources,Scale Resources,Scale Resources,0.275
random_1419,197.014390091927,0.5622275546215668,0.9287065948874371,0.3256221023531163,0.5504856032783381,0.10567292036182963,0.235,-0.20948251219930525,1.0,0.46449999999999997,Scale Resources,Scale Resources,Scale Resources,0.235
random_1420,308.74946590925026,0.36568320338700466,0.9676360731796007,0.8308183622970526,0.13618763754170682,0.8339999609284041,0.265,-0.20323111812667694,1.0,0.4855,Scale Resources,Scale Resources,Scale Resources,0.265
random_1421,410.43334571145704,0.6948596195427844,0.748811801884228,0.5294304353788137,0.6420535004227813,0.03801987120539363,0.25,-0.21152225959054594,1.0,0.475,Scale Resources,Scale Resources,Scale Resources,0.25
random_1422,98.44507194501728,0.9322794475530867,0.7392352970826587,0.46134508197851565,0.1113830895192881,0.9489194448685015,0.32,-0.20582110289773825,1.0,0.524,Migrate VM,Migrate VM,Migrate VM,0.32000000000000006
random_1423,56.09383303006638,0.2570700480472482,0.18263399299945715,0.014927640823535926,0.314134774098044,0.9741788715987626,0.305,-0.19960011906032848,1.0,0.5135,Migrate VM,Migrate VM,Migrate VM,0.30499999999999994
random_1424,170.95165290467824,0.5043048794677737,0.7459357839217814,1.1021602041584322,0.7435915074123066,0.6616358681905152,0.3,-0.20694057858490844,1.0,0.51,Migrate VM,Migrate VM,Migrate VM,0.30000000000000004
random_1425,304.28151149950736,0.6496489072117452,0.799164362078251,1.4203827896022083,0.7917749207051915,0.14559763828353134,0.275,-0.20744827760561746,1.0,0.4925,Scale Resources,Scale Resources,Scale Resources,0.275
random_1426,338.83686635527016,0.7370219123255332,0.2999664324968345,1.7491546556865647,0.3047116033027004,0.2438321193764973,0.285,-0.20897343730880835,1.0,0.49949999999999994,Scale Resources,Scale Resources,Scale Resources,0.2849999999999999
random_1427,433.5484077402556,0.2470198381164267,0.4155024624318001,0.7358456600736378,0.8980618225582724,0.45523573828796426,0.245,-0.20626738195335337,1.0,0.4715,Scale Resources,Scale Resources,Scale Resources,0.245
random_1428,347.15446664810776,0.794038904643829,0.6279035807471762,1.8873889966498294,0.8025075292560081,0.40020662767486315,0.285,-0.20897343730880835,1.0,0.49949999999999994,Scale Resources,Scale Resources,Scale Resources,0.2849999999999999
random_1429,475.4059216288416,0.5245748332713341,0.022577322944895895,0.5200265593057936,0.6217295870372666,0.15681490232443673,0.315,-0.14787833448058063,0.9989125,0.5201737499999999,Migrate VM,Migrate VM,Migrate VM,0.3160875000000001
random_1430,292.0340224466018,0.3615980223075298,0.534385480058274,0.0037496957465057434,0.8484213546686984,0.36192548777552835,0.23,-0.20728221204533992,1.0,0.46099999999999997,Scale Resources,Scale Resources,Scale Resources,0.22999999999999998
random_1431,70.07921713897652,0.43791585700507996,0.4861772934888341,1.2748054209923778,0.5245624403522797,0.04352358206706264,0.285,-0.20683532868835153,1.0,0.49949999999999994,Scale Resources,Scale Resources,Scale Resources,0.2849999999999999
random_1432,435.7561610388824,0.4565089317869613,0.07698777253300892,1.5456564730583702,0.6601544187830682,0.6494377727692218,0.295,-0.1917651083089722,0.9999,0.50647,Migrate VM,Migrate VM,Migrate VM,0.2950999999999999
random_1433,213.45700086778052,0.4104970626209884,0.5363386363873428,0.10118882579820654,0.29895776421792086,0.9878941735623735,0.215,-0.20121377909078908,1.0,0.4505,Scale Resources,Scale Resources,Scale Resources,0.21499999999999997
random_1434,331.09624456403793,0.4189341654173221,0.22236310294045303,1.490418723800467,0.2602903097061914,0.16237010384629535,0.28,-0.204913214040654,1.0,0.496,Scale Resources,Scale Resources,Scale Resources,0.28
random_1435,77.25745011714363,0.7292632791647324,0.6428102542887174,0.13961219874246122,0.11504281536220251,0.6338468673535771,0.315,-0.20734295647432532,1.0,0.5205,Migrate VM,Migrate VM,Migrate VM,0.31499999999999995
random_1436,285.5580509360795,0.6859990603718135,0.17803890836326197,1.4531758124343341,0.9360964673305497,0.6010503145354412,0.275,-0.204913214040654,1.0,0.4925,Scale Resources,Scale Resources,Scale Resources,0.275
random_1437,98.06500982139194,0.6795438552841065,0.3430816835460644,0.09857549277144284,0.30233869535249847,0.905585101950132,0.315,-0.20683532868835153,1.0,0.5205,Migrate VM,Migrate VM,Migrate VM,0.31499999999999995
random_1438,205.56966008798761,0.8646653380310924,0.5086593435227916,1.0339559779192,0.005216321064894336,0.6371040732889721,0.285,-0.19432963664293568,0.999975,0.4994925,Scale Resources,Scale Resources,Scale Resources,0.2850250000000001
random_1439,53.90692251521012,0.4787484146820543,0.2603168556580989,0.7847659316586297,0.5370773556668008,0.014464114601972833,0.31,-0.20717691421453832,1.0,0.517,Migrate VM,Migrate VM,Migrate VM,0.31000000000000005
random_1440,142.2917916358114,0.9896119342918649,0.057399125820559616,0.6387869763147367,0.32142147496464823,0.3793859209327626,0.28,-0.18878759738668804,0.999725,0.4959175,Scale Resources,Scale Resources,Scale Resources,0.28027500000000005
random_1441,342.39045922117265,0.2477437986829646,0.4602693441360528,1.2897271337048983,0.3223220583285886,0.9487725805032546,0.275,-0.20188243633979863,1.0,0.4925,Scale Resources,Scale Resources,Scale Resources,0.275
random_1442,489.83631747134064,0.11967356768751114,0.3438198844008101,0.4159441396129506,0.18678959555711516,0.4909798383382795,0.28,-0.191866601118602,0.9999,0.49597,Scale Resources,Scale Resources,Scale Resources,0.2801
random_1443,281.91355406743946,0.4256520405975992,0.2725548730973607,0.5572431485072793,0.9921281563407308,0.9236773739902505,0.245,-0.20323111812667694,1.0,0.4715,Scale Resources,Scale Resources,Scale Resources,0.245
random_1444,37.949420494678584,0.6565506519961256,0.4568776074848443,1.377628194398324,0.5969607055405535,0.8892524000824175,0.275,-0.20354448643687217,1.0,0.4925,Scale Resources,Scale Resources,Scale Resources,0.275
random_1445,33.494157144412505,0.3495979120577055,0.9854941257755847,0.36457069798123354,0.12733343950664722,0.7289720060005754,0.305,-0.20222176615684484,1.0,0.5135,Migrate VM,Migrate VM,Migrate VM,0.30499999999999994
random_1446,388.7175800087318,0.6722735476746602,0.7761958287599253,1.3874431441863444,0.13577068228917677,0.6082218974785071,0.275,-0.20897343730880835,1.0,0.4925,Scale Resources,Scale Resources,Scale Resources,0.275
random_1447,388.43834127976623,0.8655166063244678,0.24623524268370767,0.2548615218770771,0.7810904435825796,0.25654834503566537,0.23,-0.21305569689303694,1.0,0.46099999999999997,Scale Resources,Scale Resources,Scale Resources,0.22999999999999998
random_1448,15.964739160443663,0.8252135636493042,0.50599113381086,0.6532662648568439,0.011429105231549164,0.035327444707947686,0.32,-0.1997782514458375,1.0,0.524,Migrate VM,Migrate VM,Migrate VM,0.32000000000000006
random_1449,396.31163528014736,0.48970588496486445,0.14972204929646016,0.7170112544980363,0.1653051475375229,0.11288155318038662,0.25,-0.20694057858490844,1.0,0.475,Scale Resources,Scale Resources,Scale Resources,0.25
random_1450,138.1539103370718,0.5495085474623974,0.2100066078122269,0.6873421625695342,0.47793088395645966,0.4200297391831519,0.25,-0.20897343730880835,1.0,0.475,Scale Resources,Scale Resources,Scale Resources,0.25
random_1451,64.31389956064481,0.03886563553588818,0.03545872694893892,0.7003580360557347,0.7188020785373228,0.13125529872927066,0.37,-0.10180466225966955,0.992675,0.5568025,Migrate VM,Migrate VM,Migrate VM,0.377325
random_1452,393.49005818221275,0.7156743093138368,0.0039434908856111894,0.05349574596369022,0.19503321553805164,0.05612091105058503,0.275,-0.1319058646254645,0.99475,0.490925,Scale Resources,Scale Resources,Scale Resources,0.28025
random_1453,265.671552635153,0.039627261458415775,0.8026458379953977,0.985924137891621,0.7279543666724776,0.7507025509358412,0.37,-0.16147965986348578,0.999175,0.5587525,Migrate VM,Migrate VM,Migrate VM,0.37082499999999996
random_1454,253.38196983511634,0.9253628762534661,0.9902407738553081,0.7184293720290917,0.12586414024923354,0.3632381786478669,0.245,-0.20846470673492257,1.0,0.4715,Scale Resources,Scale Resources,Scale Resources,0.245
random_1455,111.67694850713505,0.5310056670617501,0.37838760125240145,0.9608988285735818,0.7631875760760015,0.27402097454185215,0.315,-0.20785092783052672,1.0,0.5205,Migrate VM,Migrate VM,Migrate VM,0.31499999999999995
random_1456,268.7373623198627,0.3351612493286884,0.7849608641206614,1.2790732648153926,0.008504730510610736,0.6600513411052183,0.26,-0.1942556174120429,0.9999625,0.48198874999999997,Scale Resources,Scale Resources,Scale Resources,0.26003750000000003
random_1457,85.08100403329117,0.7244737902030393,0.5673386668454581,0.8029653554463494,0.6940664292072585,0.8565932858687801,0.325,-0.20582110289773825,1.0,0.5275,Migrate VM,Migrate VM,Migrate VM,0.32499999999999996
random_1458,389.3718569310366,0.5453792765719075,0.7226943202595297,0.8278291087855072,0.7890261215631287,0.8290518916228181,0.265,-0.20897343730880835,1.0,0.4855,Scale Resources,Scale Resources,Scale Resources,0.265
random_1459,68.64691843819936,0.23803135959394628,0.2699887373491584,0.33216343796418313,0.3925350068974207,0.19303321144961227,0.305,-0.2036315062195827,1.0,0.5135,Migrate VM,Migrate VM,Migrate VM,0.30499999999999994
random_1460,297.76965546330473,0.10161544289761593,0.2699191530267564,1.3310412918927135,0.3985451231333492,0.4214627418534077,0.305,-0.1825365736716117,0.9996875,0.51340625,Migrate VM,Migrate VM,Migrate VM,0.3053125000000001
random_1461,398.9626264791946,0.9845115532909865,0.5650677832542129,0.1581343429272155,0.10290297422363592,0.9685007220294161,0.23,-0.21050169586244527,1.0,0.46099999999999997,Scale Resources,Scale Resources,Scale Resources,0.22999999999999998
random_1462,339.6174563742358,0.7524691183338194,0.6757637576855414,0.35923520339030657,0.448362160824762,0.7980804376193656,0.235,-0.2064332229502308,1.0,0.46449999999999997,Scale Resources,Scale Resources,Scale Resources,0.235
random_1463,433.18148147103665,0.23733551474637204,0.5959617908338206,0.31420380547690674,0.9582768731217516,0.2522042889924876,0.23,-0.20677462534431512,1.0,0.46099999999999997,Scale Resources,Scale Resources,Scale Resources,0.22999999999999998
random_1464,363.3175643019483,0.23111294422685436,0.6160539428785416,1.318528614045313,0.3284281034547527,0.8188338654260512,0.275,-0.20188243633979863,1.0,0.4925,Scale Resources,Scale Resources,Scale Resources,0.275
random_1465,442.6854491237253,0.855069930253995,0.3307982194647173,1.488680518025308,0.5594907548692242,0.5926283244920116,0.275,-0.21050169586244527,1.0,0.4925,Scale Resources,Scale Resources,Scale Resources,0.275
random_1466,238.7125426292309,0.6002611479688716,0.13565415803574998,0.8176944662349106,0.177671761987946,0.28010553097142576,0.265,-0.20390158744399833,1.0,0.4855,Scale Resources,Scale Resources,Scale Resources,0.265
random_1467,63.907267961066886,0.21249560522202005,0.7819292557877159,1.0996729243553405,0.023643118512234995,0.7885244838021156,0.32,-0.19359380478049182,0.9999375,0.52398125,Migrate VM,Migrate VM,Migrate VM,0.3200624999999999
random_1468,454.7341979647453,0.8804292757826376,0.8230168828733218,1.9844328856018738,0.586401955537933,0.9625876285149049,0.285,-0.20948251219930525,1.0,0.49949999999999994,Scale Resources,Scale Resources,Scale Resources,0.2849999999999999
random_1469,474.4221162507137,0.3132387305034393,0.8634337560558708,1.5849453311175543,0.7757987774010856,0.896280771291922,0.28,-0.20390158744399833,1.0,0.496,Scale Resources,Scale Resources,Scale Resources,0.28
random_1470,192.09500496015386,0.4000549658873819,0.6400523092036364,1.4756090756286842,0.8797371026576145,0.8758453206592819,0.265,-0.20440722962915492,1.0,0.4855,Scale Resources,Scale Resources,Scale Resources,0.265
random_1471,360.6698121931299,0.9568927778215227,0.17862861894624227,1.9006796943601725,0.06419148203362157,0.5556218811919182,0.285,-0.20390158744399833,1.0,0.49949999999999994,Scale Resources,Scale Resources,Scale Resources,0.2849999999999999
random_1472,45.09847850406112,0.5680009751981364,0.39010971245571946,0.16321886300477373,0.6481168050241883,0.7311979996228418,0.305,-0.20734295647432532,1.0,0.5135,Migrate VM,Migrate VM,Migrate VM,0.30499999999999994
random_1473,87.09270680999064,0.6944367193087689,0.1790475491477329,0.274792898630553,0.14736326652474574,0.5990784689543349,0.32,-0.20632804424022888,1.0,0.524,Migrate VM,Migrate VM,Migrate VM,0.32000000000000006
random_1474,389.3954040633016,0.5968937014738136,0.8093514530182451,1.1829546821407384,0.7973212473484868,0.9765225011333006,0.26,-0.20897343730880835,1.0,0.482,Scale Resources,Scale Resources,Scale Resources,0.26
random_1475,195.4799039841123,0.1499421769268947,0.13539681170495765,1.194955193313196,0.547103065855342,0.18423537854203076,0.265,-0.18855541876216242,0.999725,0.4854175,Scale Resources,Scale Resources,Scale Resources,0.26527500000000004
random_1476,441.05248133383674,0.9567483684541884,0.2532156431033017,0.41376586180213404,0.21392185230754723,0.38742152969135946,0.25,-0.2120330595628358,1.0,0.475,Scale Resources,Scale Resources,Scale Resources,0.25
random_1477,426.6135876494732,0.5959606099411179,0.06755343173266992,0.9459581703441344,0.09033168302809258,0.4062141140084401,0.29,-0.19226253633995405,0.999925,0.5029775,Migrate VM,Migrate VM,Migrate VM,0.2900750000000001
random_1478,201.7600711516585,0.6483526657096457,0.549453966963101,1.749509564678172,0.016275182665472343,0.7739988220946491,0.25,-0.19775651490058854,1.0,0.475,Scale Resources,Scale Resources,Scale Resources,0.25
random_1479,11.329170477920869,0.304289828476366,0.8796631381795634,1.3808283433542434,0.1719966783661433,0.49078454411194294,0.275,-0.20705974490510515,1.0,0.4925,Scale Resources,Scale Resources,Scale Resources,0.275
random_1480,360.9520904889929,0.9373433213395294,0.6343211992182037,0.04935082286585457,0.49970185969628356,0.15296163917082772,0.23,-0.20999193163945207,1.0,0.46099999999999997,Scale Resources,Scale Resources,Scale Resources,0.22999999999999998
random_1481,23.889775237460665,0.5985106346815843,0.7769219025104245,0.0721211109928086,0.7835892709655194,0.7063878798115087,0.305,-0.20592621046933268,1.0,0.5135,Migrate VM,Migrate VM,Migrate VM,0.30499999999999994
random_1482,375.9934440841807,0.24472837271570047,0.3935954554934291,0.23950165441443794,0.2388909502344665,0.3027896714774301,0.23,-0.2047477093196286,1.0,0.46099999999999997,Scale Resources,Scale Resources,Scale Resources,0.22999999999999998
random_1483,159.71831976839306,0.1750398880968118,0.18871179807114336,1.8029407995843203,0.7838936148156058,0.34447770349143736,0.265,-0.1965198603038496,0.9999875,0.48549625,Scale Resources,Scale Resources,Scale Resources,0.2650125
random_1484,473.82176974048036,0.2389227127923239,0.4068204534500507,1.6270506228691413,0.44288637020362664,0.23462532290814597,0.28,-0.20795632024476685,1.0,0.496,Scale Resources,Scale Resources,Scale Resources,0.28
random_1485,184.26773381074418,0.5007210723746816,0.6206443836603374,0.8112129991630466,0.43130433111997424,0.2639436128014252,0.26,-0.20948251219930525,1.0,0.482,Scale Resources,Scale Resources,Scale Resources,0.26
random_1486,267.67364920870585,0.21945623376954637,0.8675262181080758,1.494734140532603,0.4102789884141841,0.7472278470328477,0.26,-0.2008749081350346,1.0,0.482,Scale Resources,Scale Resources,Scale Resources,0.26
random_1487,3.4979709046865093,0.34448922264239656,0.44030114814678856,0.9395970150913946,0.7487314777103389,0.9628074275617138,0.31,-0.20841779833484464,1.0,0.517,Migrate VM,Migrate VM,Migrate VM,0.31000000000000005
random_1488,189.99856522140152,0.3505998495278747,0.6105152265803961,0.5625072283831578,0.14135033381518924,0.9615408704921987,0.245,-0.20424183684848585,1.0,0.4715,Scale Resources,Scale Resources,Scale Resources,0.245
random_1489,404.76497840451106,0.9584995530241278,0.21783287868391665,0.03561842993934117,0.4372615757381064,0.9336089629915812,0.235,-0.20948251219930525,1.0,0.46449999999999997,Scale Resources,Scale Resources,Scale Resources,0.235
random_1490,69.16266943587945,0.11718552283459838,0.06895278424584206,1.5300359978639495,0.7859265338335389,0.695376055663464,0.25,-0.17349430837448865,0.9992,0.47475999999999996,Scale Resources,Scale Resources,Scale Resources,0.2508
random_1491,26.645922561168046,0.7232883358152038,0.4486288084616872,0.31578884387320993,0.2951260104846021,0.5011468399329609,0.31,-0.20744827760561746,1.0,0.517,Migrate VM,Migrate VM,Migrate VM,0.31000000000000005
random_1492,164.82573613484053,0.9697492267415924,0.4747417417071993,0.7443010205042873,0.6731654289680367,0.6505450568559148,0.245,-0.20694057858490844,1.0,0.4715,Scale Resources,Scale Resources,Scale Resources,0.245
random_1493,1.2196402026337094,0.618473698300743,0.2437689747690337,0.7504672831758432,0.7063488907348443,0.5573862210106958,0.31,-0.21368775380427008,1.0,0.517,Migrate VM,Migrate VM,Migrate VM,0.31000000000000005
random_1494,184.32757207754847,0.16741035183712405,0.5054821872477532,0.6387320470144064,0.9129278084080751,0.5343466402890507,0.24,-0.19236409784146524,0.999925,0.46797749999999994,Scale Resources,Scale Resources,Scale Resources,0.24007500000000004
random_1495,432.9819970852062,0.3901810284835113,0.8274371637879605,0.11307380434415726,0.29811902556801495,0.07817593304469939,0.235,-0.21033495478584718,1.0,0.46449999999999997,Scale Resources,Scale Resources,Scale Resources,0.235
random_1496,15.825090357436956,0.9188622453231189,0.7168687443996798,1.2502201289369412,0.532492809411833,0.569554036216842,0.285,-0.20858411517966768,1.0,0.49949999999999994,Scale Resources,Scale Resources,Scale Resources,0.2849999999999999
random_1497,319.34519069322675,0.8265797947401032,0.5968885557955282,1.4971615262217648,0.2809780518297349,0.9767617378164721,0.275,-0.204913214040654,1.0,0.4925,Scale Resources,Scale Resources,Scale Resources,0.275
random_1498,15.948604218514461,0.38657659527731547,0.8820495515037039,0.36104592537238034,0.14133809293365796,0.3654307668999135,0.305,-0.20725246799221553,1.0,0.5135,Migrate VM,Migrate VM,Migrate VM,0.30499999999999994
random_1499,214.09735025841374,0.9333940606617277,0.836119534708821,0.9281792753810283,0.972975100881603,0.6422784041590643,0.265,-0.2064332229502308,1.0,0.4855,Scale Resources,Scale Resources,Scale Resources,0.265
random_1500,436.82936599094563,0.24605698048682545,0.4889640742999828,0.059434426712866584,0.008880193266448844,0.7054532209394645,0.23,-0.19569416552805996,0.9999875,0.46099625,Scale Resources,Scale Resources,Scale Resources,0.23001249999999995
random_1501,59.14681123280035,0.5478082371108176,0.69600748221002,0.06446917245927852,0.448741399145682,0.6841519369858398,0.305,-0.20734295647432532,1.0,0.5135,Migrate VM,Migrate VM,Migrate VM,0.30499999999999994
random_1502,444.865493927425,0.29923010060165645,0.9742165296843303,1.6890829993193948,0.6506350720818543,0.3919255072461312,0.285,-0.20795632024476685,1.0,0.49949999999999994,Scale Resources,Scale Resources,Scale Resources,0.2849999999999999
random_1503,355.5551880997493,0.8161932690703534,0.3032998748865573,1.9856601298140586,0.908619369754639,0.48550144034292264,0.285,-0.20897343730880835,1.0,0.49949999999999994,Scale Resources,Scale Resources,Scale Resources,0.2849999999999999
random_1504,361.4149578876976,0.5240088946187819,0.7609305521970262,1.6539644077559628,0.023222555157042524,0.07913202970064925,0.27,-0.20037165506194998,1.0,0.489,Scale Resources,Scale Resources,Scale Resources,0.27
random_1505,168.2337079383635,0.9176136326323495,0.3982735831433897,1.7750244304038485,0.46243391263175293,0.2888529203115734,0.275,-0.20999193163945207,1.0,0.4925,Scale Resources,Scale Resources,Scale Resources,0.275
random_1506,450.3225915312476,0.5606707689186775,0.3604842950300413,0.0888140072556336,0.11093313244822389,0.1393103276415305,0.235,-0.21305569689303694,1.0,0.46449999999999997,Scale Resources,Scale Resources,Scale Resources,0.235
random_1507,182.41814520530315,0.607332955744344,0.30759011442192985,0.1310552675296004,0.2648087373173338,0.40868165089961017,0.23,-0.2110118051016392,1.0,0.46099999999999997,Scale Resources,Scale Resources,Scale Resources,0.22999999999999998
random_1508,496.13496433616456,0.39298690475093867,0.08919541874744397,1.1622296289478669,0.9196400726262897,0.7866956988617501,0.285,-0.19409247050113543,0.9999625,0.4994887499999999,Scale Resources,Scale Resources,Scale Resources,0.28503750000000005
random_1509,418.1091545936183,0.9282317961023304,0.636543503385538,1.9898454613069974,0.03328156987965081,0.8348396761435622,0.285,-0.20592621046933268,1.0,0.49949999999999994,Scale Resources,Scale Resources,Scale Resources,0.2849999999999999
random_1510,428.5053347611308,0.916700390761965,0.47816945763584906,1.5755118472412,0.1950803991211798,0.6031302251782144,0.28,-0.20795632024476685,1.0,0.496,Scale Resources,Scale Resources,Scale Resources,0.28
random_1511,179.3225761817307,0.5961736506619755,0.6755605071583003,0.6941373334923577,0.21623829930287197,0.32168790885933474,0.245,-0.20948251219930525,1.0,0.4715,Scale Resources,Scale Resources,Scale Resources,0.245
random_1512,331.97862255372127,0.6768742336728105,0.7413169360240989,0.253073217145412,0.8185173902544616,0.6881478015409555,0.23,-0.20744827760561746,1.0,0.46099999999999997,Scale Resources,Scale Resources,Scale Resources,0.22999999999999998
random_1513,15.25253834531959,0.3355978494350508,0.4667112559064771,0.7212349807736296,0.11741688820841312,0.20734628450500703,0.3,-0.20587946048904993,1.0,0.51,Migrate VM,Migrate VM,Migrate VM,0.30000000000000004
random_1514,12.280697455066269,0.09307716135256283,0.26630011772454476,1.6399405312714612,0.5266375099372003,0.424497890691106,0.275,-0.18741941525175632,0.999725,0.4924175,Scale Resources,Scale Resources,Scale Resources,0.27527500000000005
random_1515,331.0814719792745,0.5415105603250052,0.13151392675562623,0.44524672764837914,0.22252236099060763,0.5999525126123422,0.245,-0.20440722962915492,1.0,0.4715,Scale Resources,Scale Resources,Scale Resources,0.245
random_1516,230.81218309467323,0.3875850625608537,0.556639172881788,1.9402315715651144,0.3141934560558768,0.5201954336335173,0.275,-0.20744827760561746,1.0,0.4925,Scale Resources,Scale Resources,Scale Resources,0.275
random_1517,240.18500782205783,0.7166430317458448,0.7302902679829161,1.458141442826081,0.2015195799387448,0.44909313636118775,0.265,-0.20744827760561746,1.0,0.4855,Scale Resources,Scale Resources,Scale Resources,0.265
random_1518,405.58734551456877,0.38153017054064375,0.9842551172899289,0.7295734835843983,0.4976668273419682,0.47452559480254686,0.25,-0.20880703433315417,1.0,0.475,Scale Resources,Scale Resources,Scale Resources,0.25
random_1519,216.83190123462126,0.8456313683196216,0.15527523754801353,1.135329412827966,0.6186015773554236,0.8512213080693708,0.305,-0.20339628725371706,1.0,0.5135,Migrate VM,Migrate VM,Migrate VM,0.30499999999999994
random_1520,304.6000799630542,0.9600203477877807,0.8721677122609289,0.697479896705463,0.8599064452908345,0.9584778140934557,0.245,-0.20592621046933268,1.0,0.4715,Scale Resources,Scale Resources,Scale Resources,0.245
random_1521,128.59859046229317,0.6102088066644085,0.28180391234213553,1.2991345581644351,0.0936428045470219,0.7341880218690575,0.26,-0.20795632024476685,1.0,0.482,Scale Resources,Scale Resources,Scale Resources,0.26
random_1522,209.9099142976714,0.5873071786764368,0.02586240252349814,1.3908829104206566,0.4959913541352434,0.625251007687842,0.305,-0.15651538520193486,0.9991125,0.5132337499999999,Migrate VM,Migrate VM,Migrate VM,0.3058875000000001
random_1523,157.83398618808704,0.1458201734214144,0.435428941996142,1.8879582425727266,0.22779402665380533,0.6758390120352517,0.28,-0.19103505131818355,0.9998875,0.49596625,Scale Resources,Scale Resources,Scale Resources,0.2801125
random_1524,24.921772017270694,0.7180997852669284,0.23843718680149306,0.9030341204586649,0.36775310059477406,0.11284034331735548,0.31,-0.2060749118491535,1.0,0.517,Migrate VM,Migrate VM,Migrate VM,0.31000000000000005
random_1525,172.79097625588784,0.3501249582931856,0.5221056390297516,1.9447030658799747,0.47001752251063034,0.9144261556326339,0.275,-0.20592621046933268,1.0,0.4925,Scale Resources,Scale Resources,Scale Resources,0.275
random_1526,230.7788292812777,0.10754330087493946,0.23015289527594018,0.8150353521152005,0.32536877297018474,0.8658292875324917,0.295,-0.17894779331313437,0.999525,0.5063575,Migrate VM,Migrate VM,Migrate VM,0.29547499999999993
random_1527,339.32280109827565,0.5783084519186734,0.49122955123669054,0.7945412365781337,0.6121924398320113,0.124607165444381,0.26,-0.20846470673492257,1.0,0.482,Scale Resources,Scale Resources,Scale Resources,0.26
random_1528,81.26659410845282,0.30311635339669996,0.1711846164610744,1.3541974380496333,0.024768321406245297,0.1601774916667501,0.275,-0.19525418251082238,0.999975,0.4924925,Scale Resources,Scale Resources,Scale Resources,0.2750250000000001
random_1529,451.30405474940164,0.9975431482220869,0.48759047782809306,0.9907401460435166,0.7733987622374382,0.036189577620575064,0.255,-0.21152225959054594,1.0,0.4785,Scale Resources,Scale Resources,Scale Resources,0.255
random_1530,213.51074095048907,0.09982788181495983,0.40092638265648595,1.9676436822577497,0.7536332808033611,0.985045875685218,0.3,-0.1781308582365465,0.999375,0.5098125,Migrate VM,Migrate VM,Migrate VM,0.3006249999999999
random_1531,373.02431283530086,0.6081100718065884,0.7542208329272434,1.3181833459419694,0.4640660299019084,0.29254633400521,0.275,-0.20846470673492257,1.0,0.4925,Scale Resources,Scale Resources,Scale Resources,0.275
random_1532,260.08902966717744,0.2584934739014305,0.4866763464421453,0.29227081184217196,0.5653950989700408,0.24528369081210477,0.23,-0.20373630652797403,1.0,0.46099999999999997,Scale Resources,Scale Resources,Scale Resources,0.22999999999999998
random_1533,146.80405197078483,0.4990281417823884,0.16252625302158075,1.9247597672718382,0.44694431539287616,0.35227922962675107,0.285,-0.20744827760561746,1.0,0.49949999999999994,Scale Resources,Scale Resources,Scale Resources,0.2849999999999999
random_1534,14.598302546290466,0.8432543631122329,0.6258339153063843,0.8328103096825945,0.24553279933847572,0.7451374186753852,0.31,-0.20858411517966768,1.0,0.517,Migrate VM,Migrate VM,Migrate VM,0.31000000000000005
random_1535,472.7372878708336,0.3808097056520202,0.13487606837923127,0.21838949454547474,0.0063619723338859124,0.7439554407717219,0.235,-0.19419593220927267,0.9999625,0.46448874999999995,Scale Resources,Scale Resources,Scale Resources,0.2350375
random_1536,490.6976929508353,0.9928177527535682,0.7841972543429255,0.32436755659208716,0.9777094559131215,0.3278134430019509,0.24,-0.2120330595628358,1.0,0.46799999999999997,Scale Resources,Scale Resources,Scale Resources,0.24
random_1537,166.80980474627182,0.6873369528924389,0.049049187074451384,1.6515394598151185,0.997297276487744,0.7750697780899174,0.305,-0.1818868981884907,0.999675,0.5134025,Migrate VM,Migrate VM,Migrate VM,0.30532500000000007
random_1538,390.83824560366656,0.390313670566551,0.06592138901565692,1.5853348684688466,0.5971580869048005,0.9093386891220844,0.295,-0.1868092946580081,0.999725,0.5064175,Migrate VM,Migrate VM,Migrate VM,0.29527499999999995
random_1539,57.98145008341626,0.3051230630941083,0.36065615372338644,1.3665594170893829,0.787745163103155,0.9610204085844203,0.275,-0.201777896146055,1.0,0.4925,Scale Resources,Scale Resources,Scale Resources,0.275
random_1540,147.7035791620772,0.4936364085642473,0.02896093008129841,0.5059757562177758,0.37400350811964034,0.5938062065254482,0.32,-0.16604794158122171,0.9991875,0.5237562499999999,Migrate VM,Migrate VM,Migrate VM,0.32081249999999994
random_1541,235.42274679958703,0.36447505977699735,0.6240779665293416,1.6572313542340007,0.24168113298478922,0.3428758792604123,0.27,-0.20744827760561746,1.0,0.489,Scale Resources,Scale Resources,Scale Resources,0.27
random_1542,352.46182484351,0.7779405987585303,0.8253968717346473,0.4186624377940573,0.5392669612444156,0.9000110985252844,0.245,-0.2064332229502308,1.0,0.4715,Scale Resources,Scale Resources,Scale Resources,0.245
random_1543,195.97522754574587,0.4298830902215557,0.9848229439006858,0.22610529206501084,0.705601989461636,0.8501841270408919,0.23,-0.20525392417297494,1.0,0.46099999999999997,Scale Resources,Scale Resources,Scale Resources,0.22999999999999998
random_1544,75.3967583170087,0.7144532360072374,0.46973822201044224,1.7057817693492865,0.9074523168359061,0.8724849031545734,0.285,-0.20632804424022888,1.0,0.49949999999999994,Scale Resources,Scale Resources,Scale Resources,0.2849999999999999
random_1545,32.19256878950638,0.7568552768149742,0.9215275749858294,1.242696881341862,0.6008760604784902,0.045005387398110996,0.285,-0.2060749118491535,1.0,0.49949999999999994,Scale Resources,Scale Resources,Scale Resources,0.2849999999999999
random_1546,428.0165111029692,0.04640356082916153,0.31350960638467396,1.851726130574431,0.9497451427295122,0.9919005404759226,0.36,-0.16306022201311898,0.9991875,0.55175625,Migrate VM,Migrate VM,Migrate VM,0.3608125
random_1547,238.2011428064431,0.17742954638101083,0.48794448682908387,0.20462585016609847,0.8725361089699698,0.5605372332665048,0.22,-0.19585601564864952,0.9999875,0.45399625,Scale Resources,Scale Resources,Scale Resources,0.22001249999999994
random_1548,202.25294958337764,0.0795307024808044,0.40524067681663045,1.7323832167802178,0.7034059324772127,0.08245551751096658,0.31,-0.1781308582365465,0.999375,0.5168125,Migrate VM,Migrate VM,Migrate VM,0.31062499999999993
random_1549,79.95359986308792,0.3923084907075046,0.10137508268591866,1.868082383986542,0.6522920446308759,0.09482300130394505,0.28,-0.19765255361070144,1.0,0.496,Scale Resources,Scale Resources,Scale Resources,0.28
random_1550,394.02873119023036,0.3684059285719429,0.24487064455322083,1.1399698838793821,0.013372133120541307,0.465397660104255,0.265,-0.2001028499460803,1.0,0.4855,Scale Resources,Scale Resources,Scale Resources,0.265
random_1551,421.90249654758475,0.9280575959855684,0.34255470441643976,1.2848731763300887,0.22682343836883356,0.5602130709847091,0.275,-0.21152225959054594,1.0,0.4925,Scale Resources,Scale Resources,Scale Resources,0.275
random_1552,127.01386307659452,0.5713565086274529,0.17172211729323095,1.8824651135214867,0.8869174764072917,0.33691824944883986,0.285,-0.20846470673492257,1.0,0.49949999999999994,Scale Resources,Scale Resources,Scale Resources,0.2849999999999999
random_1553,388.3314444624713,0.09550413073219455,0.7403609087054239,0.5649182592254083,0.1356417686758623,0.6781912179036137,0.29,-0.18041504515376983,0.9996625,0.50289875,Migrate VM,Migrate VM,Migrate VM,0.2903374999999999
random_1554,234.90340890969463,0.5301396017304439,0.5205297841379208,0.11889596421203907,0.05138024909267702,0.6011675039480969,0.23,-0.2064332229502308,1.0,0.46099999999999997,Scale Resources,Scale Resources,Scale Resources,0.22999999999999998
random_1555,311.93232117770833,0.047174556515114596,0.37843933188781775,1.2257025591208548,0.6566806557530763,0.8282757592765515,0.34,-0.16596382649921226,0.9991875,0.5377562499999999,Migrate VM,Migrate VM,Migrate VM,0.34081249999999996
random_1556,210.36614179844042,0.5482577811469688,0.5785603756088172,0.624090566600638,0.0538254024416116,0.0042259262051046464,0.245,-0.2054195409101196,1.0,0.4715,Scale Resources,Scale Resources,Scale Resources,0.245
random_1557,418.06270805926243,0.20023182252238636,0.6302546641591356,1.1540949572878392,0.39963307674051896,0.8334933087006338,0.275,-0.20373630652797403,1.0,0.4925,Scale Resources,Scale Resources,Scale Resources,0.275
random_1558,349.2007978466895,0.022741463439172938,0.7766940733566847,1.0139976360035245,0.34701928908284685,0.7268846565116779,0.41,-0.14536174410902913,0.9989,0.58667,Migrate VM,Migrate VM,Migrate VM,0.4111
random_1559,343.0328148231347,0.31058823786894907,0.9830388714978814,1.2974169734235066,0.6057797124538936,0.06988036348177207,0.275,-0.20440722962915492,1.0,0.4925,Scale Resources,Scale Resources,Scale Resources,0.275
random_1560,139.65939017236872,0.44697400232644147,0.6306257043096763,1.0255272614607556,0.7630329334713912,0.2625677124679019,0.27,-0.20728221204533992,1.0,0.489,Scale Resources,Scale Resources,Scale Resources,0.27
random_1561,351.07849764124217,0.8165970468911625,0.7650499755829533,1.541693169176067,0.8885070572621654,0.0841785424804895,0.28,-0.20744827760561746,1.0,0.496,Scale Resources,Scale Resources,Scale Resources,0.28
random_1562,348.59578568705155,0.968678201116461,0.5736506498745382,0.4346326239687852,0.9987538057742129,0.17467729282147892,0.245,-0.20897343730880835,1.0,0.4715,Scale Resources,Scale Resources,Scale Resources,0.245
random_1563,167.77884868742964,0.1720621884171678,0.46451286875006825,0.8377520192219166,0.4912408965105728,0.9279834000554296,0.245,-0.1898799768083813,0.9998375,0.47145125,Scale Resources,Scale Resources,Scale Resources,0.24516249999999995
random_1564,239.16219291711255,0.5146263262136441,0.8866821059184681,1.6355159880296646,0.23972203122544422,0.012925955228850206,0.27,-0.20897343730880835,1.0,0.489,Scale Resources,Scale Resources,Scale Resources,0.27
random_1565,314.74979610102554,0.84484982383752,0.5528501126104001,0.4223538400256903,0.7413550906753068,0.6695392826112699,0.245,-0.2064332229502308,1.0,0.4715,Scale Resources,Scale Resources,Scale Resources,0.245
random_1566,282.51626870427646,0.8633361740209837,0.7842423529390328,1.3359041828455607,0.6647586690232183,0.6622026342982749,0.27,-0.20592621046933268,1.0,0.489,Scale Resources,Scale Resources,Scale Resources,0.27
random_1567,262.58237245828195,0.463921644643847,0.7096004594987196,1.2209889629404622,0.4899805623005431,0.1266613539110416,0.26,-0.20846470673492257,1.0,0.482,Scale Resources,Scale Resources,Scale Resources,0.26
random_1568,350.96439432658275,0.6459985705779654,0.3422484259735036,0.7126463324301535,0.24672238413525227,0.9619152563650188,0.245,-0.20592621046933268,1.0,0.4715,Scale Resources,Scale Resources,Scale Resources,0.245
random_1569,430.1006814343613,0.5610490294122168,0.40165314655851425,1.4736505273928466,0.5277281761259972,0.975851033915114,0.275,-0.20795632024476685,1.0,0.4925,Scale Resources,Scale Resources,Scale Resources,0.275
random_1570,27.561306961077282,0.034285734053475125,0.5686110179733733,0.4065584453778135,0.6043041635501925,0.7814230285471774,0.375,-0.15103764114828422,0.99895,0.5621849999999999,Migrate VM,Migrate VM,Migrate VM,0.37605
random_1571,69.05488059243642,0.44060822418952794,0.6886670834493552,1.6677271413459425,0.49634409003635727,0.2061535869060216,0.275,-0.20734295647432532,1.0,0.4925,Scale Resources,Scale Resources,Scale Resources,0.275
random_1572,292.8996277928165,0.45451706872499953,0.7719254270044859,1.111152128405896,0.2794228449704308,0.7543929197211882,0.29,-0.2047477093196286,1.0,0.503,Migrate VM,Migrate VM,Migrate VM,0.29000000000000004
random_1573,258.87350648097987,0.1775465522783275,0.5630723231419945,1.8966401196917457,0.7055162609377361,0.2988033614579789,0.27,-0.19601955279995076,0.9999875,0.48899625,Scale Resources,Scale Resources,Scale Resources,0.2700125
random_1574,355.4365876464291,0.2826063110021789,0.5426888375412618,1.0531915275751056,0.24739087891180367,0.347881199879818,0.27,-0.20323111812667694,1.0,0.489,Scale Resources,Scale Resources,Scale Resources,0.27
random_1575,471.0907273930228,0.2505985364154336,0.8010270436309859,1.33474116002428,0.5326291325257645,0.13751486946516345,0.275,-0.20744827760561746,1.0,0.4925,Scale Resources,Scale Resources,Scale Resources,0.275
random_1576,102.28537635318891,0.17897762359040392,0.5867942589737524,1.9467663934369561,0.8772392627749948,0.025251882929577252,0.29,-0.19926198268356898,1.0,0.503,Migrate VM,Migrate VM,Migrate VM,0.29000000000000004
random_1577,136.86331223117327,0.15725745893702214,0.9756778418979017,0.4712204691956301,0.20131318503879392,0.6208752935822592,0.245,-0.1898799768083813,0.9998375,0.47145125,Scale Resources,Scale Resources,Scale Resources,0.24516249999999995
random_1578,278.09329178739324,0.22585148378123487,0.6703648645372422,0.1940144225893783,0.019369066030892168,0.08241479070634683,0.215,-0.1950908146845458,0.999975,0.45049249999999996,Scale Resources,Scale Resources,Scale Resources,0.21502500000000002
random_1579,182.43411298788632,0.9750163278748174,0.5472469988093639,1.5094522060309343,0.32149575223155935,0.7193390654833292,0.26,-0.20592621046933268,1.0,0.482,Scale Resources,Scale Resources,Scale Resources,0.26
random_1580,483.09059906117875,0.35776089028205327,0.999059434735025,1.2768199020633322,0.7485914124647238,0.25216723884814995,0.27,-0.20999193163945207,1.0,0.489,Scale Resources,Scale Resources,Scale Resources,0.27
random_1581,321.54538458862083,0.5110062514623874,0.956402645477436,1.809350095579031,0.3966725989250772,0.9468697515382334,0.285,-0.2064332229502308,1.0,0.49949999999999994,Scale Resources,Scale Resources,Scale Resources,0.2849999999999999
random_1582,442.40627637500484,0.5903838503691392,0.08211790878954028,0.32158048131907546,0.07687424467380022,0.10799311464906103,0.25,-0.19976448471346409,1.0,0.475,Scale Resources,Scale Resources,Scale Resources,0.25
random_1583,488.47618719653883,0.2121672992161523,0.690854582340663,1.2730565153655393,0.6311448648530038,0.2067039995960298,0.27,-0.20744827760561746,1.0,0.489,Scale Resources,Scale Resources,Scale Resources,0.27
random_1584,289.6732971923048,0.6255383495849516,0.5704053166451111,0.3723249345513573,0.7230605970747089,0.07324316191651103,0.235,-0.20897343730880835,1.0,0.46449999999999997,Scale Resources,Scale Resources,Scale Resources,0.235
random_1585,295.60000590981093,0.4362593324013133,0.25028659313307366,1.6147779780522775,0.1758925666721839,0.932981759897951,0.28,-0.204913214040654,1.0,0.496,Scale Resources,Scale Resources,Scale Resources,0.28
random_1586,442.2825141605935,0.36058754716208297,0.3051529308585933,0.27497336683780427,0.9163278159339558,0.627531858823272,0.24,-0.20677462534431512,1.0,0.46799999999999997,Scale Resources,Scale Resources,Scale Resources,0.24
random_1587,15.891791071701578,0.5109994145616105,0.0857989478293869,1.1475013699056835,0.5089617183208125,0.08284604550272201,0.3,-0.19787422223108475,1.0,0.51,Migrate VM,Migrate VM,Migrate VM,0.30000000000000004
random_1588,407.93029655838643,0.26231717716627767,0.541484364166699,1.2780777532610688,0.9623045335751665,0.49381169287984594,0.27,-0.20744827760561746,1.0,0.489,Scale Resources,Scale Resources,Scale Resources,0.27
random_1589,458.6578861439617,0.35485734134769886,0.8574372016499949,0.4716524539028335,0.7074797624354178,0.08861199375499651,0.25,-0.20931599659957933,1.0,0.475,Scale Resources,Scale Resources,Scale Resources,0.25
random_1590,493.02517834182964,0.953936399862368,0.4422136385173777,1.047870435980507,0.5977748623180221,0.27503755968967003,0.27,-0.21152225959054594,1.0,0.489,Scale Resources,Scale Resources,Scale Resources,0.27
random_1591,337.2357176025813,0.698561946604516,0.5250764923252756,0.2954813849704354,0.9191859438916,0.11504508234561528,0.235,-0.20897343730880835,1.0,0.46449999999999997,Scale Resources,Scale Resources,Scale Resources,0.235
random_1592,314.5860843552557,0.10308859660975511,0.1461007091329226,0.04107662805765799,0.36336408385675956,0.6395825644220379,0.295,-0.17602220904049026,0.99925,0.5062749999999999,Migrate VM,Migrate VM,Migrate VM,0.29574999999999996
random_1593,260.772109866436,0.6745391512484857,0.6750188608709529,0.2803474879884773,0.05733740342171556,0.6253581404346699,0.235,-0.20390158744399833,1.0,0.46449999999999997,Scale Resources,Scale Resources,Scale Resources,0.235
random_1594,326.6121524876213,0.5567037351417045,0.24576246632407073,1.6215304339645078,0.07568601549625709,0.6323117893213593,0.28,-0.20390158744399833,1.0,0.496,Scale Resources,Scale Resources,Scale Resources,0.28
random_1595,60.20576793968607,0.6544477164332296,0.41772578782349645,1.4362061108753428,0.05219220247693468,0.555082988480368,0.27,-0.20379676394520907,1.0,0.489,Scale Resources,Scale Resources,Scale Resources,0.27
random_1596,72.4389494400398,0.6823816316104737,0.11995563131168241,0.14716664590385165,0.7131227981836126,0.06353193456828232,0.305,-0.20419745545692436,1.0,0.5135,Migrate VM,Migrate VM,Migrate VM,0.30499999999999994
random_1597,112.26540896575804,0.8247351971256721,0.8096883078082263,1.708251515561552,0.3260998895887137,0.5280480287502093,0.3,-0.20835924298948905,1.0,0.51,Migrate VM,Migrate VM,Migrate VM,0.30000000000000004
random_1598,386.673676303076,0.13698551501108047,0.7243908792157182,0.19497269878930923,0.9132506086268677,0.6373101825116259,0.26,-0.19286193127769802,0.999925,0.48197749999999995,Scale Resources,Scale Resources,Scale Resources,0.26007500000000006
random_1599,246.65265634487793,0.4847292546671642,0.1813620478449104,0.6918347449093074,0.7271236653171491,0.5409436208543885,0.25,-0.2047477093196286,1.0,0.475,Scale Resources,Scale Resources,Scale Resources,0.25
random_1600,264.65310205013145,0.1952458945455794,0.690362311953684,0.7840678021227006,0.18275333843853414,0.9437847515963292,0.245,-0.20071029681979813,1.0,0.4715,Scale Resources,Scale Resources,Scale Resources,0.245
random_1601,253.39937343280255,0.5280366475123655,0.9813719102148061,0.7328122743409868,0.9430206845624496,0.69492536113548,0.245,-0.20592621046933268,1.0,0.4715,Scale Resources,Scale Resources,Scale Resources,0.245
random_1602,316.54781637239995,0.2344183019424806,0.05175567238779011,0.8755676765702776,0.010170961995725092,0.07100251077038344,0.275,-0.1647334917801131,0.9991875,0.49225625,Scale Resources,Scale Resources,Scale Resources,0.2758125
random_1603,297.6633778471865,0.7244718330730274,0.16794833192427694,1.4650008253475477,0.9497258265947518,0.7431760807261967,0.275,-0.20188243633979863,1.0,0.4925,Scale Resources,Scale Resources,Scale Resources,0.275
random_1604,392.3576097875164,0.7007125802683718,0.2247374404547512,0.7217798843116721,0.9492669627698173,0.6612105789701187,0.245,-0.20897343730880835,1.0,0.4715,Scale Resources,Scale Resources,Scale Resources,0.245
random_1605,394.51236696703614,0.9686946188446773,0.23143692051266573,0.643373334653107,0.6448016528344996,0.024357473784007322,0.245,-0.21152225959054594,1.0,0.4715,Scale Resources,Scale Resources,Scale Resources,0.245
random_1606,285.60953866685287,0.8086883795144988,0.6104433738241252,0.5907865677922217,0.7241040833360617,0.14603162467994557,0.245,-0.20846470673492257,1.0,0.4715,Scale Resources,Scale Resources,Scale Resources,0.245
random_1607,447.38673463925835,0.1009150310404554,0.8634911337624348,0.995618855472465,0.4286470034878018,0.5006617605754313,0.31,-0.18335849846851382,0.9997125,0.51691375,Migrate VM,Migrate VM,Migrate VM,0.31028750000000005
random_1608,100.1031515464606,0.4576855795588136,0.8497198158986585,1.601910484437598,0.16304853449132928,0.6734209781290618,0.28,-0.20430233518422292,1.0,0.496,Scale Resources,Scale Resources,Scale Resources,0.28
random_1609,428.41863248271267,0.8197675886188093,0.4256324432971814,0.09618568069223166,0.9311694229737492,0.39588511584806196,0.235,-0.21305569689303694,1.0,0.46449999999999997,Scale Resources,Scale Resources,Scale Resources,0.235
random_1610,180.4883186281719,0.759514944478813,0.26397221549202254,1.669495846334584,0.07605156081931563,0.7407112007162109,0.27,-0.204913214040654,1.0,0.489,Scale Resources,Scale Resources,Scale Resources,0.27
random_1611,482.8947452207658,0.9957687968741735,0.9238043600641663,1.741524810812619,0.2788802244577302,0.9666483626297641,0.285,-0.20948251219930525,1.0,0.49949999999999994,Scale Resources,Scale Resources,Scale Resources,0.2849999999999999
random_1612,463.9482969071764,0.5343725070251866,0.4020776543936796,0.21853450711637645,0.5906340778251248,0.7005459485221976,0.235,-0.21050169586244527,1.0,0.46449999999999997,Scale Resources,Scale Resources,Scale Resources,0.235
random_1613,201.9982915907645,0.40602956063053186,0.5733113907143038,0.0555681918143236,0.957865896386749,0.2899057070967094,0.23,-0.20779014228878534,1.0,0.46099999999999997,Scale Resources,Scale Resources,Scale Resources,0.22999999999999998
random_1614,70.44543088444006,0.005488396134590401,0.8568915413857133,1.7264147515993382,0.09530660451771011,0.152241302888801,0.325,-0.12344451754424579,0.99415,0.5257449999999999,Migrate VM,Migrate VM,Migrate VM,0.3308500000000001
random_1615,223.95111562888397,0.1857041730663156,0.7358211368367569,0.11607949141144469,0.5497093323858661,0.3827915651139041,0.22,-0.19585601564864952,0.9999875,0.45399625,Scale Resources,Scale Resources,Scale Resources,0.22001249999999994
random_1616,232.47324184612577,0.42475711769560176,0.15315918253465366,0.44056297061712457,0.06480769891042659,0.11528557529907124,0.25,-0.20071029681979813,1.0,0.475,Scale Resources,Scale Resources,Scale Resources,0.25
random_1617,488.94741120945747,0.27978681167725195,0.3070255393395642,0.2542126608642421,0.7551642044967515,0.924142810187282,0.235,-0.20525392417297494,1.0,0.46449999999999997,Scale Resources,Scale Resources,Scale Resources,0.235
random_1618,394.8752685333255,0.6126158294341718,0.8132329156105762,0.8084604658657168,0.8594973550806875,0.798518849638182,0.26,-0.20897343730880835,1.0,0.482,Scale Resources,Scale Resources,Scale Resources,0.26
random_1619,0.8623221281595095,0.487794134917517,0.2646165760792262,0.17246583273539096,0.8461960427477748,0.007949684301122306,0.305,-0.21610183003434635,1.0,0.5135,Migrate VM,Migrate VM,Migrate VM,0.30499999999999994
random_1620,365.0817510276801,0.9881921209971861,0.4820197667062357,0.7424810598828693,0.6058329544747134,0.8046978276476722,0.245,-0.20592621046933268,1.0,0.4715,Scale Resources,Scale Resources,Scale Resources,0.245
random_1621,120.12599688763942,0.2507014291535362,0.6071780140868468,1.8797596417086107,0.29843997575876346,0.3767546632290131,0.28,-0.20430233518422292,1.0,0.496,Scale Resources,Scale Resources,Scale Resources,0.28
random_1622,496.66665073014474,0.1762221652065158,0.07696816837530407,1.1795104777612122,0.024266988421632996,0.1804332312748227,0.265,-0.17423712531692592,0.9992125,0.48526375,Scale Resources,Scale Resources,Scale Resources,0.26578750000000007
random_1623,311.10459034523404,0.659512400691333,0.5104252496476197,0.7674960924587666,0.5761975844218483,0.6433857530332387,0.26,-0.20592621046933268,1.0,0.482,Scale Resources,Scale Resources,Scale Resources,0.26
random_1624,401.74102314582535,0.7927508282098474,0.6648007655149478,1.7884651664569313,0.8380252535954188,0.1332460082179402,0.285,-0.2120330595628358,1.0,0.49949999999999994,Scale Resources,Scale Resources,Scale Resources,0.2849999999999999
random_1625,478.3397206617417,0.8917423023179204,0.3209271795079598,0.04036883721407891,0.6039759467582875,0.43841757686638805,0.235,-0.21305569689303694,1.0,0.46449999999999997,Scale Resources,Scale Resources,Scale Resources,0.235
random_1626,374.78333129306594,0.5245997645086226,0.07649043525094679,0.4893748405095517,0.8825237561265296,0.0376896957150501,0.255,-0.1927603010378136,0.999925,0.47847749999999994,Scale Resources,Scale Resources,Scale Resources,0.25507500000000005
random_1627,368.3348346991435,0.2919435079514323,0.45263980304249707,1.062010863823217,0.25008135730720105,0.6519604429976628,0.27,-0.20071029681979813,1.0,0.489,Scale Resources,Scale Resources,Scale Resources,0.27
random_1628,346.7211090489381,0.0850594796707751,0.3739270758514206,1.488754602412583,0.7216375598411319,0.5446033439052391,0.315,-0.1781308582365465,0.999375,0.5203125,Migrate VM,Migrate VM,Migrate VM,0.31562500000000004
random_1629,388.8373899340071,0.10764489303984326,0.11821126784453007,1.3149786005926896,0.6933338678951289,0.8145268553210703,0.3,-0.17559394009284401,0.99925,0.509775,Migrate VM,Migrate VM,Migrate VM,0.3007500000000001
random_1630,90.51843888662853,0.5167716594311051,0.6608312971355824,0.4473991476580301,0.5169278655939907,0.638445024390596,0.32,-0.20582110289773825,1.0,0.524,Migrate VM,Migrate VM,Migrate VM,0.32000000000000006
random_1631,107.22475573884016,0.3755634102501414,0.216338810135708,1.8058858088571974,0.23679888192999177,0.12083462598579697,0.31,-0.20582110289773825,1.0,0.517,Migrate VM,Migrate VM,Migrate VM,0.31000000000000005
random_1632,17.57765576357184,0.04495347241135017,0.19158623496681693,1.2164170226139046,0.017649874511122654,0.28674392475714716,0.325,-0.15104601644554272,0.99895,0.527185,Migrate VM,Migrate VM,Migrate VM,0.32604999999999995
random_1633,29.083445661649666,0.40365877029916764,0.04857673782985761,1.215083553241656,0.6884242655190153,0.7313375496437635,0.275,-0.17519382786854254,0.99925,0.49227499999999996,Scale Resources,Scale Resources,Scale Resources,0.27575000000000005
random_1634,112.17169932312754,0.8685001619617433,0.6902881673309265,0.11330043859964078,0.4407667087014271,0.7677564933724812,0.285,-0.20683532868835153,1.0,0.49949999999999994,Scale Resources,Scale Resources,Scale Resources,0.2849999999999999
random_1635,155.44696336011486,0.3815587739072648,0.6296038272965429,0.1109617602317956,0.9669350405079173,0.17448101060972787,0.235,-0.20880703433315417,1.0,0.46449999999999997,Scale Resources,Scale Resources,Scale Resources,0.235
random_1636,13.335999823130162,0.005322982040420254,0.3995543749993957,1.7685067309507554,0.819762079217929,0.912045798249695,0.32,-0.12074348868955098,0.9940375,0.52221125,Migrate VM,Migrate VM,Migrate VM,0.32596249999999993
random_1637,266.8911596644495,0.4487462338751643,0.3858609761067945,0.09283615158261171,0.9095212563051536,0.4961760922847275,0.23,-0.20728221204533992,1.0,0.46099999999999997,Scale Resources,Scale Resources,Scale Resources,0.22999999999999998
random_1638,227.53371552575507,0.5151674870141173,0.7941545181142005,0.44894217196512787,0.7099006789949233,0.7107697408540329,0.245,-0.2064332229502308,1.0,0.4715,Scale Resources,Scale Resources,Scale Resources,0.245
random_1639,424.77639112909145,0.008683598463870013,0.17039554323513206,0.942093704089511,0.8505403874614784,0.965116861627984,0.49,-0.12373007160967531,0.9941625,0.6412487499999999,Migrate VM,Migrate VM,Migrate VM,0.49583750000000004
random_1640,297.43430733970064,0.21213397542302015,0.18458469582464565,1.2788879079725348,0.2100691470594046,0.5530874239208862,0.265,-0.20188243633979863,1.0,0.4855,Scale Resources,Scale Resources,Scale Resources,0.265
random_1641,417.4059645719511,0.38981964846209005,0.3784721897419292,0.07228067378214753,0.2540845784245549,0.6981914596192744,0.235,-0.20779014228878534,1.0,0.46449999999999997,Scale Resources,Scale Resources,Scale Resources,0.235
random_1642,180.19562256609822,0.15829891728992196,0.10576773376032711,0.19010675630141782,0.6591334331178952,0.6126214787935487,0.245,-0.18237601939775627,0.999675,0.47140249999999995,Scale Resources,Scale Resources,Scale Resources,0.24532500000000002
random_1643,259.26050280104243,0.5003264481591394,0.15313685268787158,1.0012084495201745,0.05993777660037991,0.9258584586026879,0.265,-0.20037165506194998,1.0,0.4855,Scale Resources,Scale Resources,Scale Resources,0.265
random_1644,29.01377700130342,0.4235301948939185,0.000571056403172232,1.572300877566489,0.16617018853563004,0.9249160178216781,0.27,-0.11916370973781076,0.994025,0.4872075,Scale Resources,Scale Resources,Scale Resources,0.27597499999999997
random_1645,21.98887393028226,0.8207873345644269,0.6566378128155882,0.49947143777178105,0.20241960923059488,0.35767793337702236,0.3,-0.20744827760561746,1.0,0.51,Migrate VM,Migrate VM,Migrate VM,0.30000000000000004
random_1646,414.2014415876775,0.8619565483354555,0.17528537952432577,0.7068960793686614,0.23749138390225388,0.1226428476378979,0.255,-0.20897343730880835,1.0,0.4785,Scale Resources,Scale Resources,Scale Resources,0.255
random_1647,323.224693764464,0.3458710232355353,0.2253840447763341,1.7319955470039525,0.7483179309035665,0.7737611486963425,0.285,-0.204913214040654,1.0,0.49949999999999994,Scale Resources,Scale Resources,Scale Resources,0.2849999999999999
random_1648,19.597945591640077,0.9151304492310662,0.5747383779742352,1.0076056093690375,0.010585346027781162,0.8976622104341047,0.335,-0.19529713470688548,0.999975,0.5344925,Migrate VM,Migrate VM,Migrate VM,0.33502500000000013
random_1649,271.9452352430003,0.8251534623405353,0.6555109607382937,1.5933872270217608,0.6929317485578024,0.9209639023358267,0.27,-0.204913214040654,1.0,0.489,Scale Resources,Scale Resources,Scale Resources,0.27
random_1650,112.74209316977485,0.20210010473290718,0.712541561945122,1.002789601166938,0.59916117033487,0.708542469191227,0.315,-0.2001028499460803,1.0,0.5205,Migrate VM,Migrate VM,Migrate VM,0.31499999999999995
random_1651,273.7140985000013,0.7876934476661962,0.31886735593585247,1.7179808871993842,0.10767635292560074,0.6340039769611868,0.275,-0.2064332229502308,1.0,0.4925,Scale Resources,Scale Resources,Scale Resources,0.275
random_1652,445.06625376339883,0.25269412790170465,0.32683467492391294,0.6108835569854778,0.5642637117750338,0.4128718155651485,0.245,-0.20626738195335337,1.0,0.4715,Scale Resources,Scale Resources,Scale Resources,0.245
random_1653,53.97964249745119,0.89128722175646,0.20467662915867413,1.0681600219770593,0.5948048959372615,0.0407518436475417,0.32,-0.20734295647432532,1.0,0.524,Migrate VM,Migrate VM,Migrate VM,0.32000000000000006
random_1654,47.856163827168615,0.9716897104295517,0.6645123401493824,0.06713035409285384,0.7941992206529987,0.5085428092774855,0.305,-0.20988625361063973,1.0,0.5135,Migrate VM,Migrate VM,Migrate VM,0.30499999999999994
random_1655,37.599786039237806,0.6807520980477912,0.4993518058684685,0.40983960222184646,0.8777022720888196,0.29137985830025415,0.305,-0.20744827760561746,1.0,0.5135,Migrate VM,Migrate VM,Migrate VM,0.30499999999999994
random_1656,142.27831772665388,0.27277358179227873,0.7674557770890512,1.4122373407610642,0.9031456854703575,0.22933921958427972,0.26,-0.204913214040654,1.0,0.482,Scale Resources,Scale Resources,Scale Resources,0.26
random_1657,393.1822977714042,0.573045576528096,0.30867960965266783,0.07090826481550128,0.8189475498511101,0.24107137151335634,0.23,-0.21305569689303694,1.0,0.46099999999999997,Scale Resources,Scale Resources,Scale Resources,0.22999999999999998
random_1658,315.87151810745974,0.5488679360598125,0.004449538646783879,1.9886872598795249,0.8143293558001288,0.48647127063668205,0.285,-0.12384774687938482,0.9941625,0.49774874999999996,Scale Resources,Scale Resources,Scale Resources,0.2908375000000001
random_1659,340.1706851211915,0.4765942365907726,0.7445862712787308,0.26865709163778817,0.4463509952340303,0.33553717707286,0.23,-0.20779014228878534,1.0,0.46099999999999997,Scale Resources,Scale Resources,Scale Resources,0.22999999999999998
random_1660,229.82762174701742,0.4504726528603642,0.14309394977919432,1.9529771414180581,0.01549214278812805,0.010072944817398843,0.275,-0.1942556174120429,0.9999625,0.49248875,Scale Resources,Scale Resources,Scale Resources,0.27503750000000005
random_1661,186.7206592668289,0.6203763493468175,0.17965322681492824,1.066388007808322,0.7227719679634789,0.09406060904015112,0.285,-0.20694057858490844,1.0,0.49949999999999994,Scale Resources,Scale Resources,Scale Resources,0.2849999999999999
random_1662,492.21120400796667,0.3367006477392943,0.642415413787249,0.2214397163731514,0.7094863887213264,0.840456347062486,0.235,-0.20779014228878534,1.0,0.46449999999999997,Scale Resources,Scale Resources,Scale Resources,0.235
random_1663,52.64257116531118,0.12586315437006623,0.2810474143872277,0.023871630750658568,0.9860512943372298,0.5983840749526497,0.31,-0.194591473726344,0.999975,0.5169925,Migrate VM,Migrate VM,Migrate VM,0.310025
random_1664,303.79472498177273,0.958962169651636,0.8320292543194271,1.6284858619366989,0.33950236990162563,0.33486339346464544,0.28,-0.20897343730880835,1.0,0.496,Scale Resources,Scale Resources,Scale Resources,0.28
random_1665,145.8689799063234,0.3466957617763199,0.36950876135985056,0.2800073779611867,0.35594786270209355,0.4467470352447276,0.235,-0.20779014228878534,1.0,0.46449999999999997,Scale Resources,Scale Resources,Scale Resources,0.235
random_1666,154.67366937332926,0.1653469681575478,0.37341039817849764,0.9618155464328717,0.7207283866671284,0.7112377614746703,0.255,-0.1903761289536129,0.9998625,0.47845875,Scale Resources,Scale Resources,Scale Resources,0.2551375
random_1667,101.3475155416621,0.036655395168237126,0.30379952180706926,0.3142726097179016,0.39578847921569404,0.9793461191526043,0.375,-0.15470752711453017,0.9990375,0.5622112499999999,Migrate VM,Migrate VM,Migrate VM,0.3759625
random_1668,90.53568545261048,0.31887394342296893,0.7251143163195723,1.0183655657238433,0.043928143573384926,0.16169001816132167,0.335,-0.19909772820037275,1.0,0.5345,Migrate VM,Migrate VM,Migrate VM,0.33499999999999996
random_1669,467.62477738659794,0.10316499273902846,0.6350927872097057,1.584651297681823,0.2654390627249239,0.7250780031386901,0.305,-0.1820457238682519,0.999675,0.5134025,Migrate VM,Migrate VM,Migrate VM,0.30532500000000007
random_1670,84.94758951509013,0.28475027483379034,0.31182203088420746,1.9928699811284472,0.2145722952179573,0.129207464633585,0.29,-0.204808248601562,1.0,0.503,Migrate VM,Migrate VM,Migrate VM,0.29000000000000004
random_1671,462.8457187407052,0.16193069382035274,0.8792799196294053,1.30091325529338,0.5768614980705188,0.7513387115465768,0.28,-0.19302480589270654,0.999925,0.49597749999999996,Scale Resources,Scale Resources,Scale Resources,0.2800750000000001
random_1672,362.99947857402503,0.11052618941831371,0.9994661104066891,1.8837794528974572,0.8965919628619162,0.6222891339424068,0.305,-0.1825365736716117,0.9996875,0.51340625,Migrate VM,Migrate VM,Migrate VM,0.3053125000000001
random_1673,261.3956656661571,0.5362785838816683,0.01493694422823244,0.9989390038908859,0.6237695676599199,0.6587062087749485,0.27,-0.13196905524600067,0.99475,0.487425,Scale Resources,Scale Resources,Scale Resources,0.27525
random_1674,166.0697325256565,0.4712823502935495,0.6363106066625744,0.8566110205503634,0.9621351989835252,0.7054421098520003,0.26,-0.2057604816402544,1.0,0.482,Scale Resources,Scale Resources,Scale Resources,0.26
random_1675,0.6368731254452475,0.023279481482253006,0.6903002034683744,0.8252901950910054,0.8394709492122663,0.17301540948626204,0.4,-0.15510827555048223,0.9990625,0.57971875,Migrate VM,Migrate VM,Migrate VM,0.40093750000000006
random_1676,6.913457026145931,0.3880823501137123,0.736064104307449,1.9434554667551371,0.8836538793510554,0.48407461193713885,0.295,-0.21266426177036724,1.0,0.5065,Migrate VM,Migrate VM,Migrate VM,0.29499999999999993
random_1677,406.4086415981833,0.07033045786761405,0.5722723475848833,1.8485968260289403,0.39638514749073994,0.9601006296631156,0.335,-0.1732669806914673,0.9992,0.53426,Migrate VM,Migrate VM,Migrate VM,0.3358000000000001
random_1678,110.34254836455266,0.10563380953339352,0.5247623360817011,1.8144937439624487,0.3112792187447442,0.8001603193989524,0.29,-0.1842418540104429,0.999725,0.5029175,Migrate VM,Migrate VM,Migrate VM,0.29027500000000006
random_1679,84.59863294014048,0.7455703960009396,0.557026941387431,0.35003395078874444,0.7180872494376086,0.7137561134564273,0.32,-0.20632804424022888,1.0,0.524,Migrate VM,Migrate VM,Migrate VM,0.32000000000000006
random_1680,257.71761457172016,0.22546763764267463,0.13229389224499655,1.9145100969195785,0.6558125382591552,0.809241483573384,0.27,-0.19786049077922574,1.0,0.489,Scale Resources,Scale Resources,Scale Resources,0.27
random_1681,348.4852645251208,0.8294736651922889,0.16249081974892343,0.9939004490940888,0.6671247705022934,0.10338989989521796,0.255,-0.2054195409101196,1.0,0.4785,Scale Resources,Scale Resources,Scale Resources,0.255
random_1682,74.97847466420416,0.6339825942509465,0.86870580425382,1.3208323578831953,0.036204813456075624,0.970432917090323,0.28,-0.20228210098455224,1.0,0.496,Scale Resources,Scale Resources,Scale Resources,0.28
random_1683,69.75345045312254,0.23256223355248973,0.9749672819047243,1.5420659933067498,0.9365766803785066,0.8066196928080297,0.265,-0.2007705093065525,1.0,0.4855,Scale Resources,Scale Resources,Scale Resources,0.265
random_1684,325.8672375016,0.284552998863006,0.3268814416995254,1.8945421460887395,0.8606256161556446,0.35949044844232647,0.285,-0.204913214040654,1.0,0.49949999999999994,Scale Resources,Scale Resources,Scale Resources,0.2849999999999999
random_1685,186.63370881035192,0.29769439027588473,0.32613014262500395,1.7213349325775713,0.010506856589846847,0.4360526211095247,0.275,-0.19825799800692778,1.0,0.4925,Scale Resources,Scale Resources,Scale Resources,0.275
random_1686,471.4198392639539,0.5426363551828088,0.4504457901439035,0.6247396093991762,0.07391262986190383,0.22448647802751287,0.25,-0.20897343730880835,1.0,0.475,Scale Resources,Scale Resources,Scale Resources,0.25
random_1687,45.22920496843563,0.12669942971542825,0.1635165441262698,0.6040588641685569,0.011016679995535461,0.9501438855932477,0.3,-0.17771218218744633,0.99935,0.509805,Migrate VM,Migrate VM,Migrate VM,0.3006500000000001
random_1688,61.909546338487274,0.38314887235958706,0.8795275597147806,0.2131359403815245,0.4836042517541208,0.8447835975413958,0.305,-0.2046427671023363,1.0,0.5135,Migrate VM,Migrate VM,Migrate VM,0.30499999999999994
random_1689,278.48131201707,0.21034359542276004,0.7355095314125814,1.3626821257350157,0.3621859065469243,0.046295161581375144,0.265,-0.20440722962915492,1.0,0.4855,Scale Resources,Scale Resources,Scale Resources,0.265
random_1690,3.932344948046951,0.8253928831271716,0.32155736155906856,0.2755397972118092,0.5185512261629821,0.9208332957250901,0.31,-0.21251425264618706,1.0,0.517,Migrate VM,Migrate VM,Migrate VM,0.31000000000000005
random_1691,4.2404322611988565,0.05614354067641447,0.41704493258507236,1.3519318135101268,0.4761004587670502,0.8975484384654047,0.33,-0.1765551316569195,0.9992625,0.53077875,Migrate VM,Migrate VM,Migrate VM,0.3307374999999999
random_1692,22.042277768739073,0.34014086964374357,0.35134788938872075,0.6802544519726834,0.48768591212339063,0.7905770451946105,0.3,-0.2008579628265187,1.0,0.51,Migrate VM,Migrate VM,Migrate VM,0.30000000000000004
random_1693,158.94130820140867,0.7444832066322026,0.1464654712790714,1.1214497112679005,0.3750880256655451,0.5392108022955706,0.305,-0.20694057858490844,1.0,0.5135,Migrate VM,Migrate VM,Migrate VM,0.30499999999999994
random_1694,53.87487518612472,0.9534628467609085,0.9062141168017779,1.6527926085812579,0.8927828233880518,0.1466878701814861,0.275,-0.2088679021839035,1.0,0.4925,Scale Resources,Scale Resources,Scale Resources,0.275
random_1695,251.86088650983297,0.31790915875652337,0.8873859413041586,0.37887536499893293,0.21994535514197233,0.6867144563550108,0.23,-0.20121377909078908,1.0,0.46099999999999997,Scale Resources,Scale Resources,Scale Resources,0.22999999999999998
random_1696,44.449829543834085,0.7323671769166398,0.26812728831412236,1.3218707305342947,0.8730377863606604,0.6096113732349906,0.275,-0.20582110289773825,1.0,0.4925,Scale Resources,Scale Resources,Scale Resources,0.275
random_1697,106.3418666430545,0.049165525539216604,0.04461397169506587,0.17762376402801583,0.5798179124697159,0.3482178540406512,0.33,-0.12065485322555503,0.9940375,0.5292112499999999,Migrate VM,Migrate VM,Migrate VM,0.33596249999999994
random_1698,121.55348869794908,0.21930655779719122,0.948581531903099,0.2376331517841488,0.3048144107726547,0.47147726201919316,0.23,-0.20413696560964745,1.0,0.46099999999999997,Scale Resources,Scale Resources,Scale Resources,0.22999999999999998
random_1699,0.2247630371277065,0.9209531874757245,0.09909859076010386,1.364941201372345,0.6288654771624883,0.8090638551047372,0.27,-0.2018962423172671,1.0,0.489,Scale Resources,Scale Resources,Scale Resources,0.27
random_1700,325.6938652810762,0.7693874172159795,0.42124860878852755,0.9774089891032465,0.7016621021644194,0.5684267210550511,0.255,-0.20846470673492257,1.0,0.4785,Scale Resources,Scale Resources,Scale Resources,0.255
random_1701,255.76927513335994,0.20555840605454934,0.2581082608063754,0.716994482118787,0.009284385423503183,0.41736344958023697,0.24,-0.19068253847880123,0.9998875,0.46796625,Scale Resources,Scale Resources,Scale Resources,0.24011249999999995
random_1702,1.3842378819564072,0.5650154359213367,0.7040287689723489,1.1242972632302528,0.6935199732048759,1.3168556207476811e-05,0.33,-0.21368775380427008,1.0,0.5309999999999999,Migrate VM,Migrate VM,Migrate VM,0.33000000000000007
random_1703,29.720986642154777,0.6984624408755553,0.8029001479567706,1.435403141778789,0.6630122425535516,0.70738266381156,0.27,-0.20253471071239082,1.0,0.489,Scale Resources,Scale Resources,Scale Resources,0.27
random_1704,369.7949628980829,0.7243774983675693,0.7380084776883398,0.14803941483036165,0.06327155149462471,0.36111994322943897,0.23,-0.20744827760561746,1.0,0.46099999999999997,Scale Resources,Scale Resources,Scale Resources,0.22999999999999998
random_1705,263.7983572743978,0.7626190539217277,0.3347078187910125,0.5502341532672697,0.7814483081185295,0.24933685145399498,0.245,-0.20846470673492257,1.0,0.4715,Scale Resources,Scale Resources,Scale Resources,0.245
random_1706,410.4206884072317,0.17713354972003859,0.3594735228724768,0.8021512188527806,0.29951044730764287,0.003356913887012647,0.25,-0.19735762195866913,0.9999875,0.47499625,Scale Resources,Scale Resources,Scale Resources,0.25001249999999997
random_1707,117.75462891062394,0.3376535588788737,0.31362489452666276,1.5711109929544143,0.04736776253647301,0.3889486996552407,0.29,-0.201777896146055,1.0,0.503,Migrate VM,Migrate VM,Migrate VM,0.29000000000000004
random_1708,18.757727789720626,0.9306475661290093,0.7902094370310964,1.964323198476027,0.9101605316960185,0.3158127721160844,0.285,-0.20658202497341338,1.0,0.49949999999999994,Scale Resources,Scale Resources,Scale Resources,0.2849999999999999
random_1709,345.7917061652901,0.3065540874784084,0.888211187929624,0.8215057399346828,0.3758875419042321,0.9140687442333334,0.255,-0.20071029681979813,1.0,0.4785,Scale Resources,Scale Resources,Scale Resources,0.255
random_1710,418.37014380992713,0.9664135533643016,0.06648808557444685,0.4866777560777198,0.30085774786704567,0.4243520609547621,0.27,-0.1917651083089722,0.9999,0.48897,Scale Resources,Scale Resources,Scale Resources,0.2701
random_1711,236.565022974268,0.291472428066738,0.7904504231450284,0.44648828897011295,0.696517313299113,0.8517683155920974,0.24,-0.20121377909078908,1.0,0.46799999999999997,Scale Resources,Scale Resources,Scale Resources,0.24
random_1712,301.8491195797932,0.35415892589282083,0.18789124219665132,0.268692388807392,0.7441747391490616,0.469131997583516,0.23,-0.20373630652797403,1.0,0.46099999999999997,Scale Resources,Scale Resources,Scale Resources,0.22999999999999998
random_1713,23.159775583683818,0.9838395069426202,0.67130318298899,1.6883651028539544,0.43818867131701145,0.9554386208080249,0.28,-0.20404988693062087,1.0,0.496,Scale Resources,Scale Resources,Scale Resources,0.28
random_1714,99.76251046206363,0.1851361229388161,0.8903347347703588,1.7834341280114563,0.4990194854990422,0.12578635535397864,0.285,-0.19926198268356898,1.0,0.49949999999999994,Scale Resources,Scale Resources,Scale Resources,0.2849999999999999
random_1715,152.60822910163597,0.7541523380344677,0.8459919080013034,0.6953094954896342,0.061233681816867835,0.6657266815727806,0.25,-0.204913214040654,1.0,0.475,Scale Resources,Scale Resources,Scale Resources,0.25
random_1716,369.74852071914677,0.42401467586369257,0.5830976116178693,1.9747429950481665,0.2449985993596594,0.5729776937992509,0.285,-0.20744827760561746,1.0,0.49949999999999994,Scale Resources,Scale Resources,Scale Resources,0.2849999999999999
random_1717,305.4802067813213,0.5491071960244631,0.8691295579437958,1.2100150638442329,0.50789002239129,0.12301502666117314,0.26,-0.20846470673492257,1.0,0.482,Scale Resources,Scale Resources,Scale Resources,0.26
random_1718,351.60459964671276,0.13210736149470037,0.026569893364223662,0.9770623261269245,0.5724452721477323,0.99905406137388,0.35,-0.11025304607057596,0.9934375,0.54303125,Migrate VM,Migrate VM,Migrate VM,0.3565625
random_1719,356.16339722764326,0.8485903202275773,0.3463880390307553,1.017829365159935,0.9742689906618556,0.41738855214277626,0.265,-0.20846470673492257,1.0,0.4855,Scale Resources,Scale Resources,Scale Resources,0.265
random_1720,403.64521240119194,0.5259891177444961,0.2239618515300641,1.1608372744217657,0.21806202837032151,0.003026989875741126,0.285,-0.21152225959054594,1.0,0.49949999999999994,Scale Resources,Scale Resources,Scale Resources,0.2849999999999999
random_1721,117.94800773667163,0.19314383235509036,0.37092117719943374,1.7771938076185763,0.3878530735986758,0.8451876274909911,0.29,-0.19641607252771598,0.9999875,0.50299625,Migrate VM,Migrate VM,Migrate VM,0.2900125
random_1722,277.80651006579063,0.007614704222566937,0.18873671290321514,1.8625560904160727,0.6041734461977185,0.9295468585722739,0.315,-0.12157444193197031,0.994075,0.5187225,Migrate VM,Migrate VM,Migrate VM,0.3209249999999999
random_1723,155.06001015172643,0.7165623782827428,0.7720251598972598,1.951399205472511,0.0181764831689607,0.9522372151232462,0.275,-0.19875982052468166,1.0,0.4925,Scale Resources,Scale Resources,Scale Resources,0.275
random_1724,195.79510880208255,0.837992405744867,0.5447129182210839,1.129299086066731,0.3593778881864501,0.8284725903781975,0.305,-0.2064332229502308,1.0,0.5135,Migrate VM,Migrate VM,Migrate VM,0.30499999999999994
random_1725,132.0067854189167,0.49224138617860647,0.5601744987674754,1.4850421868549768,0.47163533704153704,0.6802828988394938,0.26,-0.20694057858490844,1.0,0.482,Scale Resources,Scale Resources,Scale Resources,0.26
random_1726,242.64704817398768,0.6593206369585947,0.6741434762081482,1.4188831210584876,0.823299793860326,0.5407225609599173,0.265,-0.20744827760561746,1.0,0.4855,Scale Resources,Scale Resources,Scale Resources,0.265
random_1727,96.63908193494663,0.6796408416190554,0.07711808349216187,0.43791004492236807,0.7921575286647992,0.43507014433006597,0.305,-0.19365344124602224,0.9999625,0.5134887499999999,Migrate VM,Migrate VM,Migrate VM,0.3050375000000001
random_1728,249.02208382560852,0.9873969184835301,0.23517248584891792,0.03910549907186911,0.11137260951784411,0.2445018596608296,0.23,-0.20999193163945207,1.0,0.46099999999999997,Scale Resources,Scale Resources,Scale Resources,0.22999999999999998
random_1729,362.9600121982346,0.775822031984762,0.5654889540141138,0.5100927973963227,0.5217418945268236,0.014957555933934219,0.245,-0.20846470673492257,1.0,0.4715,Scale Resources,Scale Resources,Scale Resources,0.245
random_1730,340.9004713708981,0.6142975554091679,0.021796539381543578,1.6340232672655912,0.7634265351621218,0.3082237455683131,0.275,-0.14163038252049276,0.99855,0.49206500000000003,Scale Resources,Scale Resources,Scale Resources,0.27645
random_1731,317.688325316153,0.6014929634649732,0.14318027922687027,0.3865186022287317,0.6832061362281295,0.9335516462700085,0.24,-0.20188243633979863,1.0,0.46799999999999997,Scale Resources,Scale Resources,Scale Resources,0.24
random_1732,288.1421603493766,0.5678131455595449,0.6466816947038385,0.8811566003562576,0.05417204350134375,0.3965038467246972,0.265,-0.20592621046933268,1.0,0.4855,Scale Resources,Scale Resources,Scale Resources,0.265
random_1733,450.12610505894486,0.8049468003915485,0.9274235685770654,0.30566317026482115,0.5059577570388295,0.5847281548129437,0.24,-0.2120330595628358,1.0,0.46799999999999997,Scale Resources,Scale Resources,Scale Resources,0.24
random_1734,104.96275499648722,0.20097023926897006,0.7820329326428023,1.3437038341044132,0.6471875368151602,0.26698745798301493,0.28,-0.20379676394520907,1.0,0.496,Scale Resources,Scale Resources,Scale Resources,0.28
random_1735,253.3847121236034,0.023069953489327832,0.1299460526004279,1.0365017255215825,0.3096722756319128,0.9656697568965166,0.41,-0.133441068104573,0.994925,0.5854774999999999,Migrate VM,Migrate VM,Migrate VM,0.4150750000000001
random_1736,235.7423616335053,0.08356415635685066,0.01784234725531242,1.4505157476953427,0.1715067380503139,0.18781236900505904,0.28,-0.09908919519487935,0.9922125,0.49366375,Scale Resources,Scale Resources,Scale Resources,0.2877875
random_1737,211.90361132033553,0.26406058915346464,0.6165770797461895,0.9713850144475276,0.11145060147723007,0.7847408479094484,0.255,-0.20121377909078908,1.0,0.4785,Scale Resources,Scale Resources,Scale Resources,0.255
random_1738,212.92942720712404,0.6108343195893006,0.003942332532681725,1.252800066873074,0.28284985703093446,0.4943707432099935,0.235,-0.12093298757490534,0.9940375,0.46271124999999996,Scale Resources,Scale Resources,Scale Resources,0.24096249999999997
random_1739,148.86030191064486,0.9962607446422428,0.23084231471162353,1.8257192029785132,0.9179666318299169,0.4210006529343677,0.28,-0.21050169586244527,1.0,0.496,Scale Resources,Scale Resources,Scale Resources,0.28
random_1740,152.00155776167813,0.38103554689879116,0.989339087391798,1.2375924546752122,0.5447802378206386,0.035917881339427304,0.255,-0.20846470673492257,1.0,0.4785,Scale Resources,Scale Resources,Scale Resources,0.255
random_1741,423.92151519851285,0.083805455807199,0.046972367034381346,0.549716172235984,0.4757886050575182,0.8952889600044005,0.34,-0.1427551364783789,0.9987375,0.5376212499999999,Migrate VM,Migrate VM,Migrate VM,0.3412625
random_1742,395.0393995414193,0.197632144505843,0.37207952842727654,1.5604805292377655,0.5270924474690973,0.17449194202407925,0.275,-0.2064332229502308,1.0,0.4925,Scale Resources,Scale Resources,Scale Resources,0.275
random_1743,198.0276013391667,0.6259358045097069,0.9732256748088347,1.323624109712818,0.016195162231396942,0.7050082766325282,0.255,-0.19725537097610035,0.9999875,0.47849625,Scale Resources,Scale Resources,Scale Resources,0.2550125
random_1744,125.43240372861526,0.8621589142138149,0.38388990822613855,0.39923007550860046,0.4679471865102345,0.25519797431500546,0.24,-0.2110118051016392,1.0,0.46799999999999997,Scale Resources,Scale Resources,Scale Resources,0.24
random_1745,117.91074424892528,0.573261800773493,0.7673462708508795,1.6699087483197512,0.39766987047039104,0.06680376359693929,0.29,-0.20835924298948905,1.0,0.503,Migrate VM,Migrate VM,Migrate VM,0.29000000000000004
random_1746,241.98749923277668,0.4337814770283859,0.1969789482530394,1.7922898022882403,0.9741482530206889,0.051747188033081426,0.275,-0.2064332229502308,1.0,0.4925,Scale Resources,Scale Resources,Scale Resources,0.275
random_1747,397.8731899287162,0.6457165579415387,0.261436258165908,1.2703122365656259,0.1286431916834745,0.06940650829749728,0.265,-0.21152225959054594,1.0,0.4855,Scale Resources,Scale Resources,Scale Resources,0.265
random_1748,496.7445375261302,0.6363698584586601,0.2532226245332335,0.9000679118075319,0.9500881822978404,0.4387250683868097,0.27,-0.21152225959054594,1.0,0.489,Scale Resources,Scale Resources,Scale Resources,0.27
random_1749,450.2222660011721,0.8688091979784617,0.3441563160908433,1.392018008154205,0.6604985037825924,0.7712118706198419,0.275,-0.20897343730880835,1.0,0.4925,Scale Resources,Scale Resources,Scale Resources,0.275
random_1750,182.96458213374274,0.05223649849813272,0.171039241112511,1.2331073753475184,0.7751001868973535,0.756048634535596,0.355,-0.16548418579740243,0.9991875,0.54825625,Migrate VM,Migrate VM,Migrate VM,0.3558125
random_1751,291.84079255751533,0.08475814571489249,0.017288627185812477,1.5642835146441454,0.5493764341898627,0.7827121027315078,0.32,-0.0982713979182509,0.9920875,0.52162625,Migrate VM,Migrate VM,Migrate VM,0.32791250000000005
random_1752,81.39423073969442,0.40742317077114354,0.9191692870779731,0.34319598249433136,0.06152690381254433,0.6534673837817484,0.32,-0.20110933271566656,1.0,0.524,Migrate VM,Migrate VM,Migrate VM,0.32000000000000006
random_1753,297.26817031087813,0.9520305058577333,0.9064684210548758,1.498860780441142,0.019157237878252187,0.48038696840656014,0.26,-0.19825799800692778,1.0,0.482,Scale Resources,Scale Resources,Scale Resources,0.26
random_1754,448.0509682685194,0.4336510881144773,0.9621457196129947,1.304975961287965,0.10945712754279413,0.5092720751866835,0.275,-0.20999193163945207,1.0,0.4925,Scale Resources,Scale Resources,Scale Resources,0.275
random_1755,347.8085678225738,0.06536897223962068,0.34464953207076743,1.4341621261079727,0.1570713623070341,0.3483398982705226,0.34,-0.16644379182916413,0.9991875,0.5377562499999999,Migrate VM,Migrate VM,Migrate VM,0.34081249999999996
random_1756,344.955161233617,0.7755409018641138,0.5185117938254206,1.9137150554000193,0.9253308587989965,0.4734370539077851,0.285,-0.20897343730880835,1.0,0.49949999999999994,Scale Resources,Scale Resources,Scale Resources,0.2849999999999999
random_1757,80.13720505566118,0.7729315638839585,0.24313957539314401,1.68564261999821,0.5871443411550983,0.3940930063977466,0.285,-0.2088679021839035,1.0,0.49949999999999994,Scale Resources,Scale Resources,Scale Resources,0.2849999999999999
random_1758,278.19167929127207,0.5328087684579272,0.9247328458999177,0.4287260995231257,0.9281584525516764,0.0313410414598555,0.245,-0.20897343730880835,1.0,0.4715,Scale Resources,Scale Resources,Scale Resources,0.245
random_1759,384.6016407665383,0.9196681307115652,0.39405219098652955,0.14613437399053453,0.8046675314937101,0.8428648556917351,0.23,-0.21050169586244527,1.0,0.46099999999999997,Scale Resources,Scale Resources,Scale Resources,0.22999999999999998
random_1760,168.12869399422675,0.5185932856859061,0.8094690680101495,0.3840859545002391,0.62897575639127,0.43063065951581914,0.235,-0.20999193163945207,1.0,0.46449999999999997,Scale Resources,Scale Resources,Scale Resources,0.235
random_1761,87.20787612713177,0.8314402072509596,0.3246808321999267,1.8688522313100324,0.568933869819802,0.5145099813847384,0.29,-0.2088679021839035,1.0,0.503,Migrate VM,Migrate VM,Migrate VM,0.29000000000000004
random_1762,211.65297210967952,0.4006708898563054,0.8179662748371039,1.355001698972252,0.7736901311234224,0.4210841596112086,0.265,-0.20744827760561746,1.0,0.4855,Scale Resources,Scale Resources,Scale Resources,0.265
random_1763,130.7186123513677,0.08686521852818196,0.7766559899840447,0.8305528610354083,0.509223592096683,0.46934323519704535,0.3,-0.18041504515376983,0.9996625,0.50989875,Migrate VM,Migrate VM,Migrate VM,0.3003374999999999
random_1764,215.5689281846201,0.6838995770678498,0.6087341157586086,1.944107597288611,0.13890390764923166,0.5735193132327168,0.275,-0.20948251219930525,1.0,0.4925,Scale Resources,Scale Resources,Scale Resources,0.275
random_1765,31.620081701156987,0.8079184187081999,0.6163113332510931,0.8567576319850758,0.8022356546439461,0.45500260849157825,0.31,-0.2060749118491535,1.0,0.517,Migrate VM,Migrate VM,Migrate VM,0.31000000000000005
random_1766,113.8930476567236,0.4725007611103369,0.07083179663733918,1.795722219278775,0.7309583747344611,0.7603157862150277,0.295,-0.18769521278674217,0.999725,0.5064175,Migrate VM,Migrate VM,Migrate VM,0.29527499999999995
random_1767,437.2466520092211,0.7915725888150836,0.4318525902534398,0.23727280305089926,0.37336477998095274,0.9340847143797223,0.235,-0.21050169586244527,1.0,0.46449999999999997,Scale Resources,Scale Resources,Scale Resources,0.235
random_1768,474.54524561568985,0.7678708655237956,0.2044305830713875,0.38889971692832126,0.8797715108807204,0.14191592301112477,0.24,-0.2110118051016392,1.0,0.46799999999999997,Scale Resources,Scale Resources,Scale Resources,0.24
random_1769,292.0687386662446,0.3782516822790678,0.3020110079611765,1.354764051353961,0.9595690766519378,0.7776337382402986,0.275,-0.20440722962915492,1.0,0.4925,Scale Resources,Scale Resources,Scale Resources,0.275
random_1770,243.08129655077698,0.4407115082022164,0.9076641883223868,1.156214196947508,0.49663902306619523,0.6828358695314231,0.29,-0.20323111812667694,1.0,0.503,Migrate VM,Migrate VM,Migrate VM,0.29000000000000004
random_1771,118.57690856476322,0.06373548757487968,0.855111440485344,1.2145234013989137,0.16487710122506882,0.2980479265007472,0.31,-0.16730499459538983,0.9991875,0.51675625,Migrate VM,Migrate VM,Migrate VM,0.31081249999999994
random_1772,494.9667562947654,0.6344236324636553,0.6361121409671224,0.14432732641744406,0.9689917342439318,0.8927828895587206,0.235,-0.21050169586244527,1.0,0.46449999999999997,Scale Resources,Scale Resources,Scale Resources,0.235
random_1773,273.8912211316102,0.3093889164508735,0.6980552283860917,1.6667487889437382,0.7861214098232535,0.9770473720478788,0.27,-0.2023867119326933,1.0,0.489,Scale Resources,Scale Resources,Scale Resources,0.27
random_1774,318.42769933347125,0.3212254315588653,0.4979276130685336,1.632634335901233,0.2653425872153774,0.23140825494399142,0.28,-0.20744827760561746,1.0,0.496,Scale Resources,Scale Resources,Scale Resources,0.28
random_1775,362.41729016323535,0.4444274265154108,0.8165703951897226,0.2873671723179778,0.3356964631494067,0.2680999065901012,0.235,-0.20626738195335337,1.0,0.46449999999999997,Scale Resources,Scale Resources,Scale Resources,0.235
random_1776,348.93407403313677,0.7593292133266495,0.4560026958865563,0.9560587527978712,0.13203188278912947,0.7018280938130524,0.265,-0.20592621046933268,1.0,0.4855,Scale Resources,Scale Resources,Scale Resources,0.265
random_1777,496.1588167996237,0.7779218408318094,0.22311232318762808,1.2462454791884712,0.29495681066425294,0.03017655291628296,0.28,-0.21152225959054594,1.0,0.496,Scale Resources,Scale Resources,Scale Resources,0.28
random_1778,89.91142782791678,0.10259357226384136,0.19593255356819417,1.591208842898007,0.29283213403043173,0.7570399509451119,0.265,-0.18178516354844498,0.999675,0.48540249999999996,Scale Resources,Scale Resources,Scale Resources,0.26532500000000003
random_1779,474.4312774213854,0.5742731150677747,0.4854089420100546,1.5002543511805275,0.09709013989309001,0.42821208748488515,0.275,-0.21050169586244527,1.0,0.4925,Scale Resources,Scale Resources,Scale Resources,0.275
random_1780,249.41229746603034,0.8310513103983777,0.8142176602312994,1.6965307196999624,0.6978729278677018,0.5305558071848376,0.275,-0.20897343730880835,1.0,0.4925,Scale Resources,Scale Resources,Scale Resources,0.275
random_1781,413.93966067169106,0.8732824152552696,0.4804845926588137,1.9713238157775432,0.8748181249791787,0.5104696654214079,0.285,-0.2120330595628358,1.0,0.49949999999999994,Scale Resources,Scale Resources,Scale Resources,0.2849999999999999
random_1782,34.64379767355319,0.22449205087189628,0.7763985793762849,0.2223085139973695,0.4698000663192632,0.6048521921047275,0.3,-0.20071029681979813,1.0,0.51,Migrate VM,Migrate VM,Migrate VM,0.30000000000000004
random_1783,439.1734141852576,0.8471138628934799,0.7642779210597328,0.815388485222398,0.14224925434229707,0.6696493095578478,0.265,-0.20897343730880835,1.0,0.4855,Scale Resources,Scale Resources,Scale Resources,0.265
random_1784,90.64431124423633,0.5613144834086158,0.9806781824633444,1.1006195516145492,0.6455568672604475,0.6775754719161738,0.335,-0.2053145044288177,1.0,0.5345,Migrate VM,Migrate VM,Migrate VM,0.33499999999999996
random_1785,415.1941788377525,0.43498067810704877,0.4975099010524977,0.3519440278491799,0.614679887737502,0.2957580063243892,0.24,-0.20931599659957933,1.0,0.46799999999999997,Scale Resources,Scale Resources,Scale Resources,0.24
random_1786,253.81237444434979,0.7665571935098978,0.017569904681986603,1.1278310531687463,0.17344501731068973,0.27938333978385366,0.285,-0.13563338389634383,0.9951625,0.49804874999999993,Scale Resources,Scale Resources,Scale Resources,0.28983749999999997
random_1787,17.35664004349896,0.16946276018590223,0.9866293932871518,1.9970455223986239,0.7198479198896475,0.6118568547711936,0.28,-0.19347875646815282,0.9999375,0.49598125,Scale Resources,Scale Resources,Scale Resources,0.2800625
random_1788,388.5034765496325,0.8965542721851617,0.5193050595654082,0.07056799883540243,0.7093958205800527,0.9846025020724225,0.23,-0.20846470673492257,1.0,0.46099999999999997,Scale Resources,Scale Resources,Scale Resources,0.22999999999999998
random_1789,129.02647798598065,0.46346556546109996,0.36127440105128117,0.7809349884597268,0.7213999938753569,0.37840438975605006,0.26,-0.20931599659957933,1.0,0.482,Scale Resources,Scale Resources,Scale Resources,0.26
random_1790,470.54206272936335,0.7896584537635604,0.02764702508769512,1.6370977640674496,0.7728574224386586,0.5164937283812335,0.33,-0.16893295283895027,0.9991875,0.53075625,Migrate VM,Migrate VM,Migrate VM,0.33081249999999995
random_1791,248.4086983732068,0.8355269034669534,0.42478528916303493,0.3189246865865969,0.31289883284903264,0.26520240335748935,0.235,-0.20897343730880835,1.0,0.46449999999999997,Scale Resources,Scale Resources,Scale Resources,0.235
random_1792,340.52951482572513,0.17887335004084526,0.644772436432807,0.9319338945275237,0.8396609294117818,0.48499874321746794,0.25,-0.19435745414631167,0.999975,0.4749925,Scale Resources,Scale Resources,Scale Resources,0.25002500000000005
random_1793,464.90196728469147,0.9004691278855878,0.18528757910402283,1.3723327047037672,0.21462474912077523,0.8233043062304577,0.27,-0.2064332229502308,1.0,0.489,Scale Resources,Scale Resources,Scale Resources,0.27
random_1794,317.8615772682846,0.29411769428165113,0.24912362838350643,0.85915531009086,0.800722971461131,0.7961616090394517,0.26,-0.20071029681979813,1.0,0.482,Scale Resources,Scale Resources,Scale Resources,0.26
random_1795,16.688112777467733,0.3022872154709001,0.4228509634697176,1.1711640268884864,0.14952700881469905,0.3352830205289248,0.32,-0.20452599349895906,1.0,0.524,Migrate VM,Migrate VM,Migrate VM,0.32000000000000006
random_1796,442.7985102839794,0.47654751341364954,0.7441432260434394,0.9695570129926798,0.4649825764004636,0.6219255250835041,0.255,-0.20779014228878534,1.0,0.4785,Scale Resources,Scale Resources,Scale Resources,0.255
random_1797,129.68225609480876,0.24980209930624997,0.989353854891609,1.7379840186384445,0.7377548964496445,0.13714453905553325,0.28,-0.20694057858490844,1.0,0.496,Scale Resources,Scale Resources,Scale Resources,0.28
random_1798,15.11235559238333,0.17541250419709298,0.93773096450752,1.6325795404979757,0.5230760124885764,0.9687805913683772,0.27,-0.19647534994142746,0.9999875,0.48899625,Scale Resources,Scale Resources,Scale Resources,0.2700125
random_1799,73.29105145115051,0.5591504400060369,0.18322212639870983,0.6128572096086118,0.9401350189632256,0.8682785165486835,0.32,-0.20329153465308547,1.0,0.524,Migrate VM,Migrate VM,Migrate VM,0.32000000000000006
random_1800,50.89939281529304,0.24954380556093847,0.5945074695820506,0.12270557468164878,0.5500846473514374,0.5844914357940106,0.305,-0.2046427671023363,1.0,0.5135,Migrate VM,Migrate VM,Migrate VM,0.30499999999999994
random_1801,145.48359066522977,0.2931229801251234,0.2290792687700708,1.8713527403920855,0.38887114069907747,0.5852690631138904,0.28,-0.2064332229502308,1.0,0.496,Scale Resources,Scale Resources,Scale Resources,0.28
random_1802,150.78728712675726,0.7026640044149043,0.10144127105864253,0.14328308618932795,0.7442837605818863,0.7266679583153499,0.245,-0.19926198268356898,1.0,0.4715,Scale Resources,Scale Resources,Scale Resources,0.245
random_1803,132.50066807033113,0.35504671272468835,0.9572605013328223,0.20866058999062864,0.183147066546671,0.4300383649732332,0.235,-0.20931599659957933,1.0,0.46449999999999997,Scale Resources,Scale Resources,Scale Resources,0.235
random_1804,141.04945302776255,0.6490085486322071,0.6906017229466844,1.0527761677801903,0.6111973014027698,0.43342083202034487,0.275,-0.20999193163945207,1.0,0.4925,Scale Resources,Scale Resources,Scale Resources,0.275
random_1805,380.193626862583,0.04209849784626973,0.31289133665588087,1.368860082789788,0.3296451078753825,0.07853528044294944,0.335,-0.16788563778574883,0.9991875,0.53425625,Migrate VM,Migrate VM,Migrate VM,0.33581250000000007
random_1806,172.50671423338764,0.7114947717886633,0.12198486525331775,1.449262728423309,0.7754557163575756,0.6353007444226989,0.265,-0.20026732684439663,1.0,0.4855,Scale Resources,Scale Resources,Scale Resources,0.265
random_1807,122.11702427907211,0.8052953571950614,0.21444250177846536,1.811641904342701,0.7066456991420821,0.05471992664705971,0.285,-0.20734295647432532,1.0,0.49949999999999994,Scale Resources,Scale Resources,Scale Resources,0.2849999999999999
random_1808,399.6435593308315,0.5064335403599074,0.4526488963130514,0.8410223853969736,0.6066300664409169,0.7245785007829613,0.265,-0.20897343730880835,1.0,0.4855,Scale Resources,Scale Resources,Scale Resources,0.265
random_1809,447.98830786228035,0.2729448129472253,0.6307762729104237,1.3726852229362598,0.6747971397868926,0.4930006477829699,0.275,-0.20744827760561746,1.0,0.4925,Scale Resources,Scale Resources,Scale Resources,0.275
random_1810,195.51127410185055,0.7623788170670917,0.30000980404080135,0.41610632479648624,0.5458291937601238,0.26761085766217696,0.245,-0.20948251219930525,1.0,0.4715,Scale Resources,Scale Resources,Scale Resources,0.245
random_1811,16.616581382269512,0.05157574338230542,0.6950105263868747,1.9462916919841462,0.454688383626075,0.14706112558473416,0.35,-0.17555068890218928,0.99925,0.5447749999999999,Migrate VM,Migrate VM,Migrate VM,0.35075
random_1812,409.04160526467655,0.26143589697371983,0.9956264616038806,1.1265283316541201,0.23263254856010063,0.4960047695243439,0.3,-0.20626738195335337,1.0,0.51,Migrate VM,Migrate VM,Migrate VM,0.30000000000000004
random_1813,167.6906359148243,0.7794719846269478,0.10581588580805579,1.7140054340650965,0.7673368942641347,0.8613638039014875,0.29,-0.19926198268356898,1.0,0.503,Migrate VM,Migrate VM,Migrate VM,0.29000000000000004
random_1814,447.4968730208324,0.22977782294308124,0.5210058072286208,1.6998444403327546,0.3773879721161115,0.06040757679563247,0.285,-0.20795632024476685,1.0,0.49949999999999994,Scale Resources,Scale Resources,Scale Resources,0.2849999999999999
random_1815,145.81717826925828,0.24192031147481086,0.8700626186891045,0.9276926988182965,0.6835442374463132,0.9621191496915854,0.255,-0.20222176615684484,1.0,0.4785,Scale Resources,Scale Resources,Scale Resources,0.255
random_1816,149.59392619260186,0.7611995575273958,0.022764121518721425,0.20823235062305634,0.1618650900032781,0.3124183368725084,0.3,-0.1458193233515921,0.9989,0.50967,Migrate VM,Migrate VM,Migrate VM,0.3010999999999999
random_1817,201.4936075646892,0.47701589073225437,0.24533134628339748,0.13243063922027187,0.6775230918402433,0.023661353534264462,0.23,-0.20931599659957933,1.0,0.46099999999999997,Scale Resources,Scale Resources,Scale Resources,0.22999999999999998
random_1818,404.7353174293624,0.9291548251512014,0.7103689136596344,1.1919210345496638,0.6570185293286328,0.6522220466175943,0.26,-0.20897343730880835,1.0,0.482,Scale Resources,Scale Resources,Scale Resources,0.26
random_1819,465.85256803325024,0.9643058711939674,0.42671164190822175,1.2341583522968362,0.8028070537341723,0.0010381571721375105,0.27,-0.21152225959054594,1.0,0.489,Scale Resources,Scale Resources,Scale Resources,0.27
random_1820,263.5079584138578,0.6528763398176977,0.7172054497375816,0.7375788187925623,0.29564442061159224,0.1821425665679085,0.245,-0.20846470673492257,1.0,0.4715,Scale Resources,Scale Resources,Scale Resources,0.245
random_1821,278.9077745263422,0.9193034322521215,0.8959781507240482,0.7199318543153848,0.25785513993820264,0.788793822670777,0.245,-0.20592621046933268,1.0,0.4715,Scale Resources,Scale Resources,Scale Resources,0.245
random_1822,362.49000912209414,0.5053398311374923,0.3890302595388575,0.24759580749034993,0.7851385890922365,0.6174644435816974,0.23,-0.20744827760561746,1.0,0.46099999999999997,Scale Resources,Scale Resources,Scale Resources,0.22999999999999998
random_1823,188.44083986900833,0.9187879760667995,0.6596727064118622,1.8584777336874925,0.4744124603396439,0.4546178240639299,0.275,-0.20999193163945207,1.0,0.4925,Scale Resources,Scale Resources,Scale Resources,0.275
random_1824,468.6196451570398,0.9597914282435333,0.9607673188788862,1.6377947878148857,0.4624061448243386,0.2102992942690588,0.28,-0.2120330595628358,1.0,0.496,Scale Resources,Scale Resources,Scale Resources,0.28
random_1825,191.72044063891414,0.9382974915177886,0.3635542950802999,1.513434853647075,0.9230043510911079,0.9703921628814296,0.26,-0.20592621046933268,1.0,0.482,Scale Resources,Scale Resources,Scale Resources,0.26
random_1826,473.83707343767804,0.5550575977222759,0.49188007465087036,1.9752810175359725,0.21817920458030682,0.1875302616847626,0.285,-0.2120330595628358,1.0,0.49949999999999994,Scale Resources,Scale Resources,Scale Resources,0.2849999999999999
random_1827,481.59114887291753,0.6891948218241696,0.5363040097981578,0.2640995856826114,0.5132402490163293,0.944221153521555,0.235,-0.21050169586244527,1.0,0.46449999999999997,Scale Resources,Scale Resources,Scale Resources,0.235
random_1828,301.44566167433584,0.4046286224395348,0.5511030014651284,1.772290174035569,0.9128486611353276,0.4000881656528953,0.285,-0.20744827760561746,1.0,0.49949999999999994,Scale Resources,Scale Resources,Scale Resources,0.2849999999999999
random_1829,304.03050121716103,0.27920261268283075,0.4510852961584765,0.4397652735662858,0.5314722618655752,0.578240134964662,0.24,-0.20373630652797403,1.0,0.46799999999999997,Scale Resources,Scale Resources,Scale Resources,0.24
random_1830,168.91836806538657,0.27211830063864817,0.15102560663145193,0.27908733241231953,0.7114611157141176,0.22163800357270336,0.235,-0.20171760212625978,1.0,0.46449999999999997,Scale Resources,Scale Resources,Scale Resources,0.235
random_1831,58.98851055328025,0.9988716897642888,0.259916501889057,1.7920966308562642,0.6091859537519174,0.715070166806815,0.285,-0.20632804424022888,1.0,0.49949999999999994,Scale Resources,Scale Resources,Scale Resources,0.2849999999999999
random_1832,280.45945574981766,0.1808111950599689,0.8470515714526026,1.6559455329735684,0.34968546535026745,0.7638506964114639,0.27,-0.19352308650622496,0.9999375,0.48898125,Scale Resources,Scale Resources,Scale Resources,0.2700625
random_1833,271.5201291722139,0.9090491405600647,0.8028243713039679,0.08199153960406158,0.8792759721912583,0.9685664179784899,0.23,-0.20744827760561746,1.0,0.46099999999999997,Scale Resources,Scale Resources,Scale Resources,0.22999999999999998
random_1834,371.0781013125519,0.11991353084706802,0.8073758898371202,1.2949780852471717,0.3388263175219802,0.8840305511926667,0.3,-0.18707166068288772,0.999725,0.5099175,Migrate VM,Migrate VM,Migrate VM,0.30027500000000007
random_1835,282.7833442265864,0.8529279310194022,0.6701137485842428,0.5770322074098564,0.9750186958610365,0.5710055479395585,0.245,-0.20846470673492257,1.0,0.4715,Scale Resources,Scale Resources,Scale Resources,0.245
random_1836,258.37762091322946,0.403509628253255,0.13634420307768735,1.3724257600723233,0.430799198005814,0.9346125103556421,0.27,-0.1998687423678468,1.0,0.489,Scale Resources,Scale Resources,Scale Resources,0.27
random_1837,482.54858430944915,0.767640855349951,0.2424947637025352,1.4319593616079327,0.020421750965055496,0.8264005028083927,0.265,-0.1998687423678468,1.0,0.4855,Scale Resources,Scale Resources,Scale Resources,0.265
random_1838,246.80928354526455,0.9367396498851864,0.3777600413259651,0.5263472089676886,0.9950563387560393,0.5306778715120752,0.245,-0.20846470673492257,1.0,0.4715,Scale Resources,Scale Resources,Scale Resources,0.245
random_1839,431.5912712052191,0.9110571640210087,0.5184687127814234,0.9114278510383753,0.5528859547723501,0.8477395028814141,0.27,-0.20897343730880835,1.0,0.489,Scale Resources,Scale Resources,Scale Resources,0.27
random_1840,482.3301158003998,0.3283221093697162,0.7386303821198467,0.5707489545799189,0.6109530413315054,0.8047895882182705,0.245,-0.20626738195335337,1.0,0.4715,Scale Resources,Scale Resources,Scale Resources,0.245
random_1841,443.24316233064667,0.44871618427924675,0.36975568256589153,0.5069032240217757,0.13341717041818757,0.3649175686436741,0.25,-0.20880703433315417,1.0,0.475,Scale Resources,Scale Resources,Scale Resources,0.25
random_1842,435.9889023739236,0.4188095162106382,0.317293165811222,1.4782644891728296,0.21558447162593875,0.25628680248768243,0.275,-0.20897343730880835,1.0,0.4925,Scale Resources,Scale Resources,Scale Resources,0.275
random_1843,467.9543241691512,0.08158969261721671,0.41463118024342327,1.1535023847896086,0.2302607156146056,0.2810124842347197,0.325,-0.17894779331313437,0.999525,0.5273574999999999,Migrate VM,Migrate VM,Migrate VM,0.32547499999999996
random_1844,110.92268237433223,0.3451855720606416,0.8985057550784483,0.8631746931433302,0.41782901652343174,0.3865808801743893,0.305,-0.20514891092918952,1.0,0.5135,Migrate VM,Migrate VM,Migrate VM,0.30499999999999994
random_1845,482.05786346878716,0.11729943621981564,0.8718754209393664,0.654322135455951,0.9565115917053534,0.31522724624365883,0.285,-0.19136944088136953,0.9999,0.49946999999999997,Scale Resources,Scale Resources,Scale Resources,0.2850999999999999
random_1846,41.43718162816023,0.5200418843525159,0.22786557930991036,1.5059796309467517,0.6573056183279544,0.6864691579223767,0.265,-0.20329153465308547,1.0,0.4855,Scale Resources,Scale Resources,Scale Resources,0.265
random_1847,96.74474430531832,0.7086302648851405,0.3113310269803373,1.9973480561201422,0.7317676630740063,0.5904115074085128,0.29,-0.20835924298948905,1.0,0.503,Migrate VM,Migrate VM,Migrate VM,0.29000000000000004
random_1848,433.558889607774,0.5893116997194271,0.5527498667755334,0.4746312056107591,0.678111995325425,0.3746444282494614,0.25,-0.2120330595628358,1.0,0.475,Scale Resources,Scale Resources,Scale Resources,0.25
random_1849,21.541313906065174,0.8160617963699577,0.051873166648741864,1.3446002456810517,0.1567208914849152,0.43256951657086384,0.27,-0.18203082769919,0.999675,0.48890249999999996,Scale Resources,Scale Resources,Scale Resources,0.27032500000000004
random_1850,429.5458292733603,0.09441954911414663,0.6671506785526209,1.2252374849721706,0.8675297463562928,0.17273487132406673,0.305,-0.18401111726903308,0.999725,0.5134175,Migrate VM,Migrate VM,Migrate VM,0.30527499999999996
random_1851,399.8937523179024,0.4501211967413282,0.4286439124932455,0.7235687016797498,0.3855741461959179,0.5199596264252251,0.245,-0.20880703433315417,1.0,0.4715,Scale Resources,Scale Resources,Scale Resources,0.245
random_1852,53.3999114617329,0.4250658698729579,0.6519812150595229,0.9963847068766292,0.1658294688496228,0.36305170179163204,0.32,-0.20565539732190408,1.0,0.524,Migrate VM,Migrate VM,Migrate VM,0.32000000000000006
random_1853,221.4808372129649,0.6688748146329682,0.9007663225374978,1.100751025175637,0.6763681281173641,0.07718962543940444,0.3,-0.20846470673492257,1.0,0.51,Migrate VM,Migrate VM,Migrate VM,0.30000000000000004
random_1854,477.23351467379655,0.3152086903555229,0.35429174968792143,0.4456855612830253,0.08467007176554919,0.7900467901418512,0.245,-0.20424183684848585,1.0,0.4715,Scale Resources,Scale Resources,Scale Resources,0.245
random_1855,120.24504085308641,0.2826877353453131,0.18179627660627262,1.9497705605977602,0.7810347972792044,0.9298996499807005,0.285,-0.19926198268356898,1.0,0.49949999999999994,Scale Resources,Scale Resources,Scale Resources,0.2849999999999999
random_1856,430.8616835267552,0.9062967995452617,0.479034051849193,0.34108287471420096,0.3268803343575444,0.2924515169817036,0.24,-0.2120330595628358,1.0,0.46799999999999997,Scale Resources,Scale Resources,Scale Resources,0.24
random_1857,358.5669188006782,0.02567268630734243,0.14204221491797708,1.3657702405097218,0.12344235380044144,0.04829185077040021,0.44,-0.13851800868763076,0.996825,0.6070475,Migrate VM,Migrate VM,Migrate VM,0.4431750000000001
random_1858,54.60758230559543,0.6906741530430963,0.13932525940470009,0.29260872227296275,0.2303001967590993,0.7509107041965226,0.31,-0.20329153465308547,1.0,0.517,Migrate VM,Migrate VM,Migrate VM,0.31000000000000005
random_1859,100.176456130388,0.0353753967242072,0.9058633555759406,1.7526368485818455,0.1848190008964724,0.26534258977345493,0.36,-0.15772446933944084,0.999125,0.5517375,Migrate VM,Migrate VM,Migrate VM,0.36087499999999995
random_1860,94.27878572182047,0.7195345389617299,0.25000888418923206,1.8628995147570042,0.8276410243835689,0.5884011275696732,0.29,-0.20835924298948905,1.0,0.503,Migrate VM,Migrate VM,Migrate VM,0.29000000000000004
random_1861,4.469112356856597,0.8836694064166667,0.7277616465325542,1.5758147930820128,0.07182520457199104,0.7085601702185422,0.28,-0.2075675245793971,1.0,0.496,Scale Resources,Scale Resources,Scale Resources,0.28
random_1862,402.29473681207185,0.9566353561570548,0.5804704727824356,1.016083703998543,0.42539678998191177,0.7012876809646438,0.265,-0.20897343730880835,1.0,0.4855,Scale Resources,Scale Resources,Scale Resources,0.265
random_1863,460.4106523573069,0.5997550487160357,0.2272836415083398,0.03514790061835349,0.6191131182675276,0.8645978880190527,0.235,-0.21050169586244527,1.0,0.46449999999999997,Scale Resources,Scale Resources,Scale Resources,0.235
random_1864,32.987638786704686,0.3975712089613459,0.9400469260809028,1.0033539917136105,0.22065822978859306,0.35365641176884843,0.33,-0.20337928452330944,1.0,0.5309999999999999,Migrate VM,Migrate VM,Migrate VM,0.33000000000000007
random_1865,204.06978309740313,0.11728951441679214,0.6607922438484112,1.1843286581849528,0.6477228778655774,0.6107915686801879,0.265,-0.1875659121169354,0.999725,0.4854175,Scale Resources,Scale Resources,Scale Resources,0.26527500000000004
random_1866,8.336034144169835,0.17446284956631963,0.16557200194586053,0.19590297259597889,0.7354757731982764,0.12013721447849168,0.295,-0.20168807862002514,1.0,0.5065,Migrate VM,Migrate VM,Migrate VM,0.29499999999999993
random_1867,334.0970367251721,0.17839030965367542,0.11831017824792633,0.3250600972321587,0.50840345653802,0.6454825098577557,0.23,-0.18532744950253277,0.999725,0.4609175,Scale Resources,Scale Resources,Scale Resources,0.230275
random_1868,405.9624300288184,0.1285622054646306,0.6161867473858301,1.5476791988224945,0.3124051715078844,0.07971557936743767,0.305,-0.19402170436366195,0.9999625,0.5134887499999999,Migrate VM,Migrate VM,Migrate VM,0.3050375000000001
random_1869,77.97298153325694,0.09155864756045673,0.8872119310226779,0.7534033367204691,0.523348605135786,0.7686881518043146,0.325,-0.17966583164382333,0.9995875,0.5273762499999999,Migrate VM,Migrate VM,Migrate VM,0.3254125000000001
random_1870,185.74921106036192,0.6491026546276127,0.07667985321843773,0.9618112951372009,0.09651896617030764,0.24828414068022808,0.265,-0.19325840263041227,0.9999375,0.48548125,Scale Resources,Scale Resources,Scale Resources,0.2650625
random_1871,146.6704137977343,0.7175838038869466,0.6741041862892538,1.4941601778621316,0.06175504723733516,0.9939142121730469,0.265,-0.19735927652987406,0.9999875,0.48549625,Scale Resources,Scale Resources,Scale Resources,0.2650125
random_1872,27.21001435488446,0.825747791439154,0.7402689334805356,1.1835235809836397,0.4388571651449872,0.7571323532701827,0.28,-0.20354448643687217,1.0,0.496,Scale Resources,Scale Resources,Scale Resources,0.28
random_1873,369.928901634423,0.13717833548980451,0.7926324729608702,0.1571139948699305,0.5005461421285348,0.6450818265671943,0.26,-0.1898799768083813,0.9998375,0.48195125,Scale Resources,Scale Resources,Scale Resources,0.26016249999999996
random_1874,410.84442868761386,0.46311021809305375,0.2368580775651452,0.981319230913213,0.2502081104371201,0.5287253814561483,0.255,-0.21033495478584718,1.0,0.4785,Scale Resources,Scale Resources,Scale Resources,0.255
random_1875,231.25409155325895,0.7805044837503944,0.24009011344252895,0.399970368380679,0.47418533956695996,0.050504365190850664,0.235,-0.20897343730880835,1.0,0.46449999999999997,Scale Resources,Scale Resources,Scale Resources,0.235
random_1876,114.67031421775292,0.3537049141876919,0.48762971256091026,0.5388734224507281,0.5606364947084064,0.8784146664451715,0.305,-0.20262161282194713,1.0,0.5135,Migrate VM,Migrate VM,Migrate VM,0.30499999999999994
random_1877,271.86373067880106,0.2868395217364318,0.061980972002314894,0.2733326094966473,0.5612173685471906,0.6837088381043798,0.265,-0.1778133452714098,0.99935,0.485305,Scale Resources,Scale Resources,Scale Resources,0.26565000000000005
random_1878,24.83397177703528,0.18554982971348166,0.31908127067657055,0.6395462177610047,0.958407014177961,0.20377059794242258,0.29,-0.19584083581902367,0.9999875,0.50299625,Migrate VM,Migrate VM,Migrate VM,0.2900125
random_1879,31.260174739554447,0.3530148293123191,0.13444197102967947,0.25316393027157824,0.40745066111712835,0.30639113924994865,0.305,-0.20272627141333488,1.0,0.5135,Migrate VM,Migrate VM,Migrate VM,0.30499999999999994
random_1880,45.86338807767976,0.6043034294274493,0.50169976602035,0.15419933790261076,0.8627444740141443,0.2847130582123327,0.305,-0.20988625361063973,1.0,0.5135,Migrate VM,Migrate VM,Migrate VM,0.30499999999999994
random_1881,480.69039247358967,0.9315386325563256,0.4340966262187528,0.45713388087666984,0.8348527125302225,0.3612858416224468,0.25,-0.2120330595628358,1.0,0.475,Scale Resources,Scale Resources,Scale Resources,0.25
random_1882,81.77534733564912,0.5516077158189412,0.48940244270126576,1.7000357576279128,0.7292813798393321,0.8761394868367537,0.285,-0.20632804424022888,1.0,0.49949999999999994,Scale Resources,Scale Resources,Scale Resources,0.2849999999999999
random_1883,367.35145619368717,0.642174960647797,0.5001771522770128,1.975106578992895,0.9591648240001723,0.8488529815357496,0.285,-0.2064332229502308,1.0,0.49949999999999994,Scale Resources,Scale Resources,Scale Resources,0.2849999999999999
random_1884,387.6596068927639,0.5775595501185121,0.2597533605262068,1.7508780541759297,0.010816134878957717,0.2274399667939332,0.265,-0.20430233518422303,1.0,0.4855,Scale Resources,Scale Resources,Scale Resources,0.265
random_1885,201.8662225422349,0.586157155234072,0.5608793203603559,0.3516316527705694,0.10479819981353178,0.22232892758527967,0.235,-0.20948251219930525,1.0,0.46449999999999997,Scale Resources,Scale Resources,Scale Resources,0.235
random_1886,174.3543944482418,0.01405368792008621,0.6924558205498558,0.4954548714749829,0.3514044365483624,0.3349016905838995,0.465,-0.14627755652805463,0.9989,0.62517,Migrate VM,Migrate VM,Migrate VM,0.46609999999999996
random_1887,255.91490043926092,0.859799722094611,0.14938995350554118,0.6814542264625401,0.6920288077317835,0.04423141328043678,0.25,-0.20390158744399833,1.0,0.475,Scale Resources,Scale Resources,Scale Resources,0.25
random_1888,414.98931758111183,0.9618251404974265,0.6076372025819908,1.9130167420614426,0.41306182943174774,0.4150317306551369,0.285,-0.2120330595628358,1.0,0.49949999999999994,Scale Resources,Scale Resources,Scale Resources,0.2849999999999999
random_1889,53.12445470671873,0.0354469349997697,0.24450431813453388,0.9562573142022954,0.507682390862889,0.21757538174143332,0.375,-0.1581988581468068,0.999175,0.5622524999999999,Migrate VM,Migrate VM,Migrate VM,0.37582499999999996
random_1890,306.4028373307138,0.1812058748383879,0.32621114026910014,0.3914190303786549,0.6966635999901375,0.5165725082223118,0.22,-0.19485663671649267,0.999975,0.4539925,Scale Resources,Scale Resources,Scale Resources,0.22002500000000003
random_1891,368.0505495363077,0.05724816959164969,0.42536208023514144,1.9339171579628411,0.053619514706363613,0.41837868969596215,0.365,-0.16978174374744537,0.9991875,0.55525625,Migrate VM,Migrate VM,Migrate VM,0.3658125
random_1892,20.19910942781028,0.14665332097079997,0.4625264515730515,0.3150267953681052,0.5187554249638431,0.9227316827700696,0.305,-0.1907118581412025,0.9998875,0.51346625,Migrate VM,Migrate VM,Migrate VM,0.3051124999999999
random_1893,100.20377909871337,0.10718650971219779,0.825276561982952,0.9205396948275104,0.8826110988441378,0.30612329466538724,0.33,-0.18506571013315887,0.999725,0.5309174999999999,Migrate VM,Migrate VM,Migrate VM,0.3302750000000001
random_1894,313.76600259354484,0.9233135543016643,0.17169579944790592,1.6014571186108066,0.6315167498451273,0.8129467446270534,0.28,-0.2023867119326933,1.0,0.496,Scale Resources,Scale Resources,Scale Resources,0.28
random_1895,85.34667247655409,0.4340864703370123,0.12883722847695267,1.9201642159707293,0.06269172296013448,0.06548339799438829,0.265,-0.201777896146055,1.0,0.4855,Scale Resources,Scale Resources,Scale Resources,0.265
random_1896,449.07809609085115,0.300762148137675,0.5970200328471501,0.5749510578146135,0.6487583756275316,0.19246936927002722,0.245,-0.20626738195335337,1.0,0.4715,Scale Resources,Scale Resources,Scale Resources,0.245
random_1897,229.43472902573464,0.5334921747803945,0.33364289028713,0.5034012225379041,0.1402066676712168,0.7061443363079198,0.245,-0.20592621046933268,1.0,0.4715,Scale Resources,Scale Resources,Scale Resources,0.245
random_1898,84.14135799721161,0.29212639118814465,0.3369087646165174,0.9087335939593402,0.702568699550067,0.42794513465370543,0.32,-0.20312638870075828,1.0,0.524,Migrate VM,Migrate VM,Migrate VM,0.32000000000000006
random_1899,435.5468107177417,0.6797856466201845,0.83848671613018,1.4327079226618813,0.14863179983709962,0.9779273018640902,0.275,-0.20795632024476685,1.0,0.4925,Scale Resources,Scale Resources,Scale Resources,0.275
random_1900,393.2931328841828,0.5727217686340125,0.16523094073812616,0.34536129715794894,0.6143311748601417,0.41619713300201133,0.24,-0.20897343730880835,1.0,0.46799999999999997,Scale Resources,Scale Resources,Scale Resources,0.24
random_1901,337.9297502575729,0.37242772489970266,0.5128451714565949,0.3759160759279241,0.1552011442938266,0.0756447636984906,0.235,-0.20626738195335337,1.0,0.46449999999999997,Scale Resources,Scale Resources,Scale Resources,0.235
random_1902,409.81965244927613,0.5553862515796613,0.9471410399066623,1.498972562718656,0.768763160249494,0.5090584341970155,0.275,-0.21050169586244527,1.0,0.4925,Scale Resources,Scale Resources,Scale Resources,0.275
random_1903,407.7269682628253,0.9420634453138168,0.7217402523354377,0.21117788177400265,0.6510198592535063,0.12043321224109194,0.235,-0.21305569689303694,1.0,0.46449999999999997,Scale Resources,Scale Resources,Scale Resources,0.235
random_1904,38.611211209333916,0.692900405115938,0.8347854319240385,0.3176829814587332,0.07414860796604472,0.8865228941920439,0.31,-0.2023867119326933,1.0,0.517,Migrate VM,Migrate VM,Migrate VM,0.31000000000000005
random_1905,66.10466849543445,0.03508609374373717,0.721054368766489,1.6954311081906859,0.5144733414642263,0.5399252440937878,0.355,-0.15583012050476774,0.9990875,0.5482262499999999,Migrate VM,Migrate VM,Migrate VM,0.35591249999999997
random_1906,168.4302563636893,0.23846319886623257,0.7552320701755861,1.6985688162420851,0.3212447581651967,0.2738191848756514,0.275,-0.20592621046933268,1.0,0.4925,Scale Resources,Scale Resources,Scale Resources,0.275
random_1907,133.89585977252506,0.05059541802235612,0.28107502484038105,0.05130183393801002,0.7884076224683728,0.25592682903096,0.34,-0.17271298245229594,0.9992,0.53776,Migrate VM,Migrate VM,Migrate VM,0.3408
random_1908,345.07759467568184,0.5431883855405562,0.8374636299771987,1.9207574551140434,0.367291614129165,0.08834081988963716,0.285,-0.20897343730880835,1.0,0.49949999999999994,Scale Resources,Scale Resources,Scale Resources,0.2849999999999999
random_1909,374.8228821929614,0.021302326199183375,0.22296333448624628,0.10650133694627706,0.8981483716198154,0.0052970817015722815,0.45,-0.15150139476039814,0.998975,0.6146925,Migrate VM,Migrate VM,Migrate VM,0.451025
random_1910,246.3710825076159,0.42399912715898014,0.6527446645481395,0.5794881771384996,0.8736954004694584,0.7343457415813933,0.245,-0.20323111812667694,1.0,0.4715,Scale Resources,Scale Resources,Scale Resources,0.245
random_1911,216.14721299611645,0.35802624951254136,0.8158882474975845,1.5141205970715415,0.3990000580240475,0.3413718626101272,0.26,-0.2064332229502308,1.0,0.482,Scale Resources,Scale Resources,Scale Resources,0.26
random_1912,19.443994831271073,0.08170724544014563,0.05391845555423469,0.04883097269605363,0.15287238214078092,0.8571418176805748,0.295,-0.14812617484557244,0.998925,0.5061775,Migrate VM,Migrate VM,Migrate VM,0.2960750000000001
random_1913,399.07965537793257,0.8455738478281971,0.6238003614254719,1.24812620248134,0.12393174655301664,0.6989653536423868,0.27,-0.20897343730880835,1.0,0.489,Scale Resources,Scale Resources,Scale Resources,0.27
random_1914,140.0132054352365,0.5192533297862011,0.9547226038008574,1.7412307886368545,0.23319350729579214,0.7366506157002934,0.28,-0.20795632024476685,1.0,0.496,Scale Resources,Scale Resources,Scale Resources,0.28
random_1915,52.04537497960554,0.026742485744032596,0.028174274781860187,0.3404929684360247,0.6949484020937929,0.36330589345801867,0.43,-0.07514511335744045,0.9859,0.59677,Migrate VM,Migrate VM,Migrate VM,0.44409999999999994
random_1916,7.971219483345893,0.9880226313768419,0.5333784032319931,0.7877604302226351,0.5188498950488314,0.5199709098585499,0.315,-0.21368775380427008,1.0,0.5205,Migrate VM,Migrate VM,Migrate VM,0.31499999999999995
random_1917,235.11828854649684,0.6129489044649707,0.8856266198683065,0.6034273841541731,0.4869686228459622,0.003643996196768695,0.245,-0.20846470673492257,1.0,0.4715,Scale Resources,Scale Resources,Scale Resources,0.245
random_1918,429.9071406591013,0.30590388891311626,0.2712968983283689,1.9950743384220693,0.5843929387451879,0.12304324614099027,0.285,-0.20795632024476685,1.0,0.49949999999999994,Scale Resources,Scale Resources,Scale Resources,0.2849999999999999
random_1919,132.7624849467855,0.35322658826631137,0.9860600478706539,0.8612433558297159,0.23013398829280907,0.5697309674128171,0.26,-0.20779014228878534,1.0,0.482,Scale Resources,Scale Resources,Scale Resources,0.26
random_1920,202.3798290285052,0.05496038814187043,0.8609196124543255,0.03137505456660783,0.8984836357454766,0.7918587036018022,0.34,-0.17013738139238055,0.9991875,0.5377562499999999,Migrate VM,Migrate VM,Migrate VM,0.34081249999999996
random_1921,37.91160507120556,0.7236110778130539,0.7709416821393189,1.204614146857369,0.5776708001561233,0.04968702624797405,0.28,-0.2060749118491535,1.0,0.496,Scale Resources,Scale Resources,Scale Resources,0.28
random_1922,29.74818591139128,0.7272886498356969,0.10556517891890982,0.4836882014129551,0.49883659382335876,0.16416367361268158,0.285,-0.19926198268356898,1.0,0.49949999999999994,Scale Resources,Scale Resources,Scale Resources,0.2849999999999999
random_1923,394.9197802750128,0.8073780237790886,0.842143211260892,0.09913624154940992,0.4278731612336244,0.8469176727143358,0.23,-0.21050169586244527,1.0,0.46099999999999997,Scale Resources,Scale Resources,Scale Resources,0.22999999999999998
random_1924,181.60969515334946,0.6958203783230225,0.5892459041900096,0.6944172334143572,0.27640482909042374,0.6527430920994067,0.245,-0.20694057858490844,1.0,0.4715,Scale Resources,Scale Resources,Scale Resources,0.245
random_1925,66.8120685014485,0.8601225190877586,0.5764434410807034,0.22300701025167835,0.7035276451933636,0.431112549882419,0.31,-0.20988625361063973,1.0,0.517,Migrate VM,Migrate VM,Migrate VM,0.31000000000000005
random_1926,102.04070768158785,0.9610692929248661,0.7196477850144256,1.1859872466559922,0.8488671810593617,0.5438697898821526,0.285,-0.20785092783052672,1.0,0.49949999999999994,Scale Resources,Scale Resources,Scale Resources,0.2849999999999999
random_1927,220.73530616645192,0.1894468598607083,0.15339042511817869,0.8639386327436964,0.4559745790275158,0.7333125052307272,0.25,-0.19236409784146524,0.999925,0.47497749999999994,Scale Resources,Scale Resources,Scale Resources,0.25007500000000005
random_1928,221.0425050184382,0.5931592005654178,0.832518524076246,1.9866693910210835,0.32252531515128247,0.9019544637283687,0.275,-0.2064332229502308,1.0,0.4925,Scale Resources,Scale Resources,Scale Resources,0.275
random_1929,403.02543592679945,0.06800669031955309,0.33415893085389126,0.43808591966876675,0.664384272422998,0.5552991362176882,0.325,-0.17013738139238055,0.9991875,0.52725625,Migrate VM,Migrate VM,Migrate VM,0.32581250000000006
random_1930,247.42552629477683,0.7635637638075775,0.3333086958119834,0.7655045911065312,0.8656339482254493,0.9722085092600066,0.25,-0.20592621046933268,1.0,0.475,Scale Resources,Scale Resources,Scale Resources,0.25
random_1931,388.17867038391614,0.21707097477722626,0.11265163216384733,0.418410295531604,0.4227613650228964,0.23669702774763823,0.245,-0.19960011906032848,1.0,0.4715,Scale Resources,Scale Resources,Scale Resources,0.245
random_1932,450.5205740360059,0.6707229017674402,0.4167292447830141,0.5476234657231216,0.38066100514096435,0.4760505953667302,0.25,-0.21152225959054594,1.0,0.475,Scale Resources,Scale Resources,Scale Resources,0.25
random_1933,356.9111760878643,0.0893415582288789,0.8488329397889457,0.25512006226036,0.2624500819724379,0.9935898957725838,0.285,-0.16875999757110216,0.9991875,0.49925624999999996,Scale Resources,Scale Resources,Scale Resources,0.2858125
random_1934,95.10431702212557,0.10114218778634565,0.6384053019187983,0.7862581597024498,0.09183543426850871,0.003742428349045035,0.33,-0.18408092247261532,0.999725,0.5309174999999999,Migrate VM,Migrate VM,Migrate VM,0.3302750000000001
random_1935,39.5807881907389,0.5227355787719067,0.23089294513094227,1.5551042686378997,0.857508633071743,0.14483301771529433,0.27,-0.20582110289773825,1.0,0.489,Scale Resources,Scale Resources,Scale Resources,0.27
random_1936,168.50993536723507,0.14657412546819748,0.2866927035819472,0.4784088375011426,0.7868649009371865,0.3454796780140662,0.245,-0.191866601118602,0.9999,0.47147,Scale Resources,Scale Resources,Scale Resources,0.24509999999999998
random_1937,247.78239937208818,0.6738951054729815,0.8222566491521867,0.6024181806449036,0.20922066770401915,0.9784533737558676,0.245,-0.20592621046933268,1.0,0.4715,Scale Resources,Scale Resources,Scale Resources,0.245
random_1938,160.07377232374847,0.6710680991808755,0.6778410406778043,1.028058891199082,0.22844744548455698,0.14145742095417624,0.275,-0.20999193163945207,1.0,0.4925,Scale Resources,Scale Resources,Scale Resources,0.275
random_1939,243.50807245721558,0.510929536711377,0.7733667567747976,1.419666887904387,0.9120412788358667,0.9708605618876316,0.265,-0.204913214040654,1.0,0.4855,Scale Resources,Scale Resources,Scale Resources,0.265
random_1940,363.92566309977036,0.0765112488302534,0.40511830921710257,1.2176047396813658,0.5901950714499575,0.18144378583059817,0.325,-0.1747226901416956,0.9992125,0.5272637499999999,Migrate VM,Migrate VM,Migrate VM,0.3257875000000001
random_1941,291.4723647254357,0.3496805078814441,0.33892684484371594,1.6680140106024723,0.42193315866822,0.5273959540644526,0.28,-0.20744827760561746,1.0,0.496,Scale Resources,Scale Resources,Scale Resources,0.28
random_1942,281.4364305172394,0.5629967798516162,0.21312151378337207,1.1989067262980142,0.3346236089441196,0.6550202945961696,0.255,-0.204913214040654,1.0,0.4785,Scale Resources,Scale Resources,Scale Resources,0.255
random_1943,72.84879948286354,0.9941155946336695,0.7720432914533956,0.834502866968615,0.30135185086428296,0.3878020348178458,0.325,-0.20835924298948905,1.0,0.5275,Migrate VM,Migrate VM,Migrate VM,0.32499999999999996
random_1944,360.60413638693745,0.6554077995845652,0.7020925120005874,1.7779983909030785,0.4562952263104093,0.6695211484476647,0.285,-0.2064332229502308,1.0,0.49949999999999994,Scale Resources,Scale Resources,Scale Resources,0.2849999999999999
random_1945,220.75397747993415,0.6380980781198765,0.47482363696294716,1.5533272546757861,0.0052601232837330425,0.21571095578978183,0.28,-0.1953283019703106,0.999975,0.4959925,Scale Resources,Scale Resources,Scale Resources,0.2800250000000001
random_1946,148.21881258162227,0.9453945062511162,0.5070462129669179,0.7287037599962825,0.40431211561367186,0.4518222834325363,0.25,-0.20999193163945207,1.0,0.475,Scale Resources,Scale Resources,Scale Resources,0.25
random_1947,433.9151950569855,0.9623358656801378,0.8441646397402306,1.683313526837897,0.1990151109554612,0.26867807176225533,0.285,-0.2120330595628358,1.0,0.49949999999999994,Scale Resources,Scale Resources,Scale Resources,0.2849999999999999
random_1948,298.02459027904956,0.6561374134413109,0.2027053734460813,1.4925637454930347,0.19996355291958678,0.2630106465894142,0.275,-0.2064332229502308,1.0,0.4925,Scale Resources,Scale Resources,Scale Resources,0.275
random_1949,153.3977689908053,0.8459914164903171,0.7320838968708833,1.0613708714483627,0.8197492981348952,0.8129282473359235,0.28,-0.20744827760561746,1.0,0.496,Scale Resources,Scale Resources,Scale Resources,0.28
random_1950,194.9165479743617,0.7814372874874199,0.20624277200165753,1.0064576999110186,0.11824173038867036,0.426794485591258,0.28,-0.20795632024476685,1.0,0.496,Scale Resources,Scale Resources,Scale Resources,0.28
random_1951,260.1828848835953,0.07991835791607027,0.4626127617317499,1.303341085920266,0.6140882347447378,0.054353887891056996,0.305,-0.1771554482815254,0.999275,0.5132825,Migrate VM,Migrate VM,Migrate VM,0.305725
random_1952,47.66984295410054,0.35135624595514103,0.8426857229161057,1.739512106334725,0.309612869707926,0.7188920852414564,0.285,-0.204808248601562,1.0,0.49949999999999994,Scale Resources,Scale Resources,Scale Resources,0.2849999999999999
random_1953,288.69529617582157,0.9834222587594326,0.09464391228969171,1.0957614844805097,0.5925376488712538,0.3076685709511161,0.285,-0.19625409975519992,0.9999875,0.49949625,Scale Resources,Scale Resources,Scale Resources,0.2850124999999999
random_1954,23.47662374573539,0.052104535687826026,0.45361805420063817,1.3849475788878383,0.7001757858031274,0.18096984972182417,0.34,-0.1717302142682381,0.9991875,0.5377562499999999,Migrate VM,Migrate VM,Migrate VM,0.34081249999999996
random_1955,428.98607050289314,0.3771624259697449,0.9643679019724178,0.23631926885127363,0.8364546986354818,0.9083381532454478,0.235,-0.20779014228878534,1.0,0.46449999999999997,Scale Resources,Scale Resources,Scale Resources,0.235
random_1956,411.3377630718657,0.808841141199684,0.361310015404945,1.426686213441946,0.5793465660113004,0.4244791314312184,0.275,-0.21050169586244527,1.0,0.4925,Scale Resources,Scale Resources,Scale Resources,0.275
random_1957,496.5558480268399,0.2904547181451199,0.4131440221877841,1.8057220746762348,0.28900827909627413,0.15268114212853778,0.285,-0.20795632024476685,1.0,0.49949999999999994,Scale Resources,Scale Resources,Scale Resources,0.2849999999999999
random_1958,154.99987483474254,0.759311677101791,0.859854009702266,0.2288899752447222,0.6217126810748266,0.5672869055947429,0.235,-0.21152225959054594,1.0,0.46449999999999997,Scale Resources,Scale Resources,Scale Resources,0.235
random_1959,334.3988927566825,0.671056371126796,0.9594674702665283,0.6930584168534786,0.2997669217357788,0.5812252858218252,0.245,-0.20846470673492257,1.0,0.4715,Scale Resources,Scale Resources,Scale Resources,0.245
random_1960,214.70922961933087,0.4737542723125783,0.06927699350449279,0.29648435390718597,0.9353749365928619,0.06829145167012174,0.26,-0.1896166018192308,0.9997625,0.48192874999999996,Scale Resources,Scale Resources,Scale Resources,0.2602375
random_1961,295.0727963403104,0.7545750290178902,0.011863528440827498,0.44549629586676964,0.3770720308493868,0.5068174470686685,0.26,-0.1253982985764388,0.9941875,0.48025625,Scale Resources,Scale Resources,Scale Resources,0.2658125
random_1962,170.7976473778302,0.64899925814905,0.22639751725071267,0.050965872858038,0.0015710508182541494,0.3455120119496342,0.195,-0.19975084998430293,1.0,0.4365,Scale Resources,Scale Resources,Scale Resources,0.19500000000000006
random_1963,180.83139959712358,0.9486041173865439,0.0447807125202363,1.0601301202703621,0.5778133142638463,0.6992750118977196,0.305,-0.17846098315587366,0.99945,0.513335,Migrate VM,Migrate VM,Migrate VM,0.30555
random_1964,319.36730007033026,0.008139493723942848,0.6318576734090117,0.6447758793994642,0.7728689613478019,0.1883653861356991,0.46,-0.13466841912320038,0.99505,0.6205149999999999,Migrate VM,Migrate VM,Migrate VM,0.46495
random_1965,358.10282598858964,0.625495333689061,0.6522908853274749,0.3518953741751085,0.6691740013324623,0.7369784086419149,0.235,-0.2064332229502308,1.0,0.46449999999999997,Scale Resources,Scale Resources,Scale Resources,0.235
random_1966,244.7051306189028,0.3403656829875452,0.16655484928817588,0.5799210502214811,0.763828362452521,0.40940072454625576,0.245,-0.20272627141333488,1.0,0.4715,Scale Resources,Scale Resources,Scale Resources,0.245
random_1967,351.3566209966288,0.7400913249984867,0.6741702241242896,1.347076847365897,0.6108082043260515,0.5184219787137135,0.275,-0.20846470673492257,1.0,0.4925,Scale Resources,Scale Resources,Scale Resources,0.275
random_1968,98.90834343513488,0.8428033869218502,0.9642641724875953,0.9329681312003326,0.9332387558846558,0.9979945377232834,0.325,-0.19875982052468166,1.0,0.5275,Migrate VM,Migrate VM,Migrate VM,0.32499999999999996
random_1969,243.0979562929103,0.7243553737499681,0.6437903382505226,0.47452963200149445,0.04708944375431878,0.4533553111744568,0.245,-0.2054195409101196,1.0,0.4715,Scale Resources,Scale Resources,Scale Resources,0.245
random_1970,393.6024986981361,0.32513466268969693,0.7844387211931844,1.309603363925911,0.6955413518175873,0.28574088837739,0.275,-0.20999193163945207,1.0,0.4925,Scale Resources,Scale Resources,Scale Resources,0.275
random_1971,235.02369142152347,0.18170380002521713,0.2465805280797264,0.17970008618483035,0.12677340629620804,0.21051347929583653,0.22,-0.19585601564864952,0.9999875,0.45399625,Scale Resources,Scale Resources,Scale Resources,0.22001249999999994
random_1972,290.11710568791847,0.4412111195476398,0.26693951256556203,1.7222248937953781,0.5251476913419861,0.9231094736357937,0.285,-0.204913214040654,1.0,0.49949999999999994,Scale Resources,Scale Resources,Scale Resources,0.2849999999999999
random_1973,317.48248113878384,0.01578759652871664,0.9134756910156951,1.7149266713616527,0.6352712227808992,0.534773555730818,0.39,-0.14409064404091632,0.9988875,0.5726662499999999,Migrate VM,Migrate VM,Migrate VM,0.3911125
random_1974,226.46303665929253,0.4821748457668317,0.7692206408423498,1.0262832047173716,0.17602469870244064,0.05817756717299272,0.275,-0.20728221204533992,1.0,0.4925,Scale Resources,Scale Resources,Scale Resources,0.275
random_1975,63.09313814325623,0.25144110883738613,0.36773412143970663,1.7848320243504174,0.239087232199668,0.3195985580025348,0.285,-0.204808248601562,1.0,0.49949999999999994,Scale Resources,Scale Resources,Scale Resources,0.2849999999999999
random_1976,111.50726976338693,0.5457418187061334,0.6170866962944869,1.0642550637943213,0.9518566512169402,0.9953780176541243,0.33,-0.19875982052468166,1.0,0.5309999999999999,Migrate VM,Migrate VM,Migrate VM,0.33000000000000007
random_1977,418.69799490278166,0.8052961448903022,0.36605277674960857,1.1595670123239967,0.35147241894888515,0.7843558461737393,0.285,-0.20897343730880835,1.0,0.49949999999999994,Scale Resources,Scale Resources,Scale Resources,0.2849999999999999
random_1978,85.915569545918,0.21667171429464305,0.03869407087030885,1.2178793466759847,0.688538258788957,0.003362286231378797,0.3,-0.1686616952067529,0.9991875,0.50975625,Migrate VM,Migrate VM,Migrate VM,0.3008124999999999
random_1979,255.3928819971253,0.3768745384897739,0.7923807818187677,0.07778149199728679,0.048565688818078545,0.6202090987258799,0.23,-0.20121377909078908,1.0,0.46099999999999997,Scale Resources,Scale Resources,Scale Resources,0.22999999999999998
random_1980,295.81942728988196,0.8310900229980103,0.5922668891573611,1.8987416571830027,0.3143846422344221,0.3979214064048002,0.285,-0.20897343730880835,1.0,0.49949999999999994,Scale Resources,Scale Resources,Scale Resources,0.2849999999999999
random_1981,488.8373332514583,0.10752424337177813,0.7959048531962796,0.023137429320880587,0.4865132494033523,0.15340233736867448,0.285,-0.18582052042785224,0.999725,0.49941749999999996,Scale Resources,Scale Resources,Scale Resources,0.28527499999999995
random_1982,299.4308518640325,0.798169969707828,0.03304230235068728,0.3275454531834905,0.34261038116190246,0.25579896585567397,0.285,-0.1708326885893916,0.9991875,0.49925624999999996,Scale Resources,Scale Resources,Scale Resources,0.2858125
random_1983,191.60994490312754,0.9518682998174518,0.10120612744024049,0.8465642173315442,0.45709137160758284,0.2803420518291627,0.275,-0.19825799800692778,1.0,0.4925,Scale Resources,Scale Resources,Scale Resources,0.275
random_1984,139.25327884378487,0.7147521617493207,0.6178438426509827,1.6256640394663062,0.4050732224780522,0.606711026979673,0.275,-0.20795632024476685,1.0,0.4925,Scale Resources,Scale Resources,Scale Resources,0.275
random_1985,446.79407034129224,0.8513284717163855,0.9200233924999589,0.5379500450564498,0.9854211845321202,0.8163899154714166,0.25,-0.20897343730880835,1.0,0.475,Scale Resources,Scale Resources,Scale Resources,0.25
random_1986,397.4039030206516,0.6675786009586593,0.9832679733720654,0.8831264560929608,0.7415393047624107,0.6988112879885214,0.265,-0.20897343730880835,1.0,0.4855,Scale Resources,Scale Resources,Scale Resources,0.265
random_1987,366.0444532235328,0.7514648141692567,0.19075589112121338,0.6981029394048046,0.3922539958259049,0.7479998139799621,0.245,-0.204913214040654,1.0,0.4715,Scale Resources,Scale Resources,Scale Resources,0.245
random_1988,358.1239878596522,0.8333662052357192,0.7885191578903361,1.1920677587788215,0.1399484864874425,0.6354552592323651,0.26,-0.20592621046933268,1.0,0.482,Scale Resources,Scale Resources,Scale Resources,0.26
random_1989,443.52964181873955,0.6431743633897312,0.8956264285777417,1.9981060362737988,0.35920223302353294,0.723289694347851,0.285,-0.20948251219930525,1.0,0.49949999999999994,Scale Resources,Scale Resources,Scale Resources,0.2849999999999999
random_1990,269.97931630025266,0.45497180070816556,0.23986707869246116,0.49182919199186204,0.18497228675997102,0.6314835064989415,0.245,-0.20525392417297494,1.0,0.4715,Scale Resources,Scale Resources,Scale Resources,0.245
random_1991,71.02654832155153,0.43138646981705076,0.5233332392721941,0.8764689543779396,0.8549295134739165,0.4431693597938603,0.325,-0.20565539732190408,1.0,0.5275,Migrate VM,Migrate VM,Migrate VM,0.32499999999999996
random_1992,41.4160464821513,0.9921995411726473,0.8449835910602127,1.3200869708119995,0.7563236208086075,0.1281906997548441,0.275,-0.20683532868835153,1.0,0.4925,Scale Resources,Scale Resources,Scale Resources,0.275
random_1993,382.95739705158735,0.20774894171209513,0.48897612957397574,0.35596557864856715,0.7537849643321918,0.2459338805124469,0.225,-0.20677462534431512,1.0,0.4575,Scale Resources,Scale Resources,Scale Resources,0.22499999999999998
random_1994,126.60420924584636,0.10922234934029906,0.7206064569638717,0.5916892615617557,0.5182800132019674,0.33224355736703926,0.275,-0.1838502367777446,0.999725,0.4924175,Scale Resources,Scale Resources,Scale Resources,0.27527500000000005
random_1995,387.35062941111664,0.22648365649400126,0.9408345000463917,0.6426799497794153,0.10385162129075065,0.24030523281493243,0.235,-0.20626738195335337,1.0,0.46449999999999997,Scale Resources,Scale Resources,Scale Resources,0.235
random_1996,36.9704645335876,0.4687387309924248,0.25025122072346895,1.7720920888897527,0.5171286202201464,0.2333684487292863,0.285,-0.20658202497341338,1.0,0.49949999999999994,Scale Resources,Scale Resources,Scale Resources,0.2849999999999999
random_1997,225.63516495247072,0.1959942721404243,0.17872937592491844,0.601312940266888,0.10830146476894675,0.18864753691089065,0.235,-0.20071029681979813,1.0,0.46449999999999997,Scale Resources,Scale Resources,Scale Resources,0.235
random_1998,469.0234364977109,0.6668026346974619,0.9211026634572657,0.5136938829355675,0.8570133358009238,0.3622728068539839,0.25,-0.21152225959054594,1.0,0.475,Scale Resources,Scale Resources,Scale Resources,0.25
random_1999,72.09749056124282,0.8047071000041969,0.059650131862750144,0.8097056778699325,0.8193146685116435,0.6171849254465093,0.32,-0.1862131989474487,0.999725,0.5239175,Migrate VM,Migrate VM,Migrate VM,0.3202750000000001
